id,method,category,question,gold_answer,generated_answer,official_f1,judge_label
A-MEM/conv-26:0,A-MEM,2,When did Caroline go to the LGBTQ support group?,7 May 2023,"Yesterday (relative to Session 1 on May 8, 2023).",0.3333333333333333,CORRECT
SimpleMem/conv-26:0,SimpleMem,2,When did Caroline go to the LGBTQ support group?,7 May 2023,"May 8, 2023",0.6666666666666666,WRONG
LightMem_official/conv-26:0,LightMem_official,2,When did Caroline go to the LGBTQ support group?,7 May 2023,08 May 2023,0.6666666666666666,WRONG
Naive/conv-26:1,Naive,2,When did Melanie paint a sunrise?,2022,last year,0.0,CORRECT
A-MEM/conv-26:1,A-MEM,2,When did Melanie paint a sunrise?,2022,Last year.,0.0,CORRECT
LangMem/conv-26:1,LangMem,2,When did Melanie paint a sunrise?,2022,Last year,0.0,CORRECT
LightMem_official/conv-26:1,LightMem_official,2,When did Melanie paint a sunrise?,2022,Last year (before May 2023),0.0,CORRECT
HiGMem/conv-26:1,HiGMem,2,When did Melanie paint a sunrise?,2022,last year,0.0,CORRECT
Naive/conv-26:2,Naive,3,What fields would Caroline be likely to pursue in her educaton?,"Psychology, counseling certification",counseling or working in mental health,0.2222222222222222,CORRECT
Mem0/conv-26:2,Mem0,3,What fields would Caroline be likely to pursue in her educaton?,"Psychology, counseling certification",Counseling and mental health,0.3333333333333333,CORRECT
A-MEM/conv-26:2,A-MEM,3,What fields would Caroline be likely to pursue in her educaton?,"Psychology, counseling certification",Counseling and mental health.,0.3333333333333333,CORRECT
LangMem/conv-26:2,LangMem,3,What fields would Caroline be likely to pursue in her educaton?,"Psychology, counseling certification",Counseling and mental health,0.3333333333333333,CORRECT
SimpleMem/conv-26:2,SimpleMem,3,What fields would Caroline be likely to pursue in her educaton?,"Psychology, counseling certification",Art and counseling,0.4,CORRECT
LightMem_official/conv-26:2,LightMem_official,3,What fields would Caroline be likely to pursue in her educaton?,"Psychology, counseling certification","Counseling, mental health, and art.",0.28571428571428575,CORRECT
HiGMem/conv-26:2,HiGMem,3,What fields would Caroline be likely to pursue in her educaton?,"Psychology, counseling certification",counseling and mental health,0.3333333333333333,CORRECT
E-Mem/conv-26:2,E-Mem,3,What fields would Caroline be likely to pursue in her educaton?,"Psychology, counseling certification","Counseling and mental health, specifically working with trans people.",0.18181818181818182,CORRECT
s_parent_single_2000/conv-26:2,s_parent_single_2000,3,What fields would Caroline be likely to pursue in her educaton?,"Psychology, counseling certification","counseling, mental health",0.3333333333333333,CORRECT
A-MEM/conv-26:4,A-MEM,1,What is Caroline's identity?,Transgender woman,"Caroline is a woman who values freedom, authenticity, and embracing her womanhood.",0.25,CORRECT
LightMem_official/conv-26:4,LightMem_official,1,What is Caroline's identity?,Transgender woman,Caroline is a trans woman.,0.3333333333333333,CORRECT
s_parent_single_2000/conv-26:4,s_parent_single_2000,1,What is Caroline's identity?,Transgender woman,Trans,0.0,CORRECT
LightMem_official/conv-26:5,LightMem_official,2,When did Melanie run a charity race?,The sunday before 25 May 2023,25 May 2023 (last Saturday),0.6,WRONG
Naive/conv-26:6,Naive,2,When is Melanie planning on going camping?,June 2023,next month,0.0,CORRECT
Mem0/conv-26:6,Mem0,2,When is Melanie planning on going camping?,June 2023,Next month,0.0,CORRECT
A-MEM/conv-26:6,A-MEM,2,When is Melanie planning on going camping?,June 2023,"Next month (after May 25, 2023).",0.25,CORRECT
LangMem/conv-26:6,LangMem,2,When is Melanie planning on going camping?,June 2023,Next month,0.0,CORRECT
SimpleMem/conv-26:6,SimpleMem,2,When is Melanie planning on going camping?,June 2023,Next month,0.0,CORRECT
HiGMem/conv-26:6,HiGMem,2,When is Melanie planning on going camping?,June 2023,next month,0.0,CORRECT
s_parent_single_2000/conv-26:6,s_parent_single_2000,2,When is Melanie planning on going camping?,June 2023,next month,0.0,CORRECT
LangMem/conv-26:7,LangMem,1,What is Caroline's relationship status?,Single,Unmarried,0.0,CORRECT
LightMem_official/conv-26:7,LightMem_official,1,What is Caroline's relationship status?,Single,Single and focused on adoption.,0.4,CORRECT
Naive/conv-26:8,Naive,2,When did Caroline give a speech at a school?,The week before 9 June 2023,last week,0.28571428571428575,CORRECT
Mem0/conv-26:8,Mem0,2,When did Caroline give a speech at a school?,The week before 9 June 2023,Last week,0.28571428571428575,CORRECT
E-Mem/conv-26:8,E-Mem,2,When did Caroline give a speech at a school?,The week before 9 June 2023,"Between June 2 and June 8, 2023.",0.3636363636363636,CORRECT
s_parent_single_2000/conv-26:8,s_parent_single_2000,2,When did Caroline give a speech at a school?,The week before 9 June 2023,29 May 2023 to 4 June 2023,0.3333333333333333,CORRECT
Naive/conv-26:9,Naive,2,"When did Caroline meet up with her friends, family, and mentors?",The week before 9 June 2023,last week,0.28571428571428575,CORRECT
Mem0/conv-26:9,Mem0,2,"When did Caroline meet up with her friends, family, and mentors?",The week before 9 June 2023,Last week,0.28571428571428575,CORRECT
SimpleMem/conv-26:9,SimpleMem,2,"When did Caroline meet up with her friends, family, and mentors?",The week before 9 June 2023,Last week,0.28571428571428575,CORRECT
HiGMem/conv-26:9,HiGMem,2,"When did Caroline meet up with her friends, family, and mentors?",The week before 9 June 2023,last week,0.28571428571428575,CORRECT
s_parent_single_2000/conv-26:9,s_parent_single_2000,2,"When did Caroline meet up with her friends, family, and mentors?",The week before 9 June 2023,29 May 2023 to 4 June 2023,0.3333333333333333,CORRECT
LightMem_official/conv-26:10,LightMem_official,2,How long has Caroline had her current group of friends for?,4 years,Four years since she moved.,0.28571428571428575,CORRECT
Mem0/conv-26:12,Mem0,2,How long ago was Caroline's 18th birthday?,10 years ago,4 years ago,0.6666666666666666,WRONG
s_parent_single_2000/conv-26:12,s_parent_single_2000,2,How long ago was Caroline's 18th birthday?,10 years ago,approximately 2013,0.0,CORRECT
Naive/conv-26:13,Naive,1,What career path has Caroline decided to persue?,counseling or mental health for Transgender people,counseling,0.25,CORRECT
LangMem/conv-26:13,LangMem,1,What career path has Caroline decided to persue?,counseling or mental health for Transgender people,Counseling,0.25,CORRECT
Mem0/conv-26:14,Mem0,3,Would Caroline still want to pursue counseling as a career if she hadn't received support growing up?,Likely no,Probably not.,0.0,CORRECT
LightMem_official/conv-26:14,LightMem_official,3,Would Caroline still want to pursue counseling as a career if she hadn't received support growing up?,Likely no,"No, she credits support for her path.",0.22222222222222224,CORRECT
HiGMem/conv-26:15,HiGMem,1,What activities does Melanie partake in?,"pottery, camping, painting, swimming",pottery,0.25,CORRECT
Naive/conv-26:16,Naive,2,When did Melanie sign up for a pottery class?,2 July 2023,3 July 2023,0.6666666666666666,WRONG
A-MEM/conv-26:16,A-MEM,2,When did Melanie sign up for a pottery class?,2 July 2023,"Yesterday (relative to the conversation on July 3, 2023).",0.36363636363636365,CORRECT
LangMem/conv-26:16,LangMem,2,When did Melanie sign up for a pottery class?,2 July 2023,3 July 2023,0.6666666666666666,WRONG
Naive/conv-26:18,Naive,1,Where has Melanie camped?,"beach, mountains, forest",the mountains,0.3333333333333333,CORRECT
A-MEM/conv-26:18,A-MEM,1,Where has Melanie camped?,"beach, mountains, forest",In the mountains,0.2222222222222222,CORRECT
SimpleMem/conv-26:18,SimpleMem,1,Where has Melanie camped?,"beach, mountains, forest",In the forest.,0.2222222222222222,CORRECT
LightMem_official/conv-26:18,LightMem_official,1,Where has Melanie camped?,"beach, mountains, forest",In the mountains and a forest.,0.3333333333333333,CORRECT
E-Mem/conv-26:18,E-Mem,1,Where has Melanie camped?,"beach, mountains, forest",In the mountains and at the beach.,0.26666666666666666,CORRECT
A-MEM/conv-26:19,A-MEM,1,What do Melanie's kids like?,"dinosaurs, nature",They love nature.,0.25,CORRECT
LangMem/conv-26:19,LangMem,1,What do Melanie's kids like?,"dinosaurs, nature",They like exploring and playing outdoors.,0.0,CORRECT
SimpleMem/conv-26:19,SimpleMem,1,What do Melanie's kids like?,"dinosaurs, nature","They enjoy the Grand Canyon, dinosaur exhibits, pottery workshops, camping, and making clay sculptures.",0.3333333333333333,CORRECT
LightMem_official/conv-26:19,LightMem_official,1,What do Melanie's kids like?,"dinosaurs, nature",They love nature and making clay.,0.16666666666666669,CORRECT
Naive/conv-26:20,Naive,2,When did Melanie go to the museum?,5 July 2023,6 July 2023,0.6666666666666666,WRONG
SimpleMem/conv-26:20,SimpleMem,2,When did Melanie go to the museum?,5 July 2023,"July 6, 2023",0.6666666666666666,WRONG
LightMem_official/conv-26:20,LightMem_official,2,When did Melanie go to the museum?,5 July 2023,06 July 2023,0.6666666666666666,WRONG
Naive/conv-26:21,Naive,2,When did Caroline have a picnic?,The week before 6 July 2023,last week,0.28571428571428575,CORRECT
Mem0/conv-26:21,Mem0,2,When did Caroline have a picnic?,The week before 6 July 2023,Last week,0.28571428571428575,CORRECT
HiGMem/conv-26:21,HiGMem,2,When did Caroline have a picnic?,The week before 6 July 2023,last week,0.28571428571428575,CORRECT
s_parent_single_2000/conv-26:21,s_parent_single_2000,2,When did Caroline have a picnic?,The week before 6 July 2023,26 June 2023 to 2 July 2023,0.3333333333333333,CORRECT
Mem0/conv-26:22,Mem0,3,Would Caroline likely have Dr. Seuss books on her bookshelf?,"Yes, since she collects classic children's books",Yes,0.25,CORRECT
A-MEM/conv-26:22,A-MEM,3,Would Caroline likely have Dr. Seuss books on her bookshelf?,"Yes, since she collects classic children's books",Yes,0.25,CORRECT
LangMem/conv-26:22,LangMem,3,Would Caroline likely have Dr. Seuss books on her bookshelf?,"Yes, since she collects classic children's books",Yes,0.25,CORRECT
HiGMem/conv-26:22,HiGMem,3,Would Caroline likely have Dr. Seuss books on her bookshelf?,"Yes, since she collects classic children's books",kids' books,0.22222222222222224,CORRECT
E-Mem/conv-26:22,E-Mem,3,Would Caroline likely have Dr. Seuss books on her bookshelf?,"Yes, since she collects classic children's books","Yes, Caroline likely has Dr. Seuss books on her bookshelf.",0.23529411764705882,CORRECT
Mem0/conv-26:24,Mem0,1,What does Melanie do to destress?,"Running, pottery",She runs.,0.3333333333333333,CORRECT
LightMem_official/conv-26:24,LightMem_official,1,What does Melanie do to destress?,"Running, pottery",She runs farther to de-stress.,0.16666666666666669,CORRECT
Naive/conv-26:25,Naive,2,When did Caroline go to the LGBTQ conference?,10 July 2023,12 July 2023,0.6666666666666666,WRONG
LangMem/conv-26:25,LangMem,2,When did Caroline go to the LGBTQ conference?,10 July 2023,12 July 2023,0.6666666666666666,WRONG
SimpleMem/conv-26:25,SimpleMem,2,When did Caroline go to the LGBTQ conference?,10 July 2023,"July 12, 2023",0.6666666666666666,WRONG
LightMem_official/conv-26:25,LightMem_official,2,When did Caroline go to the LGBTQ conference?,10 July 2023,12 July 2023,0.6666666666666666,WRONG
Mem0/conv-26:27,Mem0,3,Would Caroline pursue writing as a career option?,"LIkely no; though she likes reading, she wants to be a counselor","No, she is considering counseling and mental health.",0.22222222222222224,CORRECT
A-MEM/conv-26:27,A-MEM,3,Would Caroline pursue writing as a career option?,"LIkely no; though she likes reading, she wants to be a counselor","No, Caroline is interested in counseling and mental health.",0.2,CORRECT
LangMem/conv-26:27,LangMem,3,Would Caroline pursue writing as a career option?,"LIkely no; though she likes reading, she wants to be a counselor",No evidence suggests Caroline pursues writing as a career.,0.2,CORRECT
SimpleMem/conv-26:27,SimpleMem,3,Would Caroline pursue writing as a career option?,"LIkely no; though she likes reading, she wants to be a counselor","No, she plans to pursue counseling.",0.25,CORRECT
LightMem_official/conv-26:27,LightMem_official,3,Would Caroline pursue writing as a career option?,"LIkely no; though she likes reading, she wants to be a counselor","No, she is pursuing counseling and art.",0.25,CORRECT
LangMem/conv-26:28,LangMem,2,When did Caroline go to the adoption meeting?,The friday before 15 July 2023,15 July 2023,0.7499999999999999,WRONG
LightMem_official/conv-26:28,LightMem_official,2,When did Caroline go to the adoption meeting?,The friday before 15 July 2023,15 July 2023,0.7499999999999999,WRONG
s_parent_single_2000/conv-26:28,s_parent_single_2000,2,When did Caroline go to the adoption meeting?,The friday before 15 July 2023,15 July 2023,0.7499999999999999,WRONG
Mem0/conv-26:30,Mem0,3,Would Melanie be considered a member of the LGBTQ community?,"Likely no, she does not refer to herself as part of it",No,0.15384615384615385,CORRECT
A-MEM/conv-26:30,A-MEM,3,Would Melanie be considered a member of the LGBTQ community?,"Likely no, she does not refer to herself as part of it","No, Melanie is not identified as a member of the LGBTQ community; she is portrayed as a supportive friend and ally to Caroline.",0.3870967741935484,CORRECT
LangMem/conv-26:30,LangMem,3,Would Melanie be considered a member of the LGBTQ community?,"Likely no, she does not refer to herself as part of it",No,0.15384615384615385,CORRECT
LightMem_official/conv-26:30,LightMem_official,3,Would Melanie be considered a member of the LGBTQ community?,"Likely no, she does not refer to herself as part of it","No, Melanie is an ally/supporter.",0.125,CORRECT
A-MEM/conv-26:31,A-MEM,2,When did Melanie go camping in June?,The week before 27 June 2023,"June 27, 2023",0.7499999999999999,WRONG
SimpleMem/conv-26:31,SimpleMem,2,When did Melanie go camping in June?,The week before 27 June 2023,Last week,0.28571428571428575,CORRECT
LightMem_official/conv-26:31,LightMem_official,2,When did Melanie go camping in June?,The week before 27 June 2023,27 June 2023,0.7499999999999999,WRONG
LightMem_official/conv-26:32,LightMem_official,1,What LGBTQ+ events has Caroline participated in?,"Pride parade, school speech, support group","LGBTQ conferences, parades, workshops, and art shows.",0.2222222222222222,CORRECT
Naive/conv-26:33,Naive,2,When did Caroline go to a pride parade during the summer?,The week before 3 July 2023,3 July 2023,0.7499999999999999,WRONG
LangMem/conv-26:33,LangMem,2,When did Caroline go to a pride parade during the summer?,The week before 3 July 2023,June 2023,0.28571428571428575,CORRECT
Naive/conv-26:34,Naive,1,What events has Caroline participated in to help children?,"Mentoring program, school speech",LGBTQ youth mentorship program,0.16666666666666666,CORRECT
A-MEM/conv-26:34,A-MEM,1,What events has Caroline participated in to help children?,"Mentoring program, school speech","Taking in kids in need, volunteering with children in nature, and organizing a talent show for kids.",0.0,CORRECT
LangMem/conv-26:34,LangMem,1,What events has Caroline participated in to help children?,"Mentoring program, school speech",Organizing a talent show and mentoring youth.,0.14285714285714288,CORRECT
LightMem_official/conv-26:34,LightMem_official,1,What events has Caroline participated in to help children?,"Mentoring program, school speech","Volunteering, mentoring, and talent show.",0.3333333333333333,CORRECT
Naive/conv-26:35,Naive,2,When did Melanie go camping in July?,two weekends before 17 July 2023,15 July 2023,0.4444444444444444,CORRECT
SimpleMem/conv-26:35,SimpleMem,2,When did Melanie go camping in July?,two weekends before 17 July 2023,"July 15, 2023",0.4444444444444444,CORRECT
E-Mem/conv-26:35,E-Mem,2,When did Melanie go camping in July?,two weekends before 17 July 2023,Early-to-mid July 2023,0.4444444444444444,CORRECT
Naive/conv-26:36,Naive,2,When did Caroline join a mentorship program?,The weekend before 17 July 2023,Last weekend,0.28571428571428575,CORRECT
Mem0/conv-26:36,Mem0,2,When did Caroline join a mentorship program?,The weekend before 17 July 2023,Last weekend,0.28571428571428575,CORRECT
A-MEM/conv-26:36,A-MEM,2,When did Caroline join a mentorship program?,The weekend before 17 July 2023,Last weekend,0.28571428571428575,CORRECT
LangMem/conv-26:36,LangMem,2,When did Caroline join a mentorship program?,The weekend before 17 July 2023,July 2023,0.5714285714285715,WRONG
SimpleMem/conv-26:36,SimpleMem,2,When did Caroline join a mentorship program?,The weekend before 17 July 2023,Last weekend,0.28571428571428575,CORRECT
HiGMem/conv-26:36,HiGMem,2,When did Caroline join a mentorship program?,The weekend before 17 July 2023,Last weekend,0.28571428571428575,CORRECT
Mem0/conv-26:37,Mem0,1,What did Melanie paint recently?,sunset,A sunset with a palm tree,0.4,CORRECT
LightMem_official/conv-26:37,LightMem_official,1,What did Melanie paint recently?,sunset,A sunset with a pink sky,0.4,CORRECT
E-Mem/conv-26:37,E-Mem,1,What did Melanie paint recently?,sunset,"A horse, a sunflower, a sunset with a pink sky, and an abstract painting.",0.4,CORRECT
s_parent_single_2000/conv-26:37,s_parent_single_2000,1,What did Melanie paint recently?,sunset,a sunset-inspired painting with a pink sky,0.0,CORRECT
Mem0/conv-26:38,Mem0,1,What activities has Melanie done with her family?,"Pottery, painting, camping, museum, swimming, hiking","Camping, museum visits, volunteering, beach trips, and park outings.",0.27777777777777773,CORRECT
A-MEM/conv-26:38,A-MEM,1,What activities has Melanie done with her family?,"Pottery, painting, camping, museum, swimming, hiking","Camping, hiking, roasting marshmallows, playing games, and eating food.",0.3333333333333333,CORRECT
s_parent_single_2000/conv-26:38,s_parent_single_2000,1,What activities has Melanie done with her family?,"Pottery, painting, camping, museum, swimming, hiking","hiking in the mountains, exploring forests, camping trips, pottery",0.3611111111111111,CORRECT
Naive/conv-26:39,Naive,1,In what ways is Caroline participating in the LGBTQ community?,"Joining activist group, going to pride parades, participating in an art show, mentoring program","attending support groups, speaking at school events, researching adoption agencies for LGBTQ+ folks, attending LGBTQ+ counseling workshops, attending pride parades, attending transgender conferences",0.22619047619047622,CORRECT
Mem0/conv-26:39,Mem0,1,In what ways is Caroline participating in the LGBTQ community?,"Joining activist group, going to pride parades, participating in an art show, mentoring program","Through art, volunteering, mentoring, and activism.",0.25,CORRECT
A-MEM/conv-26:39,A-MEM,1,In what ways is Caroline participating in the LGBTQ community?,"Joining activist group, going to pride parades, participating in an art show, mentoring program","She attends LGBTQ support groups, pride parades, and conferences; joins the ""Connected LGBTQ Activists"" group to advocate for rights; and spreads awareness through events and campaigns.",0.25,CORRECT
LangMem/conv-26:39,LangMem,1,In what ways is Caroline participating in the LGBTQ community?,"Joining activist group, going to pride parades, participating in an art show, mentoring program","Through attending pride events, volunteering at a youth center, and advocating for trans rights.",0.0625,CORRECT
SimpleMem/conv-26:39,SimpleMem,1,In what ways is Caroline participating in the LGBTQ community?,"Joining activist group, going to pride parades, participating in an art show, mentoring program","Attending conferences, joining activist groups, participating in pride events, and supporting LGBTQ adoption.",0.4375,CORRECT
LightMem_official/conv-26:39,LightMem_official,1,In what ways is Caroline participating in the LGBTQ community?,"Joining activist group, going to pride parades, participating in an art show, mentoring program","Volunteering, mentoring, and creating art.",0.25,CORRECT
HiGMem/conv-26:39,HiGMem,1,In what ways is Caroline participating in the LGBTQ community?,"Joining activist group, going to pride parades, participating in an art show, mentoring program","volunteering at an LGBTQ+ youth center, mentoring a transgender teen, participating in an LGBTQ activist group, giving talks about her transgender journey, and creating art to express her trans experience",0.38156565656565655,CORRECT
E-Mem/conv-26:39,E-Mem,1,In what ways is Caroline participating in the LGBTQ community?,"Joining activist group, going to pride parades, participating in an art show, mentoring program","By attending support groups, mentoring youth, volunteering, joining activist groups, and creating art.",0.4583333333333333,CORRECT
s_parent_single_2000/conv-26:39,s_parent_single_2000,1,In what ways is Caroline participating in the LGBTQ community?,"Joining activist group, going to pride parades, participating in an art show, mentoring program","joined a new LGBTQ activist group, attended an LGBTQ conference, uses her art to speak up for the LGBTQ+ community, and is having an LGBTQ art show",0.33707264957264954,CORRECT
Naive/conv-26:41,Naive,2,When did Caroline join a new activist group?,The Tuesday before 20 July 2023,20 July 2023,0.7499999999999999,WRONG
Mem0/conv-26:41,Mem0,2,When did Caroline join a new activist group?,The Tuesday before 20 July 2023,Last Tuesday,0.28571428571428575,CORRECT
HiGMem/conv-26:41,HiGMem,2,When did Caroline join a new activist group?,The Tuesday before 20 July 2023,last Tues,0.0,CORRECT
SimpleMem/conv-26:45,SimpleMem,2,When did Caroline attend a pride parade in August?,The Friday before 14 August 2023,Last Friday,0.28571428571428575,CORRECT
Mem0/conv-26:46,Mem0,3,Would Melanie be considered an ally to the transgender community?,"Yes, she is supportive",Yes,0.4,CORRECT
A-MEM/conv-26:46,A-MEM,3,Would Melanie be considered an ally to the transgender community?,"Yes, she is supportive",Yes,0.4,CORRECT
LangMem/conv-26:46,LangMem,3,Would Melanie be considered an ally to the transgender community?,"Yes, she is supportive",Yes,0.4,CORRECT
SimpleMem/conv-26:46,SimpleMem,3,Would Melanie be considered an ally to the transgender community?,"Yes, she is supportive",Yes,0.4,CORRECT
HiGMem/conv-26:46,HiGMem,3,Would Melanie be considered an ally to the transgender community?,"Yes, she is supportive",I'm super proud of you for being your true self.,0.0,CORRECT
E-Mem/conv-26:46,E-Mem,3,Would Melanie be considered an ally to the transgender community?,"Yes, she is supportive","Yes, Melanie is considered an ally to the transgender community.",0.3333333333333333,CORRECT
LangMem/conv-26:47,LangMem,1,Who supports Caroline when she has a negative experience?,"Her mentors, family, and friends","Her supportive, accepting people.",0.16666666666666666,CORRECT
HiGMem/conv-26:47,HiGMem,1,Who supports Caroline when she has a negative experience?,"Her mentors, family, and friends","friends, family and people I looked up to",0.42857142857142855,CORRECT
A-MEM/conv-26:48,A-MEM,1,What types of pottery have Melanie and her kids made?,"bowls, cup","Pots, clay sculptures, and a cup with a dog face.",0.2,CORRECT
SimpleMem/conv-26:48,SimpleMem,1,What types of pottery have Melanie and her kids made?,"bowls, cup",Clay sculptures and bowls,0.25,CORRECT
LightMem_official/conv-26:48,LightMem_official,1,What types of pottery have Melanie and her kids made?,"bowls, cup",Melanie made a bowl; kids made pots.,0.14285714285714285,CORRECT
HiGMem/conv-26:48,HiGMem,1,What types of pottery have Melanie and her kids made?,"bowls, cup",pots and a cup with a dog face,0.16666666666666669,CORRECT
E-Mem/conv-26:48,E-Mem,1,What types of pottery have Melanie and her kids made?,"bowls, cup",pots and a cup with a dog face on it,0.125,CORRECT
s_parent_single_2000/conv-26:48,s_parent_single_2000,1,What types of pottery have Melanie and her kids made?,"bowls, cup","pots, a cup with a dog face on it",0.14285714285714285,CORRECT
Mem0/conv-26:49,Mem0,2,When did Caroline and Melanie go to a pride fesetival together?,2022,Last year,0.0,CORRECT
A-MEM/conv-26:49,A-MEM,2,When did Caroline and Melanie go to a pride fesetival together?,2022,Last year,0.0,CORRECT
HiGMem/conv-26:49,HiGMem,2,When did Caroline and Melanie go to a pride fesetival together?,2022,last year,0.0,CORRECT
E-Mem/conv-26:49,E-Mem,2,When did Caroline and Melanie go to a pride fesetival together?,2022,Last year.,0.0,CORRECT
Naive/conv-26:50,Naive,3,What would Caroline's political leaning likely be?,Liberal,Progressive,0.0,CORRECT
Mem0/conv-26:50,Mem0,3,What would Caroline's political leaning likely be?,Liberal,Progressive,0.0,CORRECT
A-MEM/conv-26:50,A-MEM,3,What would Caroline's political leaning likely be?,Liberal,Progressive,0.0,CORRECT
LangMem/conv-26:50,LangMem,3,What would Caroline's political leaning likely be?,Liberal,Progressive,0.0,CORRECT
SimpleMem/conv-26:50,SimpleMem,3,What would Caroline's political leaning likely be?,Liberal,Progressive,0.0,CORRECT
LightMem_official/conv-26:50,LightMem_official,3,What would Caroline's political leaning likely be?,Liberal,Liberal or progressive leaning.,0.4,CORRECT
HiGMem/conv-26:50,HiGMem,3,What would Caroline's political leaning likely be?,Liberal,keep standing up for equality,0.0,CORRECT
E-Mem/conv-26:50,E-Mem,3,What would Caroline's political leaning likely be?,Liberal,Progressive,0.0,CORRECT
s_parent_single_2000/conv-26:50,s_parent_single_2000,3,What would Caroline's political leaning likely be?,Liberal,Progressive,0.0,CORRECT
Naive/conv-26:51,Naive,1,What has Melanie painted?,"Horse, sunset, sunrise",a painting of a sunset over a lake,0.11111111111111112,CORRECT
Mem0/conv-26:51,Mem0,1,What has Melanie painted?,"Horse, sunset, sunrise",A sunset with a palm tree,0.13333333333333333,CORRECT
A-MEM/conv-26:51,A-MEM,1,What has Melanie painted?,"Horse, sunset, sunrise",A lake sunrise,0.2222222222222222,CORRECT
LangMem/conv-26:51,LangMem,1,What has Melanie painted?,"Horse, sunset, sunrise","Landscapes, still life, a horse, a sunset-over-lake, and a sunflower.",0.3333333333333333,CORRECT
SimpleMem/conv-26:51,SimpleMem,1,What has Melanie painted?,"Horse, sunset, sunrise","Landscapes, still life, purple flowers, a sunset over a lake, and a group of bowls with a starfish.",0.16666666666666666,CORRECT
LightMem_official/conv-26:51,LightMem_official,1,What has Melanie painted?,"Horse, sunset, sunrise",Melanie painted a sunset over a lake.,0.11111111111111112,CORRECT
s_parent_single_2000/conv-26:51,s_parent_single_2000,1,What has Melanie painted?,"Horse, sunset, sunrise","lake sunrise, sunset over a lake, sunset with a palm tree, abstract painting with a blue background, sunset-inspired painting with a pink sky",0.38888888888888884,CORRECT
Naive/conv-26:52,Naive,1,What are Melanie's pets' names?,"Oliver, Luna, Bailey",Luna and Oliver,0.4444444444444444,CORRECT
Mem0/conv-26:52,Mem0,1,What are Melanie's pets' names?,"Oliver, Luna, Bailey","Bailey, Oliver, and Oscar.",0.6666666666666666,WRONG
SimpleMem/conv-26:52,SimpleMem,1,What are Melanie's pets' names?,"Oliver, Luna, Bailey",Luna and Oliver,0.4444444444444444,CORRECT
HiGMem/conv-26:52,HiGMem,1,What are Melanie's pets' names?,"Oliver, Luna, Bailey",Luna and Oliver,0.4444444444444444,CORRECT
Naive/conv-26:54,Naive,2,When did Caroline draw a self-portrait?,The week before 23 August 2023,last week,0.28571428571428575,CORRECT
Mem0/conv-26:54,Mem0,2,When did Caroline draw a self-portrait?,The week before 23 August 2023,Last week,0.28571428571428575,CORRECT
A-MEM/conv-26:54,A-MEM,2,When did Caroline draw a self-portrait?,The week before 23 August 2023,Last week,0.28571428571428575,CORRECT
HiGMem/conv-26:54,HiGMem,2,When did Caroline draw a self-portrait?,The week before 23 August 2023,last week,0.28571428571428575,CORRECT
Mem0/conv-26:56,Mem0,1,What symbols are important to Caroline?,"Rainbow flag, transgender symbol",Eagle and rainbow flag,0.4,CORRECT
Mem0/conv-26:57,Mem0,2,When did Caroline encounter people on a hike and have a negative experience?,The week before 25 August 2023,Last week,0.28571428571428575,CORRECT
HiGMem/conv-26:57,HiGMem,2,When did Caroline encounter people on a hike and have a negative experience?,The week before 25 August 2023,last week,0.28571428571428575,CORRECT
Naive/conv-26:58,Naive,2,When did Melanie make a plate in pottery class?,24 August 2023,25 August 2023,0.6666666666666666,WRONG
LightMem_official/conv-26:58,LightMem_official,2,When did Melanie make a plate in pottery class?,24 August 2023,25 August 2023,0.6666666666666666,WRONG
HiGMem/conv-26:58,HiGMem,2,When did Melanie make a plate in pottery class?,24 August 2023,"25 August, 2023",0.6666666666666666,WRONG
Naive/conv-26:62,Naive,2,When did Melanie go to the park?,27 August 2023,28 August 2023,0.6666666666666666,WRONG
LangMem/conv-26:62,LangMem,2,When did Melanie go to the park?,27 August 2023,28 August 2023,0.6666666666666666,WRONG
LightMem_official/conv-26:62,LightMem_official,2,When did Melanie go to the park?,27 August 2023,28 August 2023,0.6666666666666666,WRONG
Naive/conv-26:63,Naive,2,When is Caroline's youth center putting on a talent show?,September 2023,next month,0.0,CORRECT
Mem0/conv-26:63,Mem0,2,When is Caroline's youth center putting on a talent show?,September 2023,Next month,0.0,CORRECT
A-MEM/conv-26:63,A-MEM,2,When is Caroline's youth center putting on a talent show?,September 2023,Next month.,0.0,CORRECT
LangMem/conv-26:63,LangMem,2,When is Caroline's youth center putting on a talent show?,September 2023,Next month,0.0,CORRECT
SimpleMem/conv-26:63,SimpleMem,2,When is Caroline's youth center putting on a talent show?,September 2023,Next month.,0.0,CORRECT
LightMem_official/conv-26:63,LightMem_official,2,When is Caroline's youth center putting on a talent show?,September 2023,"Next month after August 28, 2023.",0.25,CORRECT
HiGMem/conv-26:63,HiGMem,2,When is Caroline's youth center putting on a talent show?,September 2023,next month,0.0,CORRECT
E-Mem/conv-26:63,E-Mem,2,When is Caroline's youth center putting on a talent show?,September 2023,Next month (relative to August 2023).,0.25,CORRECT
s_parent_single_2000/conv-26:63,s_parent_single_2000,2,When is Caroline's youth center putting on a talent show?,September 2023,next month,0.0,CORRECT
LightMem_official/conv-26:64,LightMem_official,3,"Would Melanie likely enjoy the song ""The Four Seasons"" by Vivaldi?",Yes; it's classical music,"Yes, she loves classical music like Vivaldi.",0.25,CORRECT
HiGMem/conv-26:64,HiGMem,3,"Would Melanie likely enjoy the song ""The Four Seasons"" by Vivaldi?",Yes; it's classical music,classical like Bach and Mozart,0.0,CORRECT
E-Mem/conv-26:64,E-Mem,3,"Would Melanie likely enjoy the song ""The Four Seasons"" by Vivaldi?",Yes; it's classical music,"Yes, because she likes classical music like Bach and Mozart.",0.19999999999999998,CORRECT
Naive/conv-26:65,Naive,1,What are some changes Caroline has faced during her transition journey?,"Changes to her body, losing unsupportive friends","Some close friends stopped supporting her, and a few weren't able to handle it.",0.2111111111111111,CORRECT
Mem0/conv-26:65,Mem0,1,What are some changes Caroline has faced during her transition journey?,"Changes to her body, losing unsupportive friends","Self-acceptance, finding community, and exploring her changing body through art.",0.3,CORRECT
SimpleMem/conv-26:65,SimpleMem,1,What are some changes Caroline has faced during her transition journey?,"Changes to her body, losing unsupportive friends","Changes in relationships, self-expression, and career/education plans.",0.14285714285714288,CORRECT
LightMem_official/conv-26:65,LightMem_official,1,What are some changes Caroline has faced during her transition journey?,"Changes to her body, losing unsupportive friends",Relationships and self-acceptance changed.,0.14285714285714288,CORRECT
E-Mem/conv-26:65,E-Mem,1,What are some changes Caroline has faced during her transition journey?,"Changes to her body, losing unsupportive friends","Breakup, relocation, loss of friends, and a long struggle with self-acceptance.",0.16666666666666666,CORRECT
s_parent_single_2000/conv-26:65,s_parent_single_2000,1,What are some changes Caroline has faced during her transition journey?,"Changes to her body, losing unsupportive friends","Relationships changed, some friends left, others supported her",0.3333333333333333,CORRECT
Naive/conv-26:66,Naive,1,What does Melanie do with her family on hikes?,"Roast marshmallows, tell stories","They bond over stories, campfires and nature.",0.16666666666666666,CORRECT
Mem0/conv-26:66,Mem0,1,What does Melanie do with her family on hikes?,"Roast marshmallows, tell stories","She bonds over stories, campfires, and nature.",0.16666666666666666,CORRECT
E-Mem/conv-26:66,E-Mem,1,What does Melanie do with her family on hikes?,"Roast marshmallows, tell stories","She bonds over stories, campfires, and nature.",0.16666666666666666,CORRECT
Naive/conv-26:67,Naive,2,When did Caroline go biking with friends?,The weekend before 13 September 2023,13 September 2023,0.7499999999999999,WRONG
A-MEM/conv-26:67,A-MEM,2,When did Caroline go biking with friends?,The weekend before 13 September 2023,Last weekend,0.28571428571428575,CORRECT
HiGMem/conv-26:67,HiGMem,2,When did Caroline go biking with friends?,The weekend before 13 September 2023,last weekend,0.28571428571428575,CORRECT
Naive/conv-26:68,Naive,2,How long has Melanie been practicing art?,Since 2016,Seven years,0.0,CORRECT
Mem0/conv-26:68,Mem0,2,How long has Melanie been practicing art?,Since 2016,Seven years,0.0,CORRECT
A-MEM/conv-26:68,A-MEM,2,How long has Melanie been practicing art?,Since 2016,Seven years,0.0,CORRECT
LangMem/conv-26:68,LangMem,2,How long has Melanie been practicing art?,Since 2016,Seven years,0.0,CORRECT
SimpleMem/conv-26:68,SimpleMem,2,How long has Melanie been practicing art?,Since 2016,Seven years,0.0,CORRECT
LightMem_official/conv-26:68,LightMem_official,2,How long has Melanie been practicing art?,Since 2016,Seven years as of September 2023,0.0,CORRECT
HiGMem/conv-26:68,HiGMem,2,How long has Melanie been practicing art?,Since 2016,Seven years,0.0,CORRECT
E-Mem/conv-26:68,E-Mem,2,How long has Melanie been practicing art?,Since 2016,Seven years.,0.0,CORRECT
s_parent_single_2000/conv-26:68,s_parent_single_2000,2,How long has Melanie been practicing art?,Since 2016,Seven years,0.0,CORRECT
Mem0/conv-26:70,Mem0,1,What transgender-specific events has Caroline attended?,"Poetry reading, conference",Transgender poetry reading,0.4,CORRECT
SimpleMem/conv-26:70,SimpleMem,1,What transgender-specific events has Caroline attended?,"Poetry reading, conference",Transgender poetry reading,0.4,CORRECT
Naive/conv-26:72,Naive,2,When did Melanie's friend adopt a child?,2022,last year,0.0,CORRECT
Mem0/conv-26:72,Mem0,2,When did Melanie's friend adopt a child?,2022,Last year,0.0,CORRECT
HiGMem/conv-26:72,HiGMem,2,When did Melanie's friend adopt a child?,2022,last year,0.0,CORRECT
Naive/conv-26:73,Naive,2,When did Melanie get hurt?,September 2023,Last month,0.0,CORRECT
Mem0/conv-26:73,Mem0,2,When did Melanie get hurt?,September 2023,Last month,0.0,CORRECT
Naive/conv-26:74,Naive,2,When did Melanie's family go on a roadtrip?,The weekend before 20 October 2023,last weekend,0.28571428571428575,CORRECT
Mem0/conv-26:74,Mem0,2,When did Melanie's family go on a roadtrip?,The weekend before 20 October 2023,The past weekend.,0.28571428571428575,CORRECT
A-MEM/conv-26:74,A-MEM,2,When did Melanie's family go on a roadtrip?,The weekend before 20 October 2023,"Yesterday (October 19, 2023)",0.4444444444444445,CORRECT
s_parent_single_2000/conv-26:74,s_parent_single_2000,2,When did Melanie's family go on a roadtrip?,The weekend before 20 October 2023,this past weekend,0.25,CORRECT
Mem0/conv-26:77,Mem0,3,Would Melanie go on another roadtrip soon?,Likely no; since this one went badly,"No, she recently went on a roadtrip.",0.25,CORRECT
LangMem/conv-26:77,LangMem,3,Would Melanie go on another roadtrip soon?,Likely no; since this one went badly,No evidence suggests she plans a road trip soon.,0.2,CORRECT
SimpleMem/conv-26:77,SimpleMem,3,Would Melanie go on another roadtrip soon?,Likely no; since this one went badly,"No, she recently had a traumatic accident on a road trip.",0.1818181818181818,CORRECT
E-Mem/conv-26:78,E-Mem,1,What items has Melanie bought?,"Figurines, shoes",Pink sneakers and wooden figurines.,0.2,CORRECT
Mem0/conv-26:79,Mem0,2,When did Caroline pass the adoption interview?,The Friday before 22 October 2023,Last Friday,0.28571428571428575,CORRECT
HiGMem/conv-26:79,HiGMem,2,When did Caroline pass the adoption interview?,The Friday before 22 October 2023,last Friday,0.28571428571428575,CORRECT
LightMem_official/conv-26:81,LightMem_official,3,Would Caroline want to move back to her home country soon?,No; she's in the process of adopting children.,No evidence suggests she wants to return.,0.25,CORRECT
Mem0/conv-26:83,Mem0,4,What did Melanie realize after the charity race?,self-care is important,Taking care of their minds.,0.0,CORRECT
A-MEM/conv-26:83,A-MEM,4,What did Melanie realize after the charity race?,self-care is important,She realized the importance of taking care of our minds.,0.16666666666666666,CORRECT
LangMem/conv-26:83,LangMem,4,What did Melanie realize after the charity race?,self-care is important,Taking care of our minds,0.0,CORRECT
E-Mem/conv-26:83,E-Mem,4,What did Melanie realize after the charity race?,self-care is important,That self-care is important because it allows her to better look after her family.,0.35294117647058826,CORRECT
Naive/conv-26:84,Naive,4,How does Melanie prioritize self-care?,"by carving out some me-time each day for activities like running, reading, or playing the violin","running, reading, or playing her violin",0.47619047619047616,CORRECT
Mem0/conv-26:84,Mem0,4,How does Melanie prioritize self-care?,"by carving out some me-time each day for activities like running, reading, or playing the violin",By carving out daily me-time.,0.4,CORRECT
LangMem/conv-26:84,LangMem,4,How does Melanie prioritize self-care?,"by carving out some me-time each day for activities like running, reading, or playing the violin","Through running, reading, playing violin, and swimming.",0.3809523809523809,CORRECT
LightMem_official/conv-26:84,LightMem_official,4,How does Melanie prioritize self-care?,"by carving out some me-time each day for activities like running, reading, or playing the violin","She runs, swims, and uses pottery.",0.1,CORRECT
E-Mem/conv-26:84,E-Mem,4,How does Melanie prioritize self-care?,"by carving out some me-time each day for activities like running, reading, or playing the violin","Through daily activities like running, reading, playing the violin, painting, and pottery, alongside quality time in nature with her family.",0.3636363636363636,CORRECT
s_parent_single_2000/conv-26:84,s_parent_single_2000,4,How does Melanie prioritize self-care?,"by carving out some me-time each day for activities like running, reading, or playing the violin","running, reading, playing violin",0.4210526315789474,CORRECT
s_parent_single_2000/conv-26:85,s_parent_single_2000,4,What are Caroline's plans for the summer?,researching adoption agencies,"Researching adoption agencies, planning a special summer trip with Melanie, continuing her education, checking out career options, and volunteering at the youth center.",0.2608695652173913,CORRECT
E-Mem/conv-26:86,E-Mem,4,What type of individuals does the adoption agency Caroline is considering support?,LGBTQ+ individuals,LGBTQ+ folks and kids who haven't had love and acceptance.,0.2,CORRECT
Naive/conv-26:87,Naive,4,Why did Caroline choose the adoption agency?,because of their inclusivity and support for LGBTQ+ individuals,They help LGBTQ+ folks with adoption.,0.14285714285714288,CORRECT
Mem0/conv-26:87,Mem0,4,Why did Caroline choose the adoption agency?,because of their inclusivity and support for LGBTQ+ individuals,Because it helps LGBTQ+ folks with adoption.,0.26666666666666666,CORRECT
SimpleMem/conv-26:87,SimpleMem,4,Why did Caroline choose the adoption agency?,because of their inclusivity and support for LGBTQ+ individuals,Because they help LGBTQ+ folks with adoption and their inclusivity and support spoke to her.,0.4761904761904762,CORRECT
HiGMem/conv-26:87,HiGMem,4,Why did Caroline choose the adoption agency?,because of their inclusivity and support for LGBTQ+ individuals,They help LGBTQ+ folks with adoption,0.14285714285714288,CORRECT
s_parent_single_2000/conv-26:87,s_parent_single_2000,4,Why did Caroline choose the adoption agency?,because of their inclusivity and support for LGBTQ+ individuals,They help LGBTQ+ folks with adoption. Their inclusivity and support really spoke to me.,0.380952380952381,CORRECT
SimpleMem/conv-26:88,SimpleMem,4,What is Caroline excited about in the adoption process?,creating a family for kids who need one,Giving kids a loving home.,0.18181818181818182,CORRECT
LightMem_official/conv-26:88,LightMem_official,4,What is Caroline excited about in the adoption process?,creating a family for kids who need one,She is excited to give love to a child.,0.0,CORRECT
SimpleMem/conv-26:89,SimpleMem,4,What does Melanie think about Caroline's decision to adopt?,she thinks Caroline is doing something amazing and will be an awesome mom,She wishes Caroline the best on her adoption journey.,0.2105263157894737,CORRECT
LightMem_official/conv-26:89,LightMem_official,4,What does Melanie think about Caroline's decision to adopt?,she thinks Caroline is doing something amazing and will be an awesome mom,Melanie supports and praises the decision.,0.0,CORRECT
E-Mem/conv-26:89,E-Mem,4,What does Melanie think about Caroline's decision to adopt?,she thinks Caroline is doing something amazing and will be an awesome mom,She thinks it is awesome and is proud and happy for Caroline.,0.47619047619047616,CORRECT
Naive/conv-26:90,Naive,4,How long have Mel and her husband been married?,Mel and her husband have been married for 5 years.,5 years,0.3636363636363636,CORRECT
A-MEM/conv-26:90,A-MEM,4,How long have Mel and her husband been married?,Mel and her husband have been married for 5 years.,5 years,0.3636363636363636,CORRECT
LangMem/conv-26:90,LangMem,4,How long have Mel and her husband been married?,Mel and her husband have been married for 5 years.,5 years,0.3636363636363636,CORRECT
SimpleMem/conv-26:90,SimpleMem,4,How long have Mel and her husband been married?,Mel and her husband have been married for 5 years.,5 years,0.3636363636363636,CORRECT
LightMem_official/conv-26:90,LightMem_official,4,How long have Mel and her husband been married?,Mel and her husband have been married for 5 years.,Five years as of June 2023.,0.13333333333333333,CORRECT
HiGMem/conv-26:90,HiGMem,4,How long have Mel and her husband been married?,Mel and her husband have been married for 5 years.,5 years,0.3636363636363636,CORRECT
E-Mem/conv-26:90,E-Mem,4,How long have Mel and her husband been married?,Mel and her husband have been married for 5 years.,5 years.,0.3636363636363636,CORRECT
s_parent_single_2000/conv-26:90,s_parent_single_2000,4,How long have Mel and her husband been married?,Mel and her husband have been married for 5 years.,5 years,0.3636363636363636,CORRECT
LangMem/conv-26:91,LangMem,4,What does Caroline's necklace symbolize?,"love, faith, and strength",Love and spirituality,0.4,CORRECT
LightMem_official/conv-26:93,LightMem_official,4,What was grandma's gift to Caroline?,necklace,A necklace from her grandma.,0.4,CORRECT
E-Mem/conv-26:93,E-Mem,4,What was grandma's gift to Caroline?,necklace,A necklace with a cross and a heart.,0.4,CORRECT
s_parent_single_2000/conv-26:93,s_parent_single_2000,4,What was grandma's gift to Caroline?,necklace,necklace with a cross and heart,0.4,CORRECT
Naive/conv-26:95,Naive,4,What did Melanie and her family do while camping?,"explored nature, roasted marshmallows, and went on a hike","roasted marshmallows, told stories around the campfire, and enjoyed nature",0.39999999999999997,CORRECT
SimpleMem/conv-26:95,SimpleMem,4,What did Melanie and her family do while camping?,"explored nature, roasted marshmallows, and went on a hike","They roasted marshmallows, told stories, and enjoyed nature.",0.42857142857142855,CORRECT
HiGMem/conv-26:95,HiGMem,4,What did Melanie and her family do while camping?,"explored nature, roasted marshmallows, and went on a hike","roasted marshmallows, tell stories around the campfire and just enjoy each other's company",0.2222222222222222,CORRECT
Mem0/conv-26:96,Mem0,4,What kind of counseling and mental health services is Caroline interested in pursuing?,"working with trans people, helping them accept themselves and supporting their mental health",Counseling and mental health support for the LGBTQ+ community.,0.3157894736842105,CORRECT
LangMem/conv-26:96,LangMem,4,What kind of counseling and mental health services is Caroline interested in pursuing?,"working with trans people, helping them accept themselves and supporting their mental health",Counseling and mental health services for the LGBTQ+ and trans communities.,0.3,CORRECT
SimpleMem/conv-26:96,SimpleMem,4,What kind of counseling and mental health services is Caroline interested in pursuing?,"working with trans people, helping them accept themselves and supporting their mental health",Counseling and mental health services for trans people.,0.4210526315789474,CORRECT
LightMem_official/conv-26:96,LightMem_official,4,What kind of counseling and mental health services is Caroline interested in pursuing?,"working with trans people, helping them accept themselves and supporting their mental health",Counseling for trans people and LGBTQ+ youth.,0.2222222222222222,CORRECT
A-MEM/conv-26:98,A-MEM,4,What was discussed in the LGBTQ+ counseling workshop?,therapeutic methods and how to best work with trans people,Different therapeutic methods and creating safe spaces for trans people.,0.4444444444444444,CORRECT
SimpleMem/conv-26:98,SimpleMem,4,What was discussed in the LGBTQ+ counseling workshop?,therapeutic methods and how to best work with trans people,Therapeutic methods and creating safe spaces.,0.2857142857142857,CORRECT
A-MEM/conv-26:99,A-MEM,4,What motivated Caroline to pursue counseling?,"her own journey and the support she received, and how counseling improved her life",Her personal experience with mental health struggles and the transformative impact of the support she received.,0.33333333333333337,CORRECT
LangMem/conv-26:99,LangMem,4,What motivated Caroline to pursue counseling?,"her own journey and the support she received, and how counseling improved her life",Her personal struggle with mental health and the transformative support she received.,0.380952380952381,CORRECT
SimpleMem/conv-26:99,SimpleMem,4,What motivated Caroline to pursue counseling?,"her own journey and the support she received, and how counseling improved her life",Her own struggle with mental health and the helpful support she received.,0.47619047619047616,CORRECT
LightMem_official/conv-26:99,LightMem_official,4,What motivated Caroline to pursue counseling?,"her own journey and the support she received, and how counseling improved her life",Her own past struggles and desire to help others.,0.2105263157894737,CORRECT
E-Mem/conv-26:99,E-Mem,4,What motivated Caroline to pursue counseling?,"her own journey and the support she received, and how counseling improved her life",Her own past struggles with mental health and the supportive help she received.,0.45454545454545453,CORRECT
A-MEM/conv-26:100,A-MEM,4,What kind of place does Caroline want to create for people?,a safe and inviting place for people to grow,A safe and loving home for kids.,0.3333333333333333,CORRECT
LangMem/conv-26:100,LangMem,4,What kind of place does Caroline want to create for people?,a safe and inviting place for people to grow,"A strong, supportive community of hope.",0.0,CORRECT
LightMem_official/conv-26:100,LightMem_official,4,What kind of place does Caroline want to create for people?,a safe and inviting place for people to grow,A safe and loving home for kids.,0.3333333333333333,CORRECT
E-Mem/conv-26:100,E-Mem,4,What kind of place does Caroline want to create for people?,a safe and inviting place for people to grow,A safe and loving home for kids.,0.3333333333333333,CORRECT
s_parent_single_2000/conv-26:100,s_parent_single_2000,4,What kind of place does Caroline want to create for people?,a safe and inviting place for people to grow,a safe and loving home,0.2,CORRECT
LightMem_official/conv-26:101,LightMem_official,4,Did Melanie make the black and white bowl in the photo?,Yes,"Yes, Melanie made the bowl.",0.4,CORRECT
HiGMem/conv-26:101,HiGMem,4,Did Melanie make the black and white bowl in the photo?,Yes,"Yeah, I made this bowl in my class.",0.0,CORRECT
E-Mem/conv-26:101,E-Mem,4,Did Melanie make the black and white bowl in the photo?,Yes,"Yes, Melanie made the black and white bowl.",0.2857142857142857,CORRECT
LightMem_official/conv-26:105,LightMem_official,4,"What did Caroline take away from the book ""Becoming Nicole""?",Lessons on self-acceptance and finding support,It gave her hope and connection.,0.0,CORRECT
HiGMem/conv-26:105,HiGMem,4,"What did Caroline take away from the book ""Becoming Nicole""?",Lessons on self-acceptance and finding support,connected and gave me a lot of hope,0.0,CORRECT
LightMem_official/conv-26:106,LightMem_official,4,What are the new shoes that Melanie got used for?,Running,Used for running longer.,0.4,CORRECT
SimpleMem/conv-26:107,SimpleMem,4,What is Melanie's reason for getting into running?,To de-stress and clear her mind,To boost her mood and mental health.,0.3636363636363636,CORRECT
Naive/conv-26:108,Naive,4,What does Melanie say running has been great for?,Her mental health,destress and clear my mind,0.0,CORRECT
Mem0/conv-26:108,Mem0,4,What does Melanie say running has been great for?,Her mental health,her headspace,0.4,CORRECT
A-MEM/conv-26:108,A-MEM,4,What does Melanie say running has been great for?,Her mental health,Running has been great for her.,0.2222222222222222,CORRECT
LangMem/conv-26:108,LangMem,4,What does Melanie say running has been great for?,Her mental health,her headspace,0.4,CORRECT
LightMem_official/conv-26:108,LightMem_official,4,What does Melanie say running has been great for?,Her mental health,Running has been great for her headspace.,0.2,CORRECT
HiGMem/conv-26:108,HiGMem,4,What does Melanie say running has been great for?,Her mental health,my headspace,0.0,CORRECT
E-Mem/conv-26:108,E-Mem,4,What does Melanie say running has been great for?,Her mental health,"Running has been great for Melanie's headspace, mental health, stress relief, and staying present for her family.",0.3157894736842105,CORRECT
A-MEM/conv-26:109,A-MEM,4,What did Mel and her kids make during the pottery workshop?,pots,They made their own pots.,0.33333333333333337,CORRECT
LightMem_official/conv-26:109,LightMem_official,4,What did Mel and her kids make during the pottery workshop?,pots,They made their own pots.,0.33333333333333337,CORRECT
Naive/conv-26:116,Naive,4,What inspired Caroline's painting for the art show?,visiting an LGBTQ center and wanting to capture unity and strength,a LGBTQ center,0.4,CORRECT
SimpleMem/conv-26:116,SimpleMem,4,What inspired Caroline's painting for the art show?,visiting an LGBTQ center and wanting to capture unity and strength,Seeing her work make a difference for the LGBTQ+ community and creating a more loving world.,0.1,CORRECT
LightMem_official/conv-26:116,LightMem_official,4,What inspired Caroline's painting for the art show?,visiting an LGBTQ center and wanting to capture unity and strength,An LGBTQ center visit inspired it.,0.4615384615384615,CORRECT
s_parent_single_2000/conv-26:116,s_parent_single_2000,4,What inspired Caroline's painting for the art show?,visiting an LGBTQ center and wanting to capture unity and strength,a LGBTQ center,0.4,CORRECT
Mem0/conv-26:119,Mem0,4,How did Melanie feel while watching the meteor shower?,in awe of the universe,At one with the universe.,0.25,CORRECT
A-MEM/conv-26:119,A-MEM,4,How did Melanie feel while watching the meteor shower?,in awe of the universe,She felt at one with the universe.,0.2,CORRECT
LangMem/conv-26:119,LangMem,4,How did Melanie feel while watching the meteor shower?,in awe of the universe,at one with the universe,0.25,CORRECT
SimpleMem/conv-26:119,SimpleMem,4,How did Melanie feel while watching the meteor shower?,in awe of the universe,Awe-inspiring and part of something huge.,0.22222222222222224,CORRECT
LightMem_official/conv-26:119,LightMem_official,4,How did Melanie feel while watching the meteor shower?,in awe of the universe,She felt tiny and in awe.,0.4444444444444445,CORRECT
LightMem_official/conv-26:120,LightMem_official,4,Whose birthday did Melanie celebrate recently?,Melanie's daughter,Her daughter's birthday.,0.4,CORRECT
A-MEM/conv-26:122,A-MEM,4,Why did Melanie choose to use colors and patterns in her pottery project?,She wanted to catch the eye and make people smile.,To show tranquility and evoke a serene vibe while maintaining vibrant colors.,0.11111111111111112,CORRECT
SimpleMem/conv-26:122,SimpleMem,4,Why did Melanie choose to use colors and patterns in her pottery project?,She wanted to catch the eye and make people smile.,To express emotions and get creative.,0.15384615384615385,CORRECT
Mem0/conv-26:124,Mem0,4,What pets does Melanie have?,Two cats and a dog,A dog and a cat.,0.8,WRONG
A-MEM/conv-26:124,A-MEM,4,What pets does Melanie have?,Two cats and a dog,"Melanie has a dog named Oliver and cats named Luna, Bailey, and Oliver.",0.30769230769230765,CORRECT
SimpleMem/conv-26:124,SimpleMem,4,What pets does Melanie have?,Two cats and a dog,A dog named Luna and a cat named Oliver.,0.4444444444444444,CORRECT
HiGMem/conv-26:124,HiGMem,4,What pets does Melanie have?,Two cats and a dog,a pup and a kitty,0.0,CORRECT
Naive/conv-26:125,Naive,4,Where did Oliver hide his bone once?,In Melanie's slipper,in my slipper,0.6666666666666666,WRONG
LightMem_official/conv-26:125,LightMem_official,4,Where did Oliver hide his bone once?,In Melanie's slipper,In a slipper,0.8,WRONG
HiGMem/conv-26:125,HiGMem,4,Where did Oliver hide his bone once?,In Melanie's slipper,in my slipper,0.6666666666666666,WRONG
LightMem_official/conv-26:132,LightMem_official,4,How long has Melanie been creating art?,7 years,Seven years as of September 2023,0.25,CORRECT
HiGMem/conv-26:132,HiGMem,4,How long has Melanie been creating art?,7 years,Seven years now,0.4,CORRECT
SimpleMem/conv-26:133,SimpleMem,4,What precautionary sign did Melanie see at the café?,A sign stating that someone is not being able to leave,Someone could not leave.,0.4285714285714285,CORRECT
LightMem_official/conv-26:134,LightMem_official,4,What advice does Caroline give for getting started with adoption?,"Do research, find an adoption agency or lawyer, gather necessary documents, and prepare emotionally.","Research agencies, gather documents, and seek legal help.",0.4210526315789474,CORRECT
HiGMem/conv-26:134,HiGMem,4,What advice does Caroline give for getting started with adoption?,"Do research, find an adoption agency or lawyer, gather necessary documents, and prepare emotionally.","Do your research and find an adoption agency or lawyer. They'll help with the process and provide all the info. Gather documents like references, financial info and medical checks. Don't forget to prepare emotionally, since the wait can be hard.",0.4888888888888888,CORRECT
LightMem_official/conv-26:136,LightMem_official,4,What does Melanie do to keep herself busy during her pottery break?,Read a book and paint.,She has been keeping busy by painting.,0.2,CORRECT
Mem0/conv-26:137,Mem0,4,"What painting did Melanie show to Caroline on October 13, 2023?",A painting inspired by sunsets with a pink sky.,A painting of a sunset with a palm tree.,0.4615384615384615,CORRECT
s_parent_single_2000/conv-26:137,s_parent_single_2000,4,"What painting did Melanie show to Caroline on October 13, 2023?",A painting inspired by sunsets with a pink sky.,sunset-inspired painting,0.22222222222222224,CORRECT
Naive/conv-26:138,Naive,4,"What kind of painting did Caroline share with Melanie on October 13, 2023?",An abstract painting with blue streaks on a wall.,abstract,0.25,CORRECT
SimpleMem/conv-26:138,SimpleMem,4,"What kind of painting did Caroline share with Melanie on October 13, 2023?",An abstract painting with blue streaks on a wall.,Abstract painting,0.4444444444444445,CORRECT
Naive/conv-26:139,Naive,4,What was the poetry reading that Caroline attended about?,It was a transgender poetry reading where transgender people shared their stories.,transgender poetry reading,0.42857142857142855,CORRECT
LangMem/conv-26:139,LangMem,4,What was the poetry reading that Caroline attended about?,It was a transgender poetry reading where transgender people shared their stories.,Transgender poetry reading,0.42857142857142855,CORRECT
LightMem_official/conv-26:139,LightMem_official,4,What was the poetry reading that Caroline attended about?,It was a transgender poetry reading where transgender people shared their stories.,It was about transgender identities.,0.37499999999999994,CORRECT
Mem0/conv-26:141,Mem0,4,What does Caroline's drawing symbolize for her?,Freedom and being true to herself.,Her authentic self,0.0,CORRECT
A-MEM/conv-26:141,A-MEM,4,What does Caroline's drawing symbolize for her?,Freedom and being true to herself.,"Freedom, being real, and embracing womanhood.",0.4000000000000001,CORRECT
SimpleMem/conv-26:141,SimpleMem,4,What does Caroline's drawing symbolize for her?,Freedom and being true to herself.,"Freedom, being real, and embracing her womanhood.",0.3636363636363636,CORRECT
LightMem_official/conv-26:141,LightMem_official,4,What does Caroline's drawing symbolize for her?,Freedom and being true to herself.,"Freedom, authenticity, and womanhood.",0.25,CORRECT
E-Mem/conv-26:141,E-Mem,4,What does Caroline's drawing symbolize for her?,Freedom and being true to herself.,"Freedom, being real, and embracing her womanhood.",0.3636363636363636,CORRECT
A-MEM/conv-26:142,A-MEM,4,How do Melanie and Caroline describe their journey through life together?,An ongoing adventure of learning and growing.,"As a shared journey of mutual support, gratitude, and resilience.",0.15384615384615385,CORRECT
LangMem/conv-26:142,LangMem,4,How do Melanie and Caroline describe their journey through life together?,An ongoing adventure of learning and growing.,"A journey of continuous learning, exploration, and mutual support.",0.3333333333333333,CORRECT
SimpleMem/conv-26:142,SimpleMem,4,How do Melanie and Caroline describe their journey through life together?,An ongoing adventure of learning and growing.,"By creating, sharing, and clinging to happy memories together.",0.0,CORRECT
LightMem_official/conv-26:142,LightMem_official,4,How do Melanie and Caroline describe their journey through life together?,An ongoing adventure of learning and growing.,They describe it as a journey of love and support.,0.15384615384615385,CORRECT
E-Mem/conv-26:142,E-Mem,4,How do Melanie and Caroline describe their journey through life together?,An ongoing adventure of learning and growing.,"As an amazing gift to share, focused on learning and exploring.",0.14285714285714285,CORRECT
s_parent_single_2000/conv-26:142,s_parent_single_2000,4,How do Melanie and Caroline describe their journey through life together?,An ongoing adventure of learning and growing.,"learning, exploring, and growing together",0.4444444444444445,CORRECT
Mem0/conv-26:143,Mem0,4,What happened to Melanie's son on their road trip?,He got into an accident,He was involved in an accident.,0.4444444444444445,CORRECT
SimpleMem/conv-26:143,SimpleMem,4,What happened to Melanie's son on their road trip?,He got into an accident,He was involved in an accident but was unharmed.,0.3333333333333333,CORRECT
Naive/conv-26:144,Naive,4,How did Melanie's son handle the accident?,He was scared but reassured by his family,They were scared but we reassured them and explained their brother would be OK. They're tough kids.,0.25,CORRECT
Mem0/conv-26:145,Mem0,4,How did Melanie feel about her family after the accident?,They are important and mean the world to her,She felt she needed to cherish them.,0.14285714285714285,CORRECT
A-MEM/conv-26:145,A-MEM,4,How did Melanie feel about her family after the accident?,They are important and mean the world to her,She felt grateful and realized how precious life is.,0.0,CORRECT
LangMem/conv-26:145,LangMem,4,How did Melanie feel about her family after the accident?,They are important and mean the world to her,Grateful and deeply dependent.,0.0,CORRECT
SimpleMem/conv-26:145,SimpleMem,4,How did Melanie feel about her family after the accident?,They are important and mean the world to her,She felt it was a reminder to cherish family and that life is precious.,0.10526315789473685,CORRECT
HiGMem/conv-26:145,HiGMem,4,How did Melanie feel about her family after the accident?,They are important and mean the world to her,They mean the world to me and I'm so thankful to have them,0.4444444444444444,CORRECT
E-Mem/conv-26:145,E-Mem,4,How did Melanie feel about her family after the accident?,They are important and mean the world to her,She felt her family meant the world to her and was thankful to have them.,0.3,CORRECT
Naive/conv-26:146,Naive,4,How did Melanie's children handle the accident?,They were scared but resilient,They were scared but we reassured them and explained their brother would be OK. They're tough kids.,0.38095238095238093,CORRECT
Mem0/conv-26:146,Mem0,4,How did Melanie's children handle the accident?,They were scared but resilient,They were scared.,0.7499999999999999,WRONG
HiGMem/conv-26:146,HiGMem,4,How did Melanie's children handle the accident?,They were scared but resilient,They were scared but we reassured them and explained their brother would be OK. They're tough kids.,0.38095238095238093,CORRECT
E-Mem/conv-26:146,E-Mem,4,How did Melanie's children handle the accident?,They were scared but resilient,Scared but reassured and described as tough.,0.3636363636363636,CORRECT
Mem0/conv-26:147,Mem0,4,How did Melanie feel after the accident?,Grateful and thankful for her family,She felt scared but reminded to cherish her family.,0.2857142857142857,CORRECT
A-MEM/conv-26:147,A-MEM,4,How did Melanie feel after the accident?,Grateful and thankful for her family,"She felt scared but grateful, realizing life is precious.",0.14285714285714285,CORRECT
LangMem/conv-26:147,LangMem,4,How did Melanie feel after the accident?,Grateful and thankful for her family,Grateful and reflective,0.28571428571428575,CORRECT
SimpleMem/conv-26:147,SimpleMem,4,How did Melanie feel after the accident?,Grateful and thankful for her family,She felt fear but found the experience a reminder to cherish family.,0.13333333333333333,CORRECT
LightMem_official/conv-26:147,LightMem_official,4,How did Melanie feel after the accident?,Grateful and thankful for her family,She felt scared but thankful.,0.20000000000000004,CORRECT
Mem0/conv-26:148,Mem0,4,What was Melanie's reaction to her children enjoying the Grand Canyon?,She was happy and thankful,She found them very happy.,0.4444444444444445,CORRECT
Naive/conv-26:149,Naive,4,What do Melanie's family give her?,Strength and motivation,love and support,0.0,CORRECT
Mem0/conv-26:149,Mem0,4,What do Melanie's family give her?,Strength and motivation,Love and support,0.0,CORRECT
A-MEM/conv-26:149,A-MEM,4,What do Melanie's family give her?,Strength and motivation,Love and support,0.0,CORRECT
SimpleMem/conv-26:149,SimpleMem,4,What do Melanie's family give her?,Strength and motivation,Love and support,0.0,CORRECT
LightMem_official/conv-26:149,LightMem_official,4,What do Melanie's family give her?,Strength and motivation,"Love, support, and motivation.",0.4,CORRECT
HiGMem/conv-26:149,HiGMem,4,What do Melanie's family give her?,Strength and motivation,lots of love and support,0.0,CORRECT
E-Mem/conv-26:149,E-Mem,4,What do Melanie's family give her?,Strength and motivation,"Love, support, and motivation.",0.4,CORRECT
Mem0/conv-26:150,Mem0,4,How did Melanie feel about her family supporting her?,She appreciated them a lot,Grateful,0.0,CORRECT
A-MEM/conv-26:150,A-MEM,4,How did Melanie feel about her family supporting her?,She appreciated them a lot,She felt grateful and supported.,0.25,CORRECT
LangMem/conv-26:150,LangMem,4,How did Melanie feel about her family supporting her?,She appreciated them a lot,Grateful,0.0,CORRECT
SimpleMem/conv-26:150,SimpleMem,4,How did Melanie feel about her family supporting her?,She appreciated them a lot,Grateful,0.0,CORRECT
LightMem_official/conv-26:150,LightMem_official,4,How did Melanie feel about her family supporting her?,She appreciated them a lot,She felt motivated and supported.,0.25,CORRECT
HiGMem/conv-26:150,HiGMem,4,How did Melanie feel about her family supporting her?,She appreciated them a lot,They're my biggest motivation and support,0.0,CORRECT
E-Mem/conv-26:150,E-Mem,4,How did Melanie feel about her family supporting her?,She appreciated them a lot,She felt lucky and awesome.,0.25,CORRECT
s_parent_single_2000/conv-26:150,s_parent_single_2000,4,How did Melanie feel about her family supporting her?,She appreciated them a lot,She felt they were her biggest motivation and support.,0.16666666666666666,CORRECT
Naive/conv-30:0,Naive,2,When Jon has lost his job as a banker?,"19 January, 2023",20 January 2023,0.6666666666666666,WRONG
A-MEM/conv-30:0,A-MEM,2,When Jon has lost his job as a banker?,"19 January, 2023","January 20, 2023",0.6666666666666666,WRONG
HiGMem/conv-30:0,HiGMem,2,When Jon has lost his job as a banker?,"19 January, 2023","20 January, 2023",0.6666666666666666,WRONG
s_parent_single_2000/conv-30:0,s_parent_single_2000,2,When Jon has lost his job as a banker?,"19 January, 2023",20 January 2023,0.6666666666666666,WRONG
SimpleMem/conv-30:1,SimpleMem,2,When Gina has lost her job at Door Dash?,"January, 2023",On 2023-01-20.,0.0,CORRECT
Mem0/conv-30:2,Mem0,4,How do Jon and Gina both like to destress?,by dancing,Jon dances and Gina suggests dancing.,0.28571428571428575,CORRECT
E-Mem/conv-30:3,E-Mem,1,What do Jon and Gina both have in common?,They lost their jobs and decided to start their own businesses.,They lost their jobs and use dance for stress relief.,0.4210526315789474,CORRECT
Mem0/conv-30:4,Mem0,4,Why did Jon decide to start his dance studio?,He lost his job and decided to start his own business to share his passion.,After losing his job,0.22222222222222224,CORRECT
LangMem/conv-30:4,LangMem,4,Why did Jon decide to start his dance studio?,He lost his job and decided to start his own business to share his passion.,To turn his love for dance into a business after losing his job.,0.3846153846153846,CORRECT
SimpleMem/conv-30:4,SimpleMem,4,Why did Jon decide to start his dance studio?,He lost his job and decided to start his own business to share his passion.,Losing his job gave him the push.,0.2,CORRECT
LightMem_official/conv-30:4,LightMem_official,4,Why did Jon decide to start his dance studio?,He lost his job and decided to start his own business to share his passion.,He lost his job and wanted freedom.,0.4,CORRECT
HiGMem/conv-30:4,HiGMem,4,Why did Jon decide to start his dance studio?,He lost his job and decided to start his own business to share his passion.,Losing my job gave me the push to finally start my dream business,0.30769230769230765,CORRECT
E-Mem/conv-30:4,E-Mem,4,Why did Jon decide to start his dance studio?,He lost his job and decided to start his own business to share his passion.,Losing his job gave him the push to pursue his passion.,0.41666666666666663,CORRECT
s_parent_single_2000/conv-30:4,s_parent_single_2000,4,Why did Jon decide to start his dance studio?,He lost his job and decided to start his own business to share his passion.,Losing his job gave him the push to start his dance studio.,0.4,CORRECT
s_parent_single_2000/conv-30:6,s_parent_single_2000,2,When is Jon's group performing at a festival?,"February, 2023",next month (from 20 January 2023),0.25,CORRECT
SimpleMem/conv-30:7,SimpleMem,2,When did Gina launch an ad campaign for her store?,"29 January, 2023",2023-01-29,0.0,CORRECT
LightMem_official/conv-30:7,LightMem_official,2,When did Gina launch an ad campaign for her store?,"29 January, 2023",20 January 2023,0.6666666666666666,WRONG
Naive/conv-30:8,Naive,2,When was Jon in Paris?,28 January 2023,29 January 2023,0.6666666666666666,WRONG
A-MEM/conv-30:8,A-MEM,2,When was Jon in Paris?,28 January 2023,"Yesterday (relative to Jan 29, 2023).",0.2222222222222222,CORRECT
SimpleMem/conv-30:8,SimpleMem,2,When was Jon in Paris?,28 January 2023,2023-01-28,0.0,CORRECT
LightMem_official/conv-30:8,LightMem_official,2,When was Jon in Paris?,28 January 2023,"January 29, 2023",0.6666666666666666,WRONG
HiGMem/conv-30:8,HiGMem,2,When was Jon in Paris?,28 January 2023,"29 January, 2023",0.6666666666666666,WRONG
E-Mem/conv-30:8,E-Mem,2,When was Jon in Paris?,28 January 2023,2023-01-28,0.0,CORRECT
LangMem/conv-30:10,LangMem,2,When did Gina team up with a local artist for some cool designs?,"February, 2023",2023-02-08,0.0,CORRECT
SimpleMem/conv-30:10,SimpleMem,2,When did Gina team up with a local artist for some cool designs?,"February, 2023",On 2023-02-08.,0.0,CORRECT
LightMem_official/conv-30:11,LightMem_official,2,When did Gina get her tattoo?,A few years ago,Gina got her tattoo years ago.,0.4444444444444444,CORRECT
A-MEM/conv-30:12,A-MEM,2,When did Jon start to go to the gym?,"March, 2023","Last week (as of March 16, 2023).",0.4444444444444445,CORRECT
A-MEM/conv-30:13,A-MEM,2,When did Gina open her online clothing store?,"16 March, 2023","June 16, 2023",0.6666666666666666,WRONG
SimpleMem/conv-30:15,SimpleMem,2,When did Jon host a dance competition?,"May, 2023",Next month (relative to April 2023).,0.25,CORRECT
Naive/conv-30:16,Naive,2,When did Jon go to a fair to get more exposure for his dance studio?,"24 April, 2023",25 April 2023,0.6666666666666666,WRONG
HiGMem/conv-30:16,HiGMem,2,When did Jon go to a fair to get more exposure for his dance studio?,"24 April, 2023","3 April, 2023",0.6666666666666666,WRONG
HiGMem/conv-30:17,HiGMem,1,Why did Gina decide to start her own clothing store?,She always loved fashion trends and finding unique pieces and she lost her job so decided it was time to start her own business.,"After losing my job, I wanted to take control of my own destiny",0.1290322580645161,CORRECT
E-Mem/conv-30:17,E-Mem,1,Why did Gina decide to start her own clothing store?,She always loved fashion trends and finding unique pieces and she lost her job so decided it was time to start her own business.,To take control of her destiny after losing her job at Door Dash and blend her love for dance and fashion.,0.2926829268292683,CORRECT
HiGMem/conv-30:18,HiGMem,1,Do Jon and Gina start businesses out of what they love?,Yes,Dance is my passion... I love finding new trends for my store.,0.0,CORRECT
Naive/conv-30:19,Naive,2,When did Gina interview for a design internship?,"10 May, 2023",11 May 2023,0.6666666666666666,WRONG
A-MEM/conv-30:19,A-MEM,2,When did Gina interview for a design internship?,"10 May, 2023","Yesterday (relative to May 11, 2023).",0.4444444444444444,CORRECT
LangMem/conv-30:19,LangMem,2,When did Gina interview for a design internship?,"10 May, 2023","May 11, 2023",0.6666666666666666,WRONG
SimpleMem/conv-30:19,SimpleMem,2,When did Gina interview for a design internship?,"10 May, 2023",Yesterday (relative to the 2023-05-11 conversation).,0.0,CORRECT
Naive/conv-30:20,Naive,2,When did Gina get accepted for the design internship?,"27 May, 2023",11 May 2023,0.6666666666666666,WRONG
Mem0/conv-30:20,Mem0,2,When did Gina get accepted for the design internship?,"27 May, 2023","May 10, 2023",0.6666666666666666,WRONG
A-MEM/conv-30:20,A-MEM,2,When did Gina get accepted for the design internship?,"27 May, 2023","May 11, 2023",0.6666666666666666,WRONG
LightMem_official/conv-30:20,LightMem_official,2,When did Gina get accepted for the design internship?,"27 May, 2023","May 10, 2023",0.6666666666666666,WRONG
HiGMem/conv-30:20,HiGMem,2,When did Gina get accepted for the design internship?,"27 May, 2023","11 May, 2023",0.6666666666666666,WRONG
E-Mem/conv-30:21,E-Mem,2,"When did Jon start reading ""The Lean Startup""?","May, 2023",2023-05-27,0.0,CORRECT
SimpleMem/conv-30:22,SimpleMem,2,When did Gina develop a video presentation to teach how to style her fashion pieces? ,"June, 2023",2023-06-13,0.0,CORRECT
SimpleMem/conv-30:23,SimpleMem,1,How did Gina promote her clothes store?,"worked with an artist to make unique fashion pieces, made limited-edition sweatshirts, got some new offers and promotions for online store, developed a video presentation showing how to style her pieces","Through ad campaigns, influencer collaborations, and new offers and promotions.",0.13636363636363635,CORRECT
E-Mem/conv-30:23,E-Mem,1,How did Gina promote her clothes store?,"worked with an artist to make unique fashion pieces, made limited-edition sweatshirts, got some new offers and promotions for online store, developed a video presentation showing how to style her pieces","Gina promoted her clothes store through ad campaigns, artist collaborations, an online presence, influencer partnerships, and networking.",0.14191176470588235,CORRECT
A-MEM/conv-30:24,A-MEM,1,Which events has Jon participated in to promote his business venture?,"fair, networking events, dance competition",Networking events,0.3333333333333333,CORRECT
SimpleMem/conv-30:24,SimpleMem,1,Which events has Jon participated in to promote his business venture?,"fair, networking events, dance competition",Networking events and hosting a dance competition.,0.380952380952381,CORRECT
LightMem_official/conv-30:24,LightMem_official,1,Which events has Jon participated in to promote his business venture?,"fair, networking events, dance competition",Jon attended a fair and networking events.,0.3015873015873016,CORRECT
HiGMem/conv-30:24,HiGMem,1,Which events has Jon participated in to promote his business venture?,"fair, networking events, dance competition",networking events,0.3333333333333333,CORRECT
s_parent_single_2000/conv-30:24,s_parent_single_2000,1,Which events has Jon participated in to promote his business venture?,"fair, networking events, dance competition",fair,0.3333333333333333,CORRECT
Naive/conv-30:25,Naive,1,What does Jon's dance studio offer?,"one-on-one metoring and training to dancers,  workshops and classes to local schools and centers","dance classes, workshops, one-on-one mentoring, and training",0.30952380952380953,CORRECT
Mem0/conv-30:25,Mem0,1,What does Jon's dance studio offer?,"one-on-one metoring and training to dancers,  workshops and classes to local schools and centers","Workshops, classes, and training for dancers of all ages and backgrounds.",0.30952380952380953,CORRECT
LangMem/conv-30:25,LangMem,1,What does Jon's dance studio offer?,"one-on-one metoring and training to dancers,  workshops and classes to local schools and centers","Workshops, classes for local schools, and dance competitions.",0.3,CORRECT
LightMem_official/conv-30:25,LightMem_official,1,What does Jon's dance studio offer?,"one-on-one metoring and training to dancers,  workshops and classes to local schools and centers","Dance classes, workshops, and mentoring.",0.14285714285714285,CORRECT
HiGMem/conv-30:25,HiGMem,1,What does Jon's dance studio offer?,"one-on-one metoring and training to dancers,  workshops and classes to local schools and centers","dance classes and workshops, one-on-one mentoring and training",0.4722222222222222,CORRECT
E-Mem/conv-30:25,E-Mem,1,What does Jon's dance studio offer?,"one-on-one metoring and training to dancers,  workshops and classes to local schools and centers","Contemporary and hip-hop classes, workshops, competitions, mentoring, and a creative space.",0.14285714285714285,CORRECT
Naive/conv-30:26,Naive,2,When did Jon receive mentorship to promote his venture?,"15 June, 2023",16 June 2023,0.6666666666666666,WRONG
LightMem_official/conv-30:26,LightMem_official,2,When did Jon receive mentorship to promote his venture?,"15 June, 2023",On 16 June 2023.,0.5714285714285715,WRONG
HiGMem/conv-30:26,HiGMem,2,When did Jon receive mentorship to promote his venture?,"15 June, 2023","16 June, 2023",0.6666666666666666,WRONG
SimpleMem/conv-30:28,SimpleMem,2,When was Jon in Rome?,June 2023,"Last week (relative to June 19, 2023).",0.4444444444444445,CORRECT
Naive/conv-30:30,Naive,2,When Jon is planning to open his dance studio?,"20 June, 2023",19 June 2023,0.6666666666666666,WRONG
LightMem_official/conv-30:30,LightMem_official,2,When Jon is planning to open his dance studio?,"20 June, 2023","Tomorrow relative to June 19, 2023.",0.4444444444444444,CORRECT
HiGMem/conv-30:30,HiGMem,2,When Jon is planning to open his dance studio?,"20 June, 2023","19 June, 2023",0.6666666666666666,WRONG
A-MEM/conv-30:31,A-MEM,1,How long did it take for Jon to open his studio?,six months,From January 2023 to June 2023.,0.0,CORRECT
A-MEM/conv-30:32,A-MEM,2,When did Gina design a limited collection of hoodies?,June 2023,"Last week (relative to June 21, 2023).",0.4444444444444445,CORRECT
SimpleMem/conv-30:32,SimpleMem,2,When did Gina design a limited collection of hoodies?,June 2023,"Last week (relative to June 21, 2023).",0.4444444444444445,CORRECT
A-MEM/conv-30:33,A-MEM,2,When did Jon visit networking events for his store?,"20 June, 2023","21 June, 2023",0.6666666666666666,WRONG
LangMem/conv-30:34,LangMem,2,When did Gina start being recognized by fashion editors?,July 2023,"Last week prior to July 9, 2023",0.4444444444444445,CORRECT
s_parent_single_2000/conv-30:34,s_parent_single_2000,2,When did Gina start being recognized by fashion editors?,July 2023,26 June 2023 to 2 July 2023,0.4444444444444445,CORRECT
SimpleMem/conv-30:35,SimpleMem,2,When did Jon start learning marketing and analytics tools?,"July, 2023",2023-07-09,0.0,CORRECT
SimpleMem/conv-30:36,SimpleMem,2,When did Jon and Gina decide to collaborate to create dance content?,21 July 2023,On 2023-07-21,0.0,CORRECT
SimpleMem/conv-30:37,SimpleMem,2,When did Gina mention Shia Labeouf?," 23 July, 2023",On 2023-07-23,0.0,CORRECT
LightMem_official/conv-30:38,LightMem_official,2,When did Gina go to a dance class with a group of friends?,21 July 2023,Last Friday before 23 July 2023.,0.4444444444444444,CORRECT
LightMem_official/conv-30:40,LightMem_official,4,What is Jon's favorite style of dance?,Contemporary,Contemporary dance is his top pick.,0.2857142857142857,CORRECT
E-Mem/conv-30:41,E-Mem,4,What was Gina's favorite dancing memory?,Winning first place at a regionals dance competition,When her team won first place at a regionals at age fifteen.,0.4444444444444444,CORRECT
Naive/conv-30:44,Naive,4,What does Gina say about the dancers in the photo?,They look graceful,They look great and passionate about dancing.,0.4444444444444444,CORRECT
Mem0/conv-30:44,Mem0,4,What does Gina say about the dancers in the photo?,They look graceful,She compliments them on looking great and badass on stage.,0.16666666666666666,CORRECT
LangMem/conv-30:44,LangMem,4,What does Gina say about the dancers in the photo?,They look graceful,They look great and passionate about dancing.,0.4444444444444444,CORRECT
Naive/conv-30:45,Naive,4,What is Jon's attitude towards being part of the dance festival?,Glad,excited,0.0,CORRECT
Mem0/conv-30:45,Mem0,4,What is Jon's attitude towards being part of the dance festival?,Glad,Thrilled,0.0,CORRECT
A-MEM/conv-30:45,A-MEM,4,What is Jon's attitude towards being part of the dance festival?,Glad,Excited and passionate,0.0,CORRECT
LangMem/conv-30:45,LangMem,4,What is Jon's attitude towards being part of the dance festival?,Glad,Excited and enthusiastic,0.0,CORRECT
SimpleMem/conv-30:45,SimpleMem,4,What is Jon's attitude towards being part of the dance festival?,Glad,Excited and proud.,0.0,CORRECT
LightMem_official/conv-30:45,LightMem_official,4,What is Jon's attitude towards being part of the dance festival?,Glad,Jon is excited and passionate.,0.0,CORRECT
HiGMem/conv-30:45,HiGMem,4,What is Jon's attitude towards being part of the dance festival?,Glad,awesome,0.0,CORRECT
E-Mem/conv-30:45,E-Mem,4,What is Jon's attitude towards being part of the dance festival?,Glad,"Jon is glad, enthusiastic, and finds joy in being part of the dance festival.",0.15384615384615385,CORRECT
s_parent_single_2000/conv-30:45,s_parent_single_2000,4,What is Jon's attitude towards being part of the dance festival?,Glad,"Excited, thrilled, and passionate",0.0,CORRECT
SimpleMem/conv-30:47,SimpleMem,4,"What did Gina find for her clothing store on 1 February, 2023?",The perfect spot for her store,A cozy and inviting space designed to showcase trendy pieces.,0.0,CORRECT
A-MEM/conv-30:48,A-MEM,4,What did Gina design for her store?,"the space, furniture, and decor",A cozy and inviting space with trendy pieces.,0.2222222222222222,CORRECT
LightMem_official/conv-30:48,LightMem_official,4,What did Gina design for her store?,"the space, furniture, and decor",She designed the store space.,0.28571428571428575,CORRECT
E-Mem/conv-30:48,E-Mem,4,What did Gina design for her store?,"the space, furniture, and decor",A cozy and inviting space with a chandelier.,0.25,CORRECT
LightMem_official/conv-30:49,LightMem_official,4,What did Gina want her customers to feel in her store?,cozy and comfortable,Customers wanted to feel comfy.,0.0,CORRECT
s_parent_single_2000/conv-30:49,s_parent_single_2000,4,What did Gina want her customers to feel in her store?,cozy and comfortable,"cozy, cool oasis",0.4,CORRECT
Mem0/conv-30:50,Mem0,4,What did Jon say about Gina's progress with her store?,hard work's paying off,Jon mentioned that Gina's store is growing.,0.0,CORRECT
A-MEM/conv-30:50,A-MEM,4,What did Jon say about Gina's progress with her store?,hard work's paying off,The store's doing great!,0.0,CORRECT
LightMem_official/conv-30:50,LightMem_official,4,What did Jon say about Gina's progress with her store?,hard work's paying off,Jon noted her store is growing.,0.0,CORRECT
E-Mem/conv-30:50,E-Mem,4,What did Jon say about Gina's progress with her store?,hard work's paying off,Jon congratulated Gina on her growing clothing store.,0.0,CORRECT
s_parent_single_2000/conv-30:50,s_parent_single_2000,4,What did Jon say about Gina's progress with her store?,hard work's paying off,Jon said Gina's store is going good and she is awesome with it.,0.0,CORRECT
Naive/conv-30:51,Naive,4,What made Gina choose the furniture and decor for her store?,personal style and customer comfort,to make the place look like her own style and make her customers feel cozy,0.23529411764705882,CORRECT
Mem0/conv-30:51,Mem0,4,What made Gina choose the furniture and decor for her store?,personal style and customer comfort,To reflect her own style and make customers feel cozy.,0.30769230769230765,CORRECT
A-MEM/conv-30:51,A-MEM,4,What made Gina choose the furniture and decor for her store?,personal style and customer comfort,To make the place look like her own style and make customers feel cozy.,0.25,CORRECT
LangMem/conv-30:51,LangMem,4,What made Gina choose the furniture and decor for her store?,personal style and customer comfort,She picked them to create a cozy and inviting atmosphere.,0.0,CORRECT
SimpleMem/conv-30:51,SimpleMem,4,What made Gina choose the furniture and decor for her store?,personal style and customer comfort,"She chose furniture that looked great, was comfy, and selected a chandelier to add a glam feel matching the store's style.",0.09523809523809523,CORRECT
LightMem_official/conv-30:51,LightMem_official,4,What made Gina choose the furniture and decor for her store?,personal style and customer comfort,She chose it to reflect her style.,0.18181818181818182,CORRECT
HiGMem/conv-30:51,HiGMem,4,What made Gina choose the furniture and decor for her store?,personal style and customer comfort,to make the place look like my own style and make my customers feel cozy,0.23529411764705882,CORRECT
E-Mem/conv-30:51,E-Mem,4,What made Gina choose the furniture and decor for her store?,personal style and customer comfort,"To reflect her personal style, make customers feel cozy, and add a glam feel.",0.375,CORRECT
s_parent_single_2000/conv-30:51,s_parent_single_2000,4,What made Gina choose the furniture and decor for her store?,personal style and customer comfort,She wanted to make the place look like her own style and make her customers feel cozy.,0.2105263157894737,CORRECT
LightMem_official/conv-30:52,LightMem_official,4,What did Jon say about creating a special experience for customers?,It's the key to making them feel welcome and coming back,Jon agrees it is key to success.,0.375,CORRECT
Naive/conv-30:53,Naive,4,What did Gina say about creating an experience for her customers?,making them want to come back,I want 'em to feel like they're in a cool oasis. Just creating an experience that'll make 'em wanna come back.,0.39999999999999997,CORRECT
Mem0/conv-30:53,Mem0,4,What did Gina say about creating an experience for her customers?,making them want to come back,She believes her hard work and effort will help create a special shopping experience.,0.0,CORRECT
A-MEM/conv-30:53,A-MEM,4,What did Gina say about creating an experience for her customers?,making them want to come back,"She wants to create a special, comfortable, and inviting experience that makes customers feel like they are in a cool oasis and want to come back.",0.35714285714285715,CORRECT
LangMem/conv-30:53,LangMem,4,What did Gina say about creating an experience for her customers?,making them want to come back,Creating a special shopping experience,0.0,CORRECT
LightMem_official/conv-30:53,LightMem_official,4,What did Gina say about creating an experience for her customers?,making them want to come back,She wants customers to return.,0.3636363636363636,CORRECT
HiGMem/conv-30:53,HiGMem,4,What did Gina say about creating an experience for her customers?,making them want to come back,Making my spot comfortable and inviting for my customers is key. I want 'em to feel like they're in a cool oasis. Just creating an experience that'll make 'em wanna come back.,0.28571428571428575,CORRECT
Naive/conv-30:54,Naive,4,How is Gina's store doing?,The store is doing great.,going good,0.0,CORRECT
Mem0/conv-30:54,Mem0,4,How is Gina's store doing?,The store is doing great.,Growing,0.0,CORRECT
LangMem/conv-30:54,LangMem,4,How is Gina's store doing?,The store is doing great.,Going good,0.0,CORRECT
SimpleMem/conv-30:54,SimpleMem,4,How is Gina's store doing?,The store is doing great.,Going good,0.0,CORRECT
Naive/conv-30:55,Naive,4,What does Gina's tattoo symbolize?,Freedom and expressing herself through dance,freedom,0.33333333333333337,CORRECT
Mem0/conv-30:55,Mem0,4,What does Gina's tattoo symbolize?,Freedom and expressing herself through dance,Freedom,0.33333333333333337,CORRECT
A-MEM/conv-30:55,A-MEM,4,What does Gina's tattoo symbolize?,Freedom and expressing herself through dance,Freedom,0.33333333333333337,CORRECT
LangMem/conv-30:55,LangMem,4,What does Gina's tattoo symbolize?,Freedom and expressing herself through dance,Freedom - dancing without worrying what people think,0.3333333333333333,CORRECT
SimpleMem/conv-30:55,SimpleMem,4,What does Gina's tattoo symbolize?,Freedom and expressing herself through dance,Freedom,0.33333333333333337,CORRECT
LightMem_official/conv-30:55,LightMem_official,4,What does Gina's tattoo symbolize?,Freedom and expressing herself through dance,It symbolizes freedom and dancing.,0.4444444444444445,CORRECT
HiGMem/conv-30:55,HiGMem,4,What does Gina's tattoo symbolize?,Freedom and expressing herself through dance,freedom,0.33333333333333337,CORRECT
E-Mem/conv-30:55,E-Mem,4,What does Gina's tattoo symbolize?,Freedom and expressing herself through dance,"Freedom, dancing without worrying what people think, and following passions to express oneself.",0.35294117647058826,CORRECT
s_parent_single_2000/conv-30:55,s_parent_single_2000,4,What does Gina's tattoo symbolize?,Freedom and expressing herself through dance,freedom - dancing without worrying what people think,0.3333333333333333,CORRECT
E-Mem/conv-30:57,E-Mem,4,What advice does Gina give to Jon about running a successful business?,"build relationships with customers, create a strong brand image, stay positive","Build relationships, stay passionate, network, and use social media.",0.33333333333333326,CORRECT
Naive/conv-30:58,Naive,4,Why did Jon shut down his bank account?,for his business,to help his biz grow,0.25,CORRECT
HiGMem/conv-30:58,HiGMem,4,Why did Jon shut down his bank account?,for his business,for my biz,0.3333333333333333,CORRECT
Mem0/conv-30:59,Mem0,4,Why did Gina combine her clothing business with dance?,she is passionate about dance and fashion,To blend her love for dance and fashion.,0.30769230769230765,CORRECT
A-MEM/conv-30:59,A-MEM,4,Why did Gina combine her clothing business with dance?,she is passionate about dance and fashion,To showcase creativity and share her love for both fields.,0.0,CORRECT
LangMem/conv-30:59,LangMem,4,Why did Gina combine her clothing business with dance?,she is passionate about dance and fashion,To show her creativity and share her love for both passions.,0.125,CORRECT
SimpleMem/conv-30:59,SimpleMem,4,Why did Gina combine her clothing business with dance?,she is passionate about dance and fashion,To show her creativity and share her love for dance and fashion.,0.25,CORRECT
LightMem_official/conv-30:59,LightMem_official,4,Why did Gina combine her clothing business with dance?,she is passionate about dance and fashion,To show creativity and share love.,0.0,CORRECT
HiGMem/conv-30:59,HiGMem,4,Why did Gina combine her clothing business with dance?,she is passionate about dance and fashion,to show my creativity and share my love with others,0.0,CORRECT
E-Mem/conv-30:59,E-Mem,4,Why did Gina combine her clothing business with dance?,she is passionate about dance and fashion,To blend her love for dance and fashion and share her creativity.,0.25,CORRECT
Mem0/conv-30:60,Mem0,4,What does Jon's dance make him?,happy,pumped,0.0,CORRECT
A-MEM/conv-30:60,A-MEM,4,What does Jon's dance make him?,happy,It makes him feel joyful.,0.0,CORRECT
LangMem/conv-30:60,LangMem,4,What does Jon's dance make him?,happy,A stress-buster,0.0,CORRECT
SimpleMem/conv-30:60,SimpleMem,4,What does Jon's dance make him?,happy,most alive,0.0,CORRECT
LightMem_official/conv-30:60,LightMem_official,4,What does Jon's dance make him?,happy,It makes him feel most alive.,0.0,CORRECT
HiGMem/conv-30:60,HiGMem,4,What does Jon's dance make him?,happy,pumped,0.0,CORRECT
s_parent_single_2000/conv-30:60,s_parent_single_2000,4,What does Jon's dance make him?,happy,pumped,0.0,CORRECT
Mem0/conv-30:61,Mem0,4,What did Gina receive from a dance contest?,a trophy,First place at regionals,0.0,CORRECT
LangMem/conv-30:61,LangMem,4,What did Gina receive from a dance contest?,a trophy,A trophy with a glass globe on top.,0.2857142857142857,CORRECT
LightMem_official/conv-30:61,LightMem_official,4,What did Gina receive from a dance contest?,a trophy,Trophies from a dance contest,0.4,CORRECT
HiGMem/conv-30:61,HiGMem,4,What did Gina receive from a dance contest?,a trophy,one of my trophies,0.4,CORRECT
s_parent_single_2000/conv-30:61,s_parent_single_2000,4,What did Gina receive from a dance contest?,a trophy,a trophy with a glass globe on top,0.2857142857142857,CORRECT
HiGMem/conv-30:62,HiGMem,4,How does Gina stay confident in her business?,"By reminding herself of her successes and progress, having a support system, and focusing on why she started",by reminding myself of my successes and progress,0.4545454545454545,CORRECT
E-Mem/conv-30:62,E-Mem,4,How does Gina stay confident in her business?,"By reminding herself of her successes and progress, having a support system, and focusing on why she started","By reminding herself of successes, maintaining a supportive tattoo, staying passionate and resilient, and utilizing networking.",0.42857142857142855,CORRECT
Mem0/conv-30:66,Mem0,4,What is Jon offering to the dancers at his dance studio?,One-on-one mentoring and training,Training to help dancers reach their full potential.,0.18181818181818182,CORRECT
LightMem_official/conv-30:66,LightMem_official,4,What is Jon offering to the dancers at his dance studio?,One-on-one mentoring and training,"Jon offers classes, workshops, and mentoring.",0.25,CORRECT
HiGMem/conv-30:66,HiGMem,4,What is Jon offering to the dancers at his dance studio?,One-on-one mentoring and training,"Besides the dance classes and workshops, I'm offering one-on-one mentoring and training to help dancers reach their full potential.",0.3157894736842105,CORRECT
Naive/conv-30:67,Naive,4,How does Jon use the clipboard with a notepad attached to it?,"To set goals, track achievements, and find areas for improvement",to stay organized and motivated,0.15384615384615383,CORRECT
HiGMem/conv-30:67,HiGMem,4,How does Jon use the clipboard with a notepad attached to it?,"To set goals, track achievements, and find areas for improvement",to stay organized and motivated,0.15384615384615383,CORRECT
A-MEM/conv-30:68,A-MEM,4,What does Jon tell Gina he won't do?,quit,He won't give up.,0.0,CORRECT
Mem0/conv-30:71,Mem0,4,How does Gina describe the studio that Jon has opened?,amazing,A place for dancers to grow.,0.0,CORRECT
LangMem/conv-30:71,LangMem,4,How does Gina describe the studio that Jon has opened?,amazing,awesome,0.0,CORRECT
LightMem_official/conv-30:71,LightMem_official,4,How does Gina describe the studio that Jon has opened?,amazing,Gina describes it as a go-to spot.,0.0,CORRECT
LightMem_official/conv-30:72,LightMem_official,4,How does Jon feel about the opening night of his dance studio?,excited,He is excited and can't wait.,0.33333333333333337,CORRECT
E-Mem/conv-30:73,E-Mem,4,How does Gina describe the feeling that dance brings?,magical,"Magical joy, thrill, and self-expression.",0.4,CORRECT
Mem0/conv-30:74,Mem0,4,What does Jon plan to do at the grand opening of his dance studio?,savor all the good vibes,make memories,0.0,CORRECT
LangMem/conv-30:74,LangMem,4,What does Jon plan to do at the grand opening of his dance studio?,savor all the good vibes,Make awesome memories,0.0,CORRECT
s_parent_single_2000/conv-30:74,s_parent_single_2000,4,What does Jon plan to do at the grand opening of his dance studio?,savor all the good vibes,make some awesome memories,0.0,CORRECT
LangMem/conv-30:75,LangMem,4,What does Gina say to Jon about the grand opening?,Let's live it up and make some great memories,Can't wait to make more memories at your dance studio!,0.22222222222222224,CORRECT
LightMem_official/conv-30:76,LightMem_official,4,What is the general sentiment about the upcoming grand opening?,excitement,Excited and positive about the event.,0.4,CORRECT
E-Mem/conv-30:76,E-Mem,4,What is the general sentiment about the upcoming grand opening?,excitement,"Overwhelmingly positive, enthusiastic, and excited.",0.4,CORRECT
s_parent_single_2000/conv-30:76,s_parent_single_2000,4,What is the general sentiment about the upcoming grand opening?,excitement,"Excited, pumped, can't wait, woohoo, unforgettable",0.2857142857142857,CORRECT
A-MEM/conv-30:77,A-MEM,4,What did Gina make a limited edition line of?,Hoodies,A limited edition line of hoodies.,0.33333333333333337,CORRECT
Naive/conv-30:78,Naive,4,"According to Gina, what makes Jon a perfect mentor and guide?",His positivity and determination,Your positivity and determination,0.6666666666666666,WRONG
LightMem_official/conv-30:78,LightMem_official,4,"According to Gina, what makes Jon a perfect mentor and guide?",His positivity and determination,Jon's joyful and rewarding nature.,0.0,CORRECT
HiGMem/conv-30:78,HiGMem,4,"According to Gina, what makes Jon a perfect mentor and guide?",His positivity and determination,Your positivity and determination,0.6666666666666666,WRONG
LightMem_official/conv-41:0,LightMem_official,2,"Who did Maria have dinner with on May 3, 2023?",her mother,Maria and her mom.,0.4,CORRECT
s_parent_single_2000/conv-41:0,s_parent_single_2000,2,"Who did Maria have dinner with on May 3, 2023?",her mother,Maria and her mom,0.4,CORRECT
Naive/conv-41:1,Naive,2,When did Maria donate her car?,21 December 2022,22 December 2022,0.6666666666666666,WRONG
A-MEM/conv-41:1,A-MEM,2,When did Maria donate her car?,21 December 2022,"Yesterday (relative to the conversation on December 22, 2022).",0.36363636363636365,CORRECT
LightMem_official/conv-41:1,LightMem_official,2,When did Maria donate her car?,21 December 2022,22 December 2022,0.6666666666666666,WRONG
LightMem_official/conv-41:4,LightMem_official,2,When did John join the online support group?,The week before 1 January 2023,Before 2023-01-01,0.28571428571428575,CORRECT
E-Mem/conv-41:4,E-Mem,2,When did John join the online support group?,The week before 1 January 2023,Last week prior to 2023-01-01,0.20000000000000004,CORRECT
s_parent_single_2000/conv-41:4,s_parent_single_2000,2,When did John join the online support group?,The week before 1 January 2023,December 2022,0.0,CORRECT
A-MEM/conv-41:5,A-MEM,2,When did Maria go to the beach?,December 2022,"Last month (as of January 1, 2023).",0.0,CORRECT
LightMem_official/conv-41:5,LightMem_official,2,When did Maria go to the beach?,December 2022,"Last month before Jan 1, 2023",0.0,CORRECT
s_parent_single_2000/conv-41:5,s_parent_single_2000,2,When did Maria go to the beach?,December 2022,"December 2022, 4 May 2023, 16 June 2023",0.4,CORRECT
Naive/conv-41:6,Naive,1,Where has Maria made friends?,"homeless shelter, gym, church",at the gym,0.2222222222222222,CORRECT
Mem0/conv-41:6,Mem0,1,Where has Maria made friends?,"homeless shelter, gym, church",At a shelter,0.16666666666666666,CORRECT
LangMem/conv-41:6,LangMem,1,Where has Maria made friends?,"homeless shelter, gym, church",At church,0.2222222222222222,CORRECT
LightMem_official/conv-41:6,LightMem_official,1,Where has Maria made friends?,"homeless shelter, gym, church",At a church and with volunteers.,0.13333333333333333,CORRECT
HiGMem/conv-41:6,HiGMem,1,Where has Maria made friends?,"homeless shelter, gym, church",at the shelter,0.16666666666666666,CORRECT
s_parent_single_2000/conv-41:6,s_parent_single_2000,1,Where has Maria made friends?,"homeless shelter, gym, church",homeless shelter,0.3333333333333333,CORRECT
LangMem/conv-41:8,LangMem,3,What might John's financial status be?,Middle-class or wealthy,Likely stable and growing,0.0,CORRECT
LightMem_official/conv-41:9,LightMem_official,1,Who gave Maria's family money when she was younger and her family was going through tough times?,Her aunt,Maria's aunt gave money.,0.3333333333333333,CORRECT
HiGMem/conv-41:9,HiGMem,1,Who gave Maria's family money when she was younger and her family was going through tough times?,Her aunt,out auntie,0.0,CORRECT
E-Mem/conv-41:9,E-Mem,1,Who gave Maria's family money when she was younger and her family was going through tough times?,Her aunt,Maria's auntie,0.0,CORRECT
s_parent_single_2000/conv-41:9,s_parent_single_2000,1,Who gave Maria's family money when she was younger and her family was going through tough times?,Her aunt,auntie,0.0,CORRECT
Mem0/conv-41:13,Mem0,2,When did Maria's grandmother pass away?,The week before 6 March 2023,Last week,0.28571428571428575,CORRECT
LangMem/conv-41:13,LangMem,2,When did Maria's grandmother pass away?,The week before 6 March 2023,Last week of March 2023,0.6,WRONG
SimpleMem/conv-41:13,SimpleMem,2,When did Maria's grandmother pass away?,The week before 6 March 2023,Last week of March 2023.,0.6,WRONG
s_parent_single_2000/conv-41:13,s_parent_single_2000,2,When did Maria's grandmother pass away?,The week before 6 March 2023,27 February 2023 to 5 March 2023,0.3333333333333333,CORRECT
LightMem_official/conv-41:14,LightMem_official,3,Would John be considered a patriotic person?,Yes,"Yes, John is patriotic.",0.4,CORRECT
HiGMem/conv-41:14,HiGMem,3,Would John be considered a patriotic person?,Yes,I've always had a great respect for our military and wanted to show my support. I think it's important to stand up for what we believe in.,0.0,CORRECT
E-Mem/conv-41:14,E-Mem,3,Would John be considered a patriotic person?,Yes,"Yes, John would be considered a patriotic person.",0.25,CORRECT
Naive/conv-41:15,Naive,1,What writing classes has Maria taken?,"Poetry, creative writing",poetry class and creative writing class,0.45238095238095244,CORRECT
LangMem/conv-41:15,LangMem,1,What writing classes has Maria taken?,"Poetry, creative writing",Creative writing class,0.4,CORRECT
LangMem/conv-41:16,LangMem,2,When did John get his degree?,The week before 2 April 2023,Last week of March 2023,0.4000000000000001,CORRECT
SimpleMem/conv-41:16,SimpleMem,2,When did John get his degree?,The week before 2 April 2023,Last week of April 2023.,0.6,WRONG
E-Mem/conv-41:16,E-Mem,2,When did John get his degree?,The week before 2 April 2023,March 2023,0.28571428571428575,CORRECT
s_parent_single_2000/conv-41:16,s_parent_single_2000,2,When did John get his degree?,The week before 2 April 2023,March 2023,0.28571428571428575,CORRECT
LightMem_official/conv-41:18,LightMem_official,1,Who did John go to yoga with?,Rob,Maria and his colleague Rob,0.4,CORRECT
LangMem/conv-41:19,LangMem,1,What damages have happened to John's car?,"Broken windshield, Car broke down",Broken windshield and new car breakdown,0.41071428571428575,CORRECT
SimpleMem/conv-41:19,SimpleMem,1,What damages have happened to John's car?,"Broken windshield, Car broke down",Broken windshield and damage from a red-light accident.,0.25,CORRECT
E-Mem/conv-41:19,E-Mem,1,What damages have happened to John's car?,"Broken windshield, Car broke down",Broken windshield and breakdown.,0.4,CORRECT
s_parent_single_2000/conv-41:19,s_parent_single_2000,1,What damages have happened to John's car?,"Broken windshield, Car broke down",broke down,0.4,CORRECT
Naive/conv-41:20,Naive,2,When did John take a road trip to the Pacific Northwest?,2022,last year,0.0,CORRECT
SimpleMem/conv-41:20,SimpleMem,2,When did John take a road trip to the Pacific Northwest?,2022,Last year,0.0,CORRECT
LightMem_official/conv-41:20,LightMem_official,2,When did John take a road trip to the Pacific Northwest?,2022,Last year before April 2023,0.0,CORRECT
HiGMem/conv-41:20,HiGMem,2,When did John take a road trip to the Pacific Northwest?,2022,last year,0.0,CORRECT
LightMem_official/conv-41:21,LightMem_official,1,What areas of the U.S. has John been to or is planning to go to?,"Pacific northwest, east coast",John has been to the Pacific Northwest and is planning to visit the East Coast.,0.2857142857142857,CORRECT
Mem0/conv-41:22,Mem0,2,When did John go to a convention with colleagues?,March 2023,Last month,0.0,CORRECT
A-MEM/conv-41:22,A-MEM,2,When did John go to a convention with colleagues?,March 2023,"Last month (Session 12, 18 April 2023).",0.22222222222222224,CORRECT
SimpleMem/conv-41:22,SimpleMem,2,When did John go to a convention with colleagues?,March 2023,"Last month (relative to April 18, 2023).",0.22222222222222224,CORRECT
LightMem_official/conv-41:22,LightMem_official,2,When did John go to a convention with colleagues?,March 2023,Last month before 18 April 2023,0.25,CORRECT
Naive/conv-41:24,Naive,2,When did John start boot camp with his family?,April.2023,last month,0.0,CORRECT
Mem0/conv-41:24,Mem0,2,When did John start boot camp with his family?,April.2023,Last month,0.0,CORRECT
A-MEM/conv-41:24,A-MEM,2,When did John start boot camp with his family?,April.2023,"Last month (as of May 4, 2023).",0.0,CORRECT
SimpleMem/conv-41:24,SimpleMem,2,When did John start boot camp with his family?,April.2023,Last month,0.0,CORRECT
LightMem_official/conv-41:24,LightMem_official,2,When did John start boot camp with his family?,April.2023,Last month before 04 May 2023,0.0,CORRECT
HiGMem/conv-41:24,HiGMem,2,When did John start boot camp with his family?,April.2023,last month,0.0,CORRECT
E-Mem/conv-41:24,E-Mem,2,When did John start boot camp with his family?,April.2023,April 2023,0.0,CORRECT
s_parent_single_2000/conv-41:24,s_parent_single_2000,2,When did John start boot camp with his family?,April.2023,April 2023,0.0,CORRECT
SimpleMem/conv-41:25,SimpleMem,1,What European countries has Maria been to?,"Spain, England",Spain and London (UK).,0.25,CORRECT
LightMem_official/conv-41:25,LightMem_official,1,What European countries has Maria been to?,"Spain, England",Spain and London (UK).,0.25,CORRECT
Naive/conv-41:26,Naive,1,What has Maria done to feel closer to her faith?,"Join a local church, buy a cross necklace",bought a cross necklace,0.3333333333333333,CORRECT
Mem0/conv-41:26,Mem0,1,What has Maria done to feel closer to her faith?,"Join a local church, buy a cross necklace",She bought a cross necklace.,0.28571428571428575,CORRECT
A-MEM/conv-41:26,A-MEM,1,What has Maria done to feel closer to her faith?,"Join a local church, buy a cross necklace",She joined a nearby church.,0.28571428571428575,CORRECT
LangMem/conv-41:26,LangMem,1,What has Maria done to feel closer to her faith?,"Join a local church, buy a cross necklace",She joined a nearby church and bought a cross necklace.,0.4,CORRECT
SimpleMem/conv-41:26,SimpleMem,1,What has Maria done to feel closer to her faith?,"Join a local church, buy a cross necklace",She joined a nearby church and bought a cross necklace.,0.4,CORRECT
LightMem_official/conv-41:26,LightMem_official,1,What has Maria done to feel closer to her faith?,"Join a local church, buy a cross necklace",She joined a church and volunteered.,0.28571428571428575,CORRECT
E-Mem/conv-41:26,E-Mem,1,What has Maria done to feel closer to her faith?,"Join a local church, buy a cross necklace",She bought a cross necklace.,0.28571428571428575,CORRECT
SimpleMem/conv-41:27,SimpleMem,2,When did John have a party with veterans?,The Friday before 20 May 2023,"May 20, 2023",0.7499999999999999,WRONG
LightMem_official/conv-41:27,LightMem_official,2,When did John have a party with veterans?,The Friday before 20 May 2023,20 May 2023,0.7499999999999999,WRONG
HiGMem/conv-41:27,HiGMem,2,When did John have a party with veterans?,The Friday before 20 May 2023,"20 May, 2023",0.7499999999999999,WRONG
E-Mem/conv-41:27,E-Mem,2,When did John have a party with veterans?,The Friday before 20 May 2023,"May 20, 2023",0.7499999999999999,WRONG
Naive/conv-41:28,Naive,1,What causes does John feel passionate about supporting?,"Veterans, schools, infrastructure",education and infrastructure,0.2222222222222222,CORRECT
Mem0/conv-41:28,Mem0,1,What causes does John feel passionate about supporting?,"Veterans, schools, infrastructure","Veterans' rights, community improvement, and education.",0.2222222222222222,CORRECT
A-MEM/conv-41:28,A-MEM,1,What causes does John feel passionate about supporting?,"Veterans, schools, infrastructure",Veterans' rights and community service.,0.13333333333333333,CORRECT
LangMem/conv-41:28,LangMem,1,What causes does John feel passionate about supporting?,"Veterans, schools, infrastructure",Veterans' rights and community support,0.13333333333333333,CORRECT
SimpleMem/conv-41:28,SimpleMem,1,What causes does John feel passionate about supporting?,"Veterans, schools, infrastructure",Veterans' support and community service.,0.13333333333333333,CORRECT
LightMem_official/conv-41:28,LightMem_official,1,What causes does John feel passionate about supporting?,"Veterans, schools, infrastructure","Veterans, education, and community support.",0.3333333333333333,CORRECT
E-Mem/conv-41:28,E-Mem,1,What causes does John feel passionate about supporting?,"Veterans, schools, infrastructure","Education reform, infrastructure development, veterans' rights, domestic abuse victims, student mentoring, the fire-fighting brigade, disaster relief, fundraising for those in need, and animal welfare.",0.4444444444444444,CORRECT
LightMem_official/conv-41:29,LightMem_official,1,What events is Maria planning for the homeless shelter funraiser?,"Chili cook-off, ring-toss tournament",Maria plans a ring-toss tournament.,0.3333333333333333,CORRECT
A-MEM/conv-41:30,A-MEM,1,What shelters does Maria volunteer at?,"The homeless shelter, the dog shelter",A homeless shelter,0.75,WRONG
E-Mem/conv-41:30,E-Mem,1,What shelters does Maria volunteer at?,"The homeless shelter, the dog shelter",A homeless shelter.,0.75,WRONG
Naive/conv-41:31,Naive,2,When did John get his dog Max?,In 2013,10 years ago,0.0,CORRECT
Mem0/conv-41:31,Mem0,2,When did John get his dog Max?,In 2013,10 years ago,0.0,CORRECT
A-MEM/conv-41:31,A-MEM,2,When did John get his dog Max?,In 2013,10 years ago,0.0,CORRECT
LightMem_official/conv-41:31,LightMem_official,2,When did John get his dog Max?,In 2013,Max was with John for 10 years.,0.0,CORRECT
HiGMem/conv-41:31,HiGMem,2,When did John get his dog Max?,In 2013,10 years ago,0.0,CORRECT
Naive/conv-41:32,Naive,1,What outdoor activities has John done with his colleagues?,"Hiking, mountaineering",mountaineering trip,0.3333333333333333,CORRECT
LightMem_official/conv-41:32,LightMem_official,1,What outdoor activities has John done with his colleagues?,"Hiking, mountaineering",Hiking trip with workmates,0.2,CORRECT
A-MEM/conv-41:33,A-MEM,1,What types of yoga has Maria practiced?,"Aerial, kundalini",Aerial yoga and kundalini yoga.,0.4,CORRECT
LangMem/conv-41:33,LangMem,1,What types of yoga has Maria practiced?,"Aerial, kundalini",Aerial yoga,0.3333333333333333,CORRECT
s_parent_single_2000/conv-41:33,s_parent_single_2000,1,What types of yoga has Maria practiced?,"Aerial, kundalini",aerial yoga,0.3333333333333333,CORRECT
Naive/conv-41:34,Naive,2,When did Maria join a gym?,The week before 16 June 2023,16 June 2023,0.7499999999999999,WRONG
Mem0/conv-41:34,Mem0,2,When did Maria join a gym?,The week before 16 June 2023,Last week,0.28571428571428575,CORRECT
LangMem/conv-41:34,LangMem,2,When did Maria join a gym?,The week before 16 June 2023,"Last week of June 16, 2023.",0.7272727272727272,WRONG
LightMem_official/conv-41:34,LightMem_official,2,When did Maria join a gym?,The week before 16 June 2023,16 June 2023,0.7499999999999999,WRONG
Mem0/conv-41:37,Mem0,1,What events for veterans has John participated in?,"Petition, march, party, visiting veterans hospital, 5K charity run","Marching event, veteran's hospital visit, military memorial, charity run, and community event.",0.49333333333333335,CORRECT
A-MEM/conv-41:37,A-MEM,1,What events for veterans has John participated in?,"Petition, march, party, visiting veterans hospital, 5K charity run",Marching event for veterans' rights,0.11666666666666667,CORRECT
LangMem/conv-41:37,LangMem,1,What events for veterans has John participated in?,"Petition, march, party, visiting veterans hospital, 5K charity run","Marching events, veteran hospital visits, and military memorial activities.",0.3333333333333333,CORRECT
SimpleMem/conv-41:37,SimpleMem,1,What events for veterans has John participated in?,"Petition, march, party, visiting veterans hospital, 5K charity run",Marching event for veterans' rights and a small party where veterans shared stories.,0.09523809523809526,CORRECT
LightMem_official/conv-41:37,LightMem_official,1,What events for veterans has John participated in?,"Petition, march, party, visiting veterans hospital, 5K charity run","Veteran hospital, marching event, 5K run.",0.4533333333333333,CORRECT
HiGMem/conv-41:37,HiGMem,1,What events for veterans has John participated in?,"Petition, march, party, visiting veterans hospital, 5K charity run",marching event for veterans' rights,0.11666666666666667,CORRECT
s_parent_single_2000/conv-41:37,s_parent_single_2000,1,What events for veterans has John participated in?,"Petition, march, party, visiting veterans hospital, 5K charity run","marching event for veterans' rights, small party",0.25,CORRECT
A-MEM/conv-41:38,A-MEM,2,When did Maria get in a car accident?,"July 2, 2023","July 3, 2023",0.6666666666666666,WRONG
LangMem/conv-41:38,LangMem,2,When did Maria get in a car accident?,"July 2, 2023","July 3, 2023",0.6666666666666666,WRONG
LightMem_official/conv-41:38,LightMem_official,2,When did Maria get in a car accident?,"July 2, 2023",03 July 2023 (yesterday relative to memory date),0.36363636363636365,CORRECT
SimpleMem/conv-41:39,SimpleMem,3,Around which US holiday did Maria get into a car accident?,Independence Day,July 3rd,0.0,CORRECT
LightMem_official/conv-41:39,LightMem_official,3,Around which US holiday did Maria get into a car accident?,Independence Day,"Around July 4th, 2023.",0.0,CORRECT
HiGMem/conv-41:39,HiGMem,3,Around which US holiday did Maria get into a car accident?,Independence Day,3 July,0.0,CORRECT
Naive/conv-41:43,Naive,2,When was John's old area hit with a flood?,The week before 7 July 2023,7 July 2023,0.7499999999999999,WRONG
Mem0/conv-41:43,Mem0,2,When was John's old area hit with a flood?,The week before 7 July 2023,Last week,0.28571428571428575,CORRECT
SimpleMem/conv-41:43,SimpleMem,2,When was John's old area hit with a flood?,The week before 7 July 2023,Last week,0.28571428571428575,CORRECT
HiGMem/conv-41:43,HiGMem,2,When was John's old area hit with a flood?,The week before 7 July 2023,last week,0.28571428571428575,CORRECT
E-Mem/conv-41:43,E-Mem,2,When was John's old area hit with a flood?,The week before 7 July 2023,Last week of July 2023.,0.6,WRONG
s_parent_single_2000/conv-41:43,s_parent_single_2000,2,When was John's old area hit with a flood?,The week before 7 July 2023,26 June 2023 to 2 July 2023,0.3333333333333333,CORRECT
Naive/conv-41:44,Naive,1,What activities has Maria done with her church friends?,"Hiking, picnic, volunteer work",had a picnic,0.2222222222222222,CORRECT
SimpleMem/conv-41:44,SimpleMem,1,What activities has Maria done with her church friends?,"Hiking, picnic, volunteer work",Community work and hiking.,0.3,CORRECT
HiGMem/conv-41:44,HiGMem,1,What activities has Maria done with her church friends?,"Hiking, picnic, volunteer work","had a picnic, played games, ate yummy food, took up some community work",0.31746031746031744,CORRECT
s_parent_single_2000/conv-41:44,s_parent_single_2000,1,What activities has Maria done with her church friends?,"Hiking, picnic, volunteer work","charades, scavenger hunt, hiking",0.3333333333333333,CORRECT
A-MEM/conv-41:45,A-MEM,3,Would John be open to moving to another country?,"No, he has goals specifically in the U.S. like joining the military and running for office.",No evidence suggests John is open to moving to another country.,0.08333333333333334,CORRECT
LangMem/conv-41:45,LangMem,3,Would John be open to moving to another country?,"No, he has goals specifically in the U.S. like joining the military and running for office.",No evidence suggests he would be open to moving to another country.,0.16,CORRECT
SimpleMem/conv-41:45,SimpleMem,3,Would John be open to moving to another country?,"No, he has goals specifically in the U.S. like joining the military and running for office.",No,0.14285714285714288,CORRECT
HiGMem/conv-41:45,HiGMem,3,Would John be open to moving to another country?,"No, he has goals specifically in the U.S. like joining the military and running for office.",No,0.14285714285714288,CORRECT
E-Mem/conv-41:45,E-Mem,3,Would John be open to moving to another country?,"No, he has goals specifically in the U.S. like joining the military and running for office.",No,0.14285714285714288,CORRECT
Naive/conv-41:46,Naive,2,When did Maria go hiking with her church friends?,The weekend before 22 July 2023,last weekend,0.28571428571428575,CORRECT
Mem0/conv-41:46,Mem0,2,When did Maria go hiking with her church friends?,The weekend before 22 July 2023,Last weekend,0.28571428571428575,CORRECT
HiGMem/conv-41:46,HiGMem,2,When did Maria go hiking with her church friends?,The weekend before 22 July 2023,last weekend,0.28571428571428575,CORRECT
Naive/conv-41:48,Naive,2,When did John have his first firefighter call-out?,The sunday before 3` July 2023,Last Sunday,0.28571428571428575,CORRECT
Mem0/conv-41:48,Mem0,2,When did John have his first firefighter call-out?,The sunday before 3` July 2023,Last Sunday,0.28571428571428575,CORRECT
A-MEM/conv-41:48,A-MEM,2,When did John have his first firefighter call-out?,The sunday before 3` July 2023,Last Sunday,0.28571428571428575,CORRECT
SimpleMem/conv-41:48,SimpleMem,2,When did John have his first firefighter call-out?,The sunday before 3` July 2023,Last Sunday,0.28571428571428575,CORRECT
LightMem_official/conv-41:48,LightMem_official,2,When did John have his first firefighter call-out?,The sunday before 3` July 2023,Last Sunday before 31 July 2023,0.7272727272727272,WRONG
HiGMem/conv-41:48,HiGMem,2,When did John have his first firefighter call-out?,The sunday before 3` July 2023,Last Sunday,0.28571428571428575,CORRECT
s_parent_single_2000/conv-41:48,s_parent_single_2000,2,When did John have his first firefighter call-out?,The sunday before 3` July 2023,Last Sunday,0.28571428571428575,CORRECT
Mem0/conv-41:49,Mem0,1,What food item did Maria drop off at the homeless shelter?,Cakes,Baked goods,0.0,CORRECT
A-MEM/conv-41:49,A-MEM,1,What food item did Maria drop off at the homeless shelter?,Cakes,Baked goods,0.0,CORRECT
LangMem/conv-41:49,LangMem,1,What food item did Maria drop off at the homeless shelter?,Cakes,Baked goods,0.0,CORRECT
SimpleMem/conv-41:49,SimpleMem,1,What food item did Maria drop off at the homeless shelter?,Cakes,Baked goods,0.0,CORRECT
LightMem_official/conv-41:49,LightMem_official,1,What food item did Maria drop off at the homeless shelter?,Cakes,Baked goods,0.0,CORRECT
HiGMem/conv-41:49,HiGMem,1,What food item did Maria drop off at the homeless shelter?,Cakes,stuff I baked,0.0,CORRECT
E-Mem/conv-41:49,E-Mem,1,What food item did Maria drop off at the homeless shelter?,Cakes,Stuff I baked,0.0,CORRECT
Naive/conv-41:50,Naive,3,What attributes describe John?,"Selfless, family-oriented, passionate, rational","passionate, determined, inspiring, resilient, supportive, adaptable, motivated",0.18181818181818182,CORRECT
A-MEM/conv-41:50,A-MEM,3,What attributes describe John?,"Selfless, family-oriented, passionate, rational","John is a community-focused individual with diverse skills, a military background, a promotion to assistant manager, and a deep sense of loyalty and altruism.",0.0,CORRECT
SimpleMem/conv-41:50,SimpleMem,3,What attributes describe John?,"Selfless, family-oriented, passionate, rational","Family-oriented, passionate about veterans, dedicated, and team-oriented.",0.4,CORRECT
s_parent_single_2000/conv-41:50,s_parent_single_2000,3,What attributes describe John?,"Selfless, family-oriented, passionate, rational","Inspiring, kind, caring, determined, passionate, motivated, supportive, responsible, compassionate, and community-focused.",0.14285714285714288,CORRECT
A-MEM/conv-41:51,A-MEM,2,When did Maria start volunteering at the homeless shelter?,Around August 2022,"About a year ago (as of August 3, 2023).",0.18181818181818182,CORRECT
s_parent_single_2000/conv-41:51,s_parent_single_2000,2,When did Maria start volunteering at the homeless shelter?,Around August 2022,approximately 2022,0.4,CORRECT
Naive/conv-41:53,Naive,2,When did John help renovate his hometown community center?,2022,last year,0.0,CORRECT
Mem0/conv-41:53,Mem0,2,When did John help renovate his hometown community center?,2022,Last year,0.0,CORRECT
A-MEM/conv-41:53,A-MEM,2,When did John help renovate his hometown community center?,2022,"Last year (Session 28, August 5, 2023).",0.0,CORRECT
SimpleMem/conv-41:53,SimpleMem,2,When did John help renovate his hometown community center?,2022,Last year,0.0,CORRECT
HiGMem/conv-41:53,HiGMem,2,When did John help renovate his hometown community center?,2022,Last year,0.0,CORRECT
SimpleMem/conv-41:54,SimpleMem,2,When did Maria take up community work with her church friends?,"August 4, 2023","The previous day (relative to August 5, 2023).",0.4,CORRECT
SimpleMem/conv-41:55,SimpleMem,2,When did Maria receive a medal from the homeless shelter?,The week before 9 August 2023,Last week,0.28571428571428575,CORRECT
E-Mem/conv-41:55,E-Mem,2,When did Maria receive a medal from the homeless shelter?,The week before 9 August 2023,Last week of August 2023.,0.6,WRONG
s_parent_single_2000/conv-41:55,s_parent_single_2000,2,When did Maria receive a medal from the homeless shelter?,The week before 9 August 2023,31 July 2023 to 6 August 2023,0.3333333333333333,CORRECT
Naive/conv-41:57,Naive,1,What causes has John done events for?,"Toy drive, Community food drive, veterans, domestic violence","veterans and their families, victims of domestic abuse",0.20833333333333331,CORRECT
Mem0/conv-41:57,Mem0,1,What causes has John done events for?,"Toy drive, Community food drive, veterans, domestic violence","Veterans, military, and community causes.",0.35,CORRECT
LangMem/conv-41:57,LangMem,1,What causes has John done events for?,"Toy drive, Community food drive, veterans, domestic violence",Veterans and community fundraising,0.20833333333333331,CORRECT
LightMem_official/conv-41:57,LightMem_official,1,What causes has John done events for?,"Toy drive, Community food drive, veterans, domestic violence",Food drive and domestic abuse.,0.30952380952380953,CORRECT
E-Mem/conv-41:57,E-Mem,1,What causes has John done events for?,"Toy drive, Community food drive, veterans, domestic violence","Veterans, victims of domestic abuse, the military, local schools, and the local fire station.",0.3333333333333333,CORRECT
s_parent_single_2000/conv-41:57,s_parent_single_2000,1,What causes has John done events for?,"Toy drive, Community food drive, veterans, domestic violence","domestic abuse, veterans and their families",0.25,CORRECT
Naive/conv-41:58,Naive,2,When did Maria get Coco?,Two weeks before 11 August 2023,two weeks ago,0.4444444444444444,CORRECT
SimpleMem/conv-41:58,SimpleMem,2,When did Maria get Coco?,Two weeks before 11 August 2023,Two weeks ago,0.4444444444444444,CORRECT
HiGMem/conv-41:58,HiGMem,2,When did Maria get Coco?,Two weeks before 11 August 2023,two weeks ago,0.4444444444444444,CORRECT
E-Mem/conv-41:58,E-Mem,2,When did Maria get Coco?,Two weeks before 11 August 2023,"Around July 28, 2023.",0.2,CORRECT
s_parent_single_2000/conv-41:58,s_parent_single_2000,2,When did Maria get Coco?,Two weeks before 11 August 2023,28 July 2023,0.2222222222222222,CORRECT
Naive/conv-41:59,Naive,2,When did John go on a camping trip with Max?,The summer of 2022,last summer,0.4,CORRECT
Mem0/conv-41:59,Mem0,2,When did John go on a camping trip with Max?,The summer of 2022,Last summer,0.4,CORRECT
A-MEM/conv-41:59,A-MEM,2,When did John go on a camping trip with Max?,The summer of 2022,Last summer,0.4,CORRECT
SimpleMem/conv-41:59,SimpleMem,2,When did John go on a camping trip with Max?,The summer of 2022,Last summer,0.4,CORRECT
HiGMem/conv-41:59,HiGMem,2,When did John go on a camping trip with Max?,The summer of 2022,last summer,0.4,CORRECT
E-Mem/conv-41:59,E-Mem,2,When did John go on a camping trip with Max?,The summer of 2022,Last summer,0.4,CORRECT
s_parent_single_2000/conv-41:59,s_parent_single_2000,2,When did John go on a camping trip with Max?,The summer of 2022,last summer,0.4,CORRECT
HiGMem/conv-41:61,HiGMem,2,When did Maria adopt Shadow?,The week before 13 August 2023,last week,0.28571428571428575,CORRECT
s_parent_single_2000/conv-41:61,s_parent_single_2000,2,When did Maria adopt Shadow?,The week before 13 August 2023,31 July 2023 to 6 August 2023,0.3333333333333333,CORRECT
Naive/conv-41:62,Naive,1,How many dogs has Maria adopted from the dog shelter she volunteers at?,two,2,0.0,CORRECT
s_parent_single_2000/conv-41:62,s_parent_single_2000,1,How many dogs has Maria adopted from the dog shelter she volunteers at?,two,2,0.0,CORRECT
Naive/conv-41:63,Naive,2,How many weeks passed between Maria adopting Coco and Shadow?,two weeks,2,0.0,CORRECT
LightMem_official/conv-41:63,LightMem_official,2,How many weeks passed between Maria adopting Coco and Shadow?,two weeks,Two weeks passed between adopting Coco and Shadow.,0.4444444444444445,CORRECT
s_parent_single_2000/conv-41:63,s_parent_single_2000,2,How many weeks passed between Maria adopting Coco and Shadow?,two weeks,2,0.0,CORRECT
LangMem/conv-41:64,LangMem,3,What job might Maria pursue in the future?,"Shelter coordinator, Counselor",Social worker or nonprofit coordinator,0.25,CORRECT
Mem0/conv-41:67,Mem0,4,How did the extra funding help the school shown in the photo shared by John?,"Enabled needed repairs and renovations, making the learning environment safer and more modern for students.",It enabled needed repairs and renovations.,0.47058823529411764,CORRECT
Mem0/conv-41:71,Mem0,4,What kind of online group did John join?,service-focused online group,Virtual support group,0.3333333333333333,CORRECT
LangMem/conv-41:71,LangMem,4,What kind of online group did John join?,service-focused online group,Virtual support group,0.3333333333333333,CORRECT
LightMem_official/conv-41:72,LightMem_official,4,What kind of activities did John and his mates from the online group do as part of their service efforts?,"gave out food and supplies at a homeless shelter, organized a toy drive for kids in need",They organized events and gave food supplies.,0.4,CORRECT
E-Mem/conv-41:72,E-Mem,4,What kind of activities did John and his mates from the online group do as part of their service efforts?,"gave out food and supplies at a homeless shelter, organized a toy drive for kids in need","Shelter visits, toy drives, veteran parties, petitions, charity runs, domestic abuse fundraising, school mentoring, and fire-fighting brigade work.",0.1935483870967742,CORRECT
LangMem/conv-41:73,LangMem,4,Who inspired Maria to start volunteering?,Her aunt,Her aunt's example of volunteering and helping during family struggles.,0.3636363636363636,CORRECT
Naive/conv-41:74,Naive,4,Why did Maria sit with the little girl at the shelter event in February 2023?,The girl seemed sad and had no other family,She noticed the little girl sitting alone and seemed sad.,0.39999999999999997,CORRECT
Mem0/conv-41:74,Mem0,4,Why did Maria sit with the little girl at the shelter event in February 2023?,The girl seemed sad and had no other family,To help the little girl when she needed someone.,0.13333333333333333,CORRECT
LangMem/conv-41:74,LangMem,4,Why did Maria sit with the little girl at the shelter event in February 2023?,The girl seemed sad and had no other family,To bring joy to the lonely 8-year-old girl.,0.14285714285714285,CORRECT
LightMem_official/conv-41:74,LightMem_official,4,Why did Maria sit with the little girl at the shelter event in February 2023?,The girl seemed sad and had no other family,To comfort the sad little girl.,0.3333333333333333,CORRECT
A-MEM/conv-41:76,A-MEM,4,Why did John decide to run for office again?,saw the impact he could make in the community through politics,To make a difference in his community.,0.4,CORRECT
LangMem/conv-41:76,LangMem,4,Why did John decide to run for office again?,saw the impact he could make in the community through politics,To make a difference in his community.,0.4,CORRECT
SimpleMem/conv-41:76,SimpleMem,4,Why did John decide to run for office again?,saw the impact he could make in the community through politics,Driven by his dream to make a difference in his community.,0.3157894736842105,CORRECT
HiGMem/conv-41:76,HiGMem,4,Why did John decide to run for office again?,saw the impact he could make in the community through politics,I guess I can't let go of my dream to make a difference in my community.,0.25,CORRECT
LightMem_official/conv-41:77,LightMem_official,4,"What activity did John's colleague, Rob, invite him to?",beginner's yoga class,Rob invited John to yoga.,0.25,CORRECT
LangMem/conv-41:80,LangMem,4,What did Maria make for her home to remind her of a trip to England?,painting of a castle on a hill,A picture of a castle in a shadow box.,0.3636363636363636,CORRECT
A-MEM/conv-41:81,A-MEM,4,Where did Maria get the idea for the castle shadow box in her home?,England,From a trip to England.,0.4,CORRECT
SimpleMem/conv-41:81,SimpleMem,4,Where did Maria get the idea for the castle shadow box in her home?,England,A trip to London.,0.0,CORRECT
LightMem_official/conv-41:81,LightMem_official,4,Where did Maria get the idea for the castle shadow box in her home?,England,From a trip to England,0.4,CORRECT
HiGMem/conv-41:81,HiGMem,4,Where did Maria get the idea for the castle shadow box in her home?,England,from that trip to England a few years ago,0.2222222222222222,CORRECT
E-Mem/conv-41:81,E-Mem,4,Where did Maria get the idea for the castle shadow box in her home?,England,From a trip to England.,0.4,CORRECT
s_parent_single_2000/conv-41:81,s_parent_single_2000,4,Where did Maria get the idea for the castle shadow box in her home?,England,London,0.0,CORRECT
Naive/conv-41:82,Naive,4,What did John receive a certificate for?,completion of a university degree,finishing his degree,0.28571428571428575,CORRECT
LightMem_official/conv-41:82,LightMem_official,4,What did John receive a certificate for?,completion of a university degree,He received it for finishing his degree.,0.18181818181818182,CORRECT
A-MEM/conv-41:84,A-MEM,4,"What did Maria participate in last weekend before April 10, 2023?",a 5K charity run,Charity event,0.4,CORRECT
HiGMem/conv-41:84,HiGMem,4,"What did Maria participate in last weekend before April 10, 2023?",a 5K charity run,running with everyone for the same cause,0.2222222222222222,CORRECT
E-Mem/conv-41:86,E-Mem,4,What did John do that put a strain on his wallet?,His car broke down,John's car breaking down and repairs.,0.4444444444444445,CORRECT
Mem0/conv-41:89,Mem0,4,Why did John start blogging about politics and policies?,raise awareness and start conversations to create positive change,To make a positive impact in his community.,0.26666666666666666,CORRECT
LightMem_official/conv-41:89,LightMem_official,4,Why did John start blogging about politics and policies?,raise awareness and start conversations to create positive change,To make a real impact.,0.16666666666666666,CORRECT
Naive/conv-41:91,Naive,2,What did John attend with his colleagues in March 2023?,a tech-for-good convention,a convention,0.6666666666666666,WRONG
Mem0/conv-41:91,Mem0,2,What did John attend with his colleagues in March 2023?,a tech-for-good convention,A convention,0.6666666666666666,WRONG
s_parent_single_2000/conv-41:91,s_parent_single_2000,2,What did John attend with his colleagues in March 2023?,a tech-for-good convention,a convention,0.6666666666666666,WRONG
HiGMem/conv-41:98,HiGMem,4,What did John host for the veterans in May 2023 as part of the project?,a small party to share their stories,throwing a small party,0.4444444444444444,CORRECT
LightMem_official/conv-41:99,LightMem_official,4,What did John and the veterans do during the small party?,share stories and make connections,They shared stories and made friends.,0.4444444444444445,CORRECT
Mem0/conv-41:100,Mem0,4,What emotions did John feel during the small party with the veterans?,heartwarming,"Grateful, moved, and inspired.",0.0,CORRECT
A-MEM/conv-41:100,A-MEM,4,What emotions did John feel during the small party with the veterans?,heartwarming,Inspiring and heartbreaking,0.0,CORRECT
LightMem_official/conv-41:100,LightMem_official,4,What emotions did John feel during the small party with the veterans?,heartwarming,"Excited, connected, and happy.",0.0,CORRECT
LightMem_official/conv-41:101,LightMem_official,4,"What event is Maria getting ready for at the shelter on May 25, 2023?",fundraiser,Maria is preparing for a fundraiser.,0.33333333333333337,CORRECT
LightMem_official/conv-41:102,LightMem_official,4,What does Maria need to spread the word about for the fundraiser for the volunteer shelter?,chili cook-off,She needs to spread the word about a chili cook-off.,0.4,CORRECT
LightMem_official/conv-41:103,LightMem_official,4,"What was the name of the pet that John had to say goodbye to on 3 June, 2023?",Max,The pet was named Max.,0.4,CORRECT
E-Mem/conv-41:105,E-Mem,4,How does John plan to honor the memories of his beloved pet?,By considering adopting a rescue dog,"By adopting a rescue dog to teach his kids responsibility, compassion, and unconditional love.",0.47058823529411764,CORRECT
Naive/conv-41:112,Naive,4,What did John recently get promoted to?,assistant manager,assistant,0.6666666666666666,WRONG
Mem0/conv-41:113,Mem0,4,What was one of the biggest challenges John faced in his journey to becoming assistant manager?,self-doubt,"Tech issues, workplace issues, and self-doubt.",0.33333333333333337,CORRECT
LightMem_official/conv-41:113,LightMem_official,4,What was one of the biggest challenges John faced in his journey to becoming assistant manager?,self-doubt,"Self-doubt, tech, and workplace hurdles.",0.4,CORRECT
A-MEM/conv-41:114,A-MEM,4,How does John describe the support he received during his journey to becoming assistant manager?,having support at home and his own grit,"It wasn't easy, but having support and believing in myself really helped me out.",0.2,CORRECT
LightMem_official/conv-41:114,LightMem_official,4,How does John describe the support he received during his journey to becoming assistant manager?,having support at home and his own grit,He credits support and believing in himself.,0.15384615384615383,CORRECT
s_parent_single_2000/conv-41:114,s_parent_single_2000,4,How does John describe the support he received during his journey to becoming assistant manager?,having support at home and his own grit,"support from loved ones, belief in himself, and grit",0.26666666666666666,CORRECT
Mem0/conv-41:118,Mem0,4,What inspired John to join the marching event for veterans' rights?,Respect for the military and the desire to show support,His passion for veterans and their rights.,0.15384615384615383,CORRECT
A-MEM/conv-41:118,A-MEM,4,What inspired John to join the marching event for veterans' rights?,Respect for the military and the desire to show support,His participation in the event was inspired by the desire to show support for veterans and acknowledge their sacrifices.,0.43478260869565216,CORRECT
LangMem/conv-41:118,LangMem,4,What inspired John to join the marching event for veterans' rights?,Respect for the military and the desire to show support,His belief that small supportive actions matter and his desire to honor veterans' sacrifices.,0.3,CORRECT
A-MEM/conv-41:119,A-MEM,4,How often does John get to see sunsets like the one he shared with Maria?,At least once a week,Three times a week.,0.28571428571428575,CORRECT
LightMem_official/conv-41:120,LightMem_official,4,"What natural disaster affected John's old area on 7 July, 2023?",Flood,A nasty flood hit John's area.,0.33333333333333337,CORRECT
Mem0/conv-41:121,Mem0,4,How did the flood impact the homes in John's old area?,Lots of homes were ruined.,They were ruined due to poor infrastructure.,0.3333333333333333,CORRECT
SimpleMem/conv-41:121,SimpleMem,4,How did the flood impact the homes in John's old area?,Lots of homes were ruined.,They were ruined due to poor infrastructure.,0.3333333333333333,CORRECT
Naive/conv-41:122,Naive,4,"What motivated Maria and John to discuss potential solutions for their community on 7 July, 2023?",Flood in John's old area,A nasty flood,0.28571428571428575,CORRECT
HiGMem/conv-41:122,HiGMem,4,"What motivated Maria and John to discuss potential solutions for their community on 7 July, 2023?",Flood in John's old area,"John informed Maria that his old area was hit by a nasty flood last week, damaging homes and highlighting the need to fix things up in their community.",0.33333333333333337,CORRECT
E-Mem/conv-41:122,E-Mem,4,"What motivated Maria and John to discuss potential solutions for their community on 7 July, 2023?",Flood in John's old area,A nasty flood that ruined homes due to poor infrastructure.,0.14285714285714285,CORRECT
A-MEM/conv-41:124,A-MEM,4,What kind of activities did Maria do at the picnic with her church friends?,played games like charades and a scavenger hunt,"They chilled under the trees, played games, and ate yummy food.",0.26666666666666666,CORRECT
HiGMem/conv-41:124,HiGMem,4,What kind of activities did Maria do at the picnic with her church friends?,played games like charades and a scavenger hunt,"chilled under the trees, played games, and ate yummy food",0.28571428571428575,CORRECT
Mem0/conv-41:125,Mem0,4,What does John appreciate about the veteran's hospital visit?,the resilience of the veterans and their inspiring stories,The eye-opening experience of meeting amazing people.,0.16666666666666666,CORRECT
LightMem_official/conv-41:125,LightMem_official,4,What does John appreciate about the veteran's hospital visit?,the resilience of the veterans and their inspiring stories,He found it eye-opening and inspiring.,0.1818181818181818,CORRECT
s_parent_single_2000/conv-41:125,s_parent_single_2000,4,What does John appreciate about the veteran's hospital visit?,the resilience of the veterans and their inspiring stories,seeing their resilience,0.4444444444444444,CORRECT
Mem0/conv-41:126,Mem0,4,What did John take away from visiting the veteran's hospital?,appreciation for giving back,The importance of helping veterans.,0.0,CORRECT
A-MEM/conv-41:126,A-MEM,4,What did John take away from visiting the veteran's hospital?,appreciation for giving back,He appreciated what they have and the need to give back.,0.46153846153846156,CORRECT
LangMem/conv-41:126,LangMem,4,What did John take away from visiting the veteran's hospital?,appreciation for giving back,He appreciated what veterans have and felt a need to give back.,0.4285714285714285,CORRECT
SimpleMem/conv-41:126,SimpleMem,4,What did John take away from visiting the veteran's hospital?,appreciation for giving back,He realized how important it is to help veterans.,0.0,CORRECT
LightMem_official/conv-41:126,LightMem_official,4,What did John take away from visiting the veteran's hospital?,appreciation for giving back,He found it eye-opening and inspiring.,0.0,CORRECT
HiGMem/conv-41:126,HiGMem,4,What did John take away from visiting the veteran's hospital?,appreciation for giving back,It made me appreciate what we have and the need to give back.,0.39999999999999997,CORRECT
Naive/conv-41:127,Naive,4,Why did John feel inspired to join the military after the visit to the hospital?,seeing the resilience of the veterans,hearing stories from an elderly veteran named Samuel,0.18181818181818182,CORRECT
LangMem/conv-41:127,LangMem,4,Why did John feel inspired to join the military after the visit to the hospital?,seeing the resilience of the veterans,The stories of resilience and heartbreak he heard from elderly veterans.,0.46153846153846156,CORRECT
HiGMem/conv-41:127,HiGMem,4,Why did John feel inspired to join the military after the visit to the hospital?,seeing the resilience of the veterans,seeing their resilience really filled me with hope,0.3333333333333333,CORRECT
E-Mem/conv-41:127,E-Mem,4,Why did John feel inspired to join the military after the visit to the hospital?,seeing the resilience of the veterans,Hearing stories from an elderly veteran named Samuel.,0.18181818181818182,CORRECT
LightMem_official/conv-41:128,LightMem_official,4,In what activity did Maria and her church friends participate in July 2023?,hiking,Hiking with church friends,0.4,CORRECT
Naive/conv-41:129,Naive,4,What does John think about trying new classes at the yoga studio?,Trying new classes is a fun way to switch up the exercise routine.,It keeps things interesting,0.0,CORRECT
Mem0/conv-41:129,Mem0,4,What does John think about trying new classes at the yoga studio?,Trying new classes is a fun way to switch up the exercise routine.,He thinks it is a great way to push himself and mix things up.,0.34782608695652173,CORRECT
A-MEM/conv-41:129,A-MEM,4,What does John think about trying new classes at the yoga studio?,Trying new classes is a fun way to switch up the exercise routine.,He finds them awesome and relaxing.,0.0,CORRECT
LangMem/conv-41:129,LangMem,4,What does John think about trying new classes at the yoga studio?,Trying new classes is a fun way to switch up the exercise routine.,He appreciates the variety and finds it keeps things interesting.,0.0,CORRECT
SimpleMem/conv-41:129,SimpleMem,4,What does John think about trying new classes at the yoga studio?,Trying new classes is a fun way to switch up the exercise routine.,He finds them challenging but peaceful.,0.0,CORRECT
LightMem_official/conv-41:129,LightMem_official,4,What does John think about trying new classes at the yoga studio?,Trying new classes is a fun way to switch up the exercise routine.,He thinks it's great for mixing things up.,0.10526315789473685,CORRECT
E-Mem/conv-41:129,E-Mem,4,What does John think about trying new classes at the yoga studio?,Trying new classes is a fun way to switch up the exercise routine.,He thinks it's awesome and a great way to push himself and mix things up.,0.2608695652173913,CORRECT
s_parent_single_2000/conv-41:129,s_parent_single_2000,4,What does John think about trying new classes at the yoga studio?,Trying new classes is a fun way to switch up the exercise routine.,It keeps things interesting,0.0,CORRECT
HiGMem/conv-41:131,HiGMem,4,"What community service did Maria mention that she was involved in on 31 July, 2023?",volunteered at a homeless shelter,dropped off that stuff I baked at the homeless shelter,0.46153846153846156,CORRECT
Naive/conv-41:133,Naive,4,"What did John do the week before August 3, 2023 involving his kids?",Had a meaningful experience at a military memorial,took them to a military memorial,0.3636363636363636,CORRECT
LangMem/conv-41:133,LangMem,4,"What did John do the week before August 3, 2023 involving his kids?",Had a meaningful experience at a military memorial,He visited a veteran's hospital and took his kids to a military memorial.,0.25,CORRECT
E-Mem/conv-41:133,E-Mem,4,"What did John do the week before August 3, 2023 involving his kids?",Had a meaningful experience at a military memorial,He took his kids to a military memorial.,0.30769230769230765,CORRECT
LangMem/conv-41:135,LangMem,4,Why does Maria think it's important for younger generations to visit military memorials?,To remember and appreciate those who served,To expose children to patriotic and commemorative experiences.,0.15384615384615383,CORRECT
Mem0/conv-41:136,Mem0,4,What does John believe is important for children regarding veterans?,Teaching them to respect and appreciate those who served,Teaching them about veterans and their sacrifices.,0.28571428571428575,CORRECT
A-MEM/conv-41:136,A-MEM,4,What does John believe is important for children regarding veterans?,Teaching them to respect and appreciate those who served,Teaching them about veterans and what they did for us.,0.23529411764705882,CORRECT
LangMem/conv-41:136,LangMem,4,What does John believe is important for children regarding veterans?,Teaching them to respect and appreciate those who served,Exposing them to patriotic and commemorative experiences.,0.28571428571428575,CORRECT
s_parent_single_2000/conv-41:136,s_parent_single_2000,4,What does John believe is important for children regarding veterans?,Teaching them to respect and appreciate those who served,It's super important to teach kids about veterans and what they did for us.,0.1904761904761905,CORRECT
Mem0/conv-41:137,Mem0,4,What happened to John's job in August 2023?,John lost his job at the mechanical engineering company.,He lost it.,0.18181818181818182,CORRECT
A-MEM/conv-41:138,A-MEM,4,What activity did Maria take up with her friends from church in August 2023?,community work,No activity with church friends in August 2023; she volunteered at a homeless shelter and participated in charity events.,0.0,CORRECT
LightMem_official/conv-41:142,LightMem_official,4,What recognition did Maria receive at the homeless shelter in August 2023?,a medal for volunteering,She received a medal for her help.,0.4444444444444444,CORRECT
LightMem_official/conv-41:143,LightMem_official,4,"What is the name of Maria's puppy she got two weeks before August 11, 2023?",Coco,The puppy's name is Coco.,0.4,CORRECT
LightMem_official/conv-41:144,LightMem_official,4,What activity did John and Max enjoy together last summer?,Camping,Camping trip with hiking and swimming,0.33333333333333337,CORRECT
A-MEM/conv-41:145,A-MEM,4,How does John describe the camping trip with Max?,Peaceful and awesome,"He had a blast, hiked, swam, and made great memories.",0.0,CORRECT
LightMem_official/conv-41:145,LightMem_official,4,How does John describe the camping trip with Max?,Peaceful and awesome,John had a blast on the trip.,0.0,CORRECT
Mem0/conv-41:146,Mem0,4,Why does John say he feels stuck and questioning his decisions and goals?,Not feeling like making much of an impact,He feels overwhelmed and sometimes doubts if he is making a difference.,0.23529411764705882,CORRECT
A-MEM/conv-41:146,A-MEM,4,Why does John say he feels stuck and questioning his decisions and goals?,Not feeling like making much of an impact,He faced self-doubt and questioned if he was on the right track.,0.0,CORRECT
LangMem/conv-41:146,LangMem,4,Why does John say he feels stuck and questioning his decisions and goals?,Not feeling like making much of an impact,He feels stuck and questioning his decisions and goals because he doubts his impact.,0.2105263157894737,CORRECT
Mem0/conv-41:149,Mem0,4,What is John currently doing as a volunteer in August 2023?,mentoring students at a local school,John is volunteering as a mentor for a local school.,0.4615384615384615,CORRECT
Mem0/conv-41:150,Mem0,4,What activities does John's family enjoy doing together?,"going for hikes, hanging out at the park, having picnics, playing board games, having movie nights","Hiking, park hangouts, picnics, live music events, and road trips.",0.25,CORRECT
LangMem/conv-41:150,LangMem,4,What activities does John's family enjoy doing together?,"going for hikes, hanging out at the park, having picnics, playing board games, having movie nights","Park visits, picnics, walks, and community events.",0.19047619047619044,CORRECT
A-MEM/conv-42:0,A-MEM,3,Is it likely that Nate has friends besides Joanna?,Yesteammates on hisvideo game team.,"Yes, he has old friends and teammates from other tournaments.",0.0,CORRECT
LightMem_official/conv-42:0,LightMem_official,3,Is it likely that Nate has friends besides Joanna?,Yesteammates on hisvideo game team.,"Yes, Nate has other friends.",0.0,CORRECT
HiGMem/conv-42:0,HiGMem,3,Is it likely that Nate has friends besides Joanna?,Yesteammates on hisvideo game team.,some old friends,0.0,CORRECT
Naive/conv-42:1,Naive,1,What kind of interests do Joanna and Nate share?,"Watching movies, making desserts",movies,0.3333333333333333,CORRECT
A-MEM/conv-42:2,A-MEM,2,"When did Joanna first watch ""Eternal Sunshine of the Spotless Mind?",2019,Around 3 years ago.,0.0,CORRECT
SimpleMem/conv-42:2,SimpleMem,2,"When did Joanna first watch ""Eternal Sunshine of the Spotless Mind?",2019,Around 3 years ago.,0.0,CORRECT
LightMem_official/conv-42:2,LightMem_official,2,"When did Joanna first watch ""Eternal Sunshine of the Spotless Mind?",2019,"Around 3 years after Jan 21, 2022.",0.0,CORRECT
HiGMem/conv-42:2,HiGMem,2,"When did Joanna first watch ""Eternal Sunshine of the Spotless Mind?",2019,around 3 years ago,0.0,CORRECT
Naive/conv-42:3,Naive,2,When did Nate win his first video game tournament?,"the week before 21Janury, 2022",21 January 2022,0.28571428571428575,CORRECT
A-MEM/conv-42:3,A-MEM,2,When did Nate win his first video game tournament?,"the week before 21Janury, 2022","Last week (relative to January 21, 2022).",0.36363636363636365,CORRECT
SimpleMem/conv-42:3,SimpleMem,2,When did Nate win his first video game tournament?,"the week before 21Janury, 2022",Last week of January 2022.,0.4444444444444445,CORRECT
HiGMem/conv-42:3,HiGMem,2,When did Nate win his first video game tournament?,"the week before 21Janury, 2022","21 January, 2022",0.28571428571428575,CORRECT
A-MEM/conv-42:4,A-MEM,3,What pets wouldn't cause any discomfort to Joanna?,"Hairless cats or pigs,since they don't have fur, which is one of the main causes of Joanna's allergy.",Pets she is not allergic to.,0.08695652173913045,CORRECT
Naive/conv-42:5,Naive,1,What are Joanna's hobbies?,"Writing, watchingmovies, exploringnature, hanging withfriends.","writing, reading, watching movies, exploring nature",0.25,CORRECT
Mem0/conv-42:5,Mem0,1,What are Joanna's hobbies?,"Writing, watchingmovies, exploringnature, hanging withfriends.","Writing, cooking, baking, and exploring nature.",0.25,CORRECT
A-MEM/conv-42:5,A-MEM,1,What are Joanna's hobbies?,"Writing, watchingmovies, exploringnature, hanging withfriends.","Reading, watching movies, nature, hiking, and gaming.",0.0,CORRECT
LangMem/conv-42:5,LangMem,1,What are Joanna's hobbies?,"Writing, watchingmovies, exploringnature, hanging withfriends.","Writing, reading, watching movies, and exploring nature.",0.25,CORRECT
SimpleMem/conv-42:5,SimpleMem,1,What are Joanna's hobbies?,"Writing, watchingmovies, exploringnature, hanging withfriends.","Writing, reading, watching movies, and exploring nature.",0.25,CORRECT
E-Mem/conv-42:5,E-Mem,1,What are Joanna's hobbies?,"Writing, watchingmovies, exploringnature, hanging withfriends.","Writing, reading, watching movies, exploring nature, hiking, hanging with friends, cooking, baking, collecting superhero memorabilia, and watching people play with animals.",0.35,CORRECT
s_parent_single_2000/conv-42:5,s_parent_single_2000,1,What are Joanna's hobbies?,"Writing, watchingmovies, exploringnature, hanging withfriends.","writing, reading, watching movies, exploring nature",0.25,CORRECT
LightMem_official/conv-42:6,LightMem_official,2,How long has Nate had his first two turtles?,three years,Since January 2022,0.0,CORRECT
HiGMem/conv-42:6,HiGMem,2,How long has Nate had his first two turtles?,three years,"since 5 September, 2022",0.0,CORRECT
A-MEM/conv-42:7,A-MEM,2,When did Joanna finish her first screenplay?,"The Friday before 23January, 2022","Last Friday (Session 2, 23 January 2022).",0.36363636363636365,CORRECT
LangMem/conv-42:7,LangMem,2,When did Joanna finish her first screenplay?,"The Friday before 23January, 2022","Last Friday, 23 January 2022",0.4444444444444445,CORRECT
LightMem_official/conv-42:7,LightMem_official,2,When did Joanna finish her first screenplay?,"The Friday before 23January, 2022",23 January 2022,0.28571428571428575,CORRECT
HiGMem/conv-42:7,HiGMem,2,When did Joanna finish her first screenplay?,"The Friday before 23January, 2022","23 January, 2022",0.28571428571428575,CORRECT
Mem0/conv-42:8,Mem0,2,When did Nate get his first two turtles?,2019,3 years ago,0.0,CORRECT
A-MEM/conv-42:10,A-MEM,1,What emotions is Joanna feeling about  the screenplay she submitted?,"Relief, excitement,worry, hope,anxiety.",Excitement and anxiety.,0.26666666666666666,CORRECT
LightMem_official/conv-42:10,LightMem_official,1,What emotions is Joanna feeling about  the screenplay she submitted?,"Relief, excitement,worry, hope,anxiety.","Excited, hopeful, and anxious.",0.4,CORRECT
Naive/conv-42:11,Naive,1,What is Joanna allergic to?,"Most reptiles,animals with fur,cockroaches, dairy",most reptiles and animals with fur,0.33035714285714285,CORRECT
HiGMem/conv-42:11,HiGMem,1,What is Joanna allergic to?,"Most reptiles,animals with fur,cockroaches, dairy",most reptiles and animals with fur,0.33035714285714285,CORRECT
Naive/conv-42:13,Naive,2,When did Joanna have an audition for a writing gig?,"23 March, 2022.",24 March 2022,0.6666666666666666,WRONG
A-MEM/conv-42:13,A-MEM,2,When did Joanna have an audition for a writing gig?,"23 March, 2022.","24 March, 2022",0.6666666666666666,WRONG
LangMem/conv-42:13,LangMem,2,When did Joanna have an audition for a writing gig?,"23 March, 2022.","March 24, 2022",0.6666666666666666,WRONG
SimpleMem/conv-42:13,SimpleMem,2,When did Joanna have an audition for a writing gig?,"23 March, 2022.","March 24, 2022",0.6666666666666666,WRONG
LightMem_official/conv-42:13,LightMem_official,2,When did Joanna have an audition for a writing gig?,"23 March, 2022.",24 March 2022,0.6666666666666666,WRONG
HiGMem/conv-42:13,HiGMem,2,When did Joanna have an audition for a writing gig?,"23 March, 2022.","24 March, 2022",0.6666666666666666,WRONG
Naive/conv-42:15,Naive,2,When did Nate get purple hair?,"The week before 15April, 2022.",15 April 2022,0.28571428571428575,CORRECT
A-MEM/conv-42:15,A-MEM,2,When did Nate get purple hair?,"The week before 15April, 2022.","Last week (Session 7, April 15, 2022).",0.36363636363636365,CORRECT
LangMem/conv-42:15,LangMem,2,When did Nate get purple hair?,"The week before 15April, 2022.","April 15, 2022",0.28571428571428575,CORRECT
SimpleMem/conv-42:15,SimpleMem,2,When did Nate get purple hair?,"The week before 15April, 2022.","Last week (relative to April 15, 2022).",0.36363636363636365,CORRECT
LightMem_official/conv-42:15,LightMem_official,2,When did Nate get purple hair?,"The week before 15April, 2022.","April 15, 2022",0.28571428571428575,CORRECT
E-Mem/conv-42:15,E-Mem,2,When did Nate get purple hair?,"The week before 15April, 2022.","April 8, 2022",0.28571428571428575,CORRECT
A-MEM/conv-42:16,A-MEM,2,What physical transformation did Nate undergo in April 2022?,dyed his hair purple,Nate got a purple hair dye.,0.4444444444444445,CORRECT
s_parent_single_2000/conv-42:19,s_parent_single_2000,1,How many times has Joanna found new hiking trails?,twice,2,0.0,CORRECT
LightMem_official/conv-42:21,LightMem_official,2,Who was the new addition to Nate's family in May 2022?,Max,Max was the new addition.,0.4,CORRECT
LightMem_official/conv-42:24,LightMem_official,2,When is Nate hosting a gaming party?,"The weekend after 3June, 2022.","June 17, 2022",0.28571428571428575,CORRECT
E-Mem/conv-42:24,E-Mem,2,When is Nate hosting a gaming party?,"The weekend after 3June, 2022.","June 18, 2022",0.28571428571428575,CORRECT
s_parent_single_2000/conv-42:24,s_parent_single_2000,2,When is Nate hosting a gaming party?,"The weekend after 3June, 2022.",24 June 2022,0.28571428571428575,CORRECT
Mem0/conv-42:25,Mem0,2,When did Joanna hike with her buddies?,"The weekend after 3June, 2022.",This weekend,0.3333333333333333,CORRECT
LangMem/conv-42:26,LangMem,2,When did Nate win his third tourney?,"The week before 3June, 2022","June 3, 2022",0.28571428571428575,CORRECT
HiGMem/conv-42:27,HiGMem,1,What places has Joanna submitted her work to?,"film contest, film festival.","film contest, production company",0.75,WRONG
Naive/conv-42:28,Naive,2,When did Nate make vegan icecream and share it with a vegan diet group?,"The Friday before 24June, 2022.",24 June 2022,0.28571428571428575,CORRECT
Mem0/conv-42:28,Mem0,2,When did Nate make vegan icecream and share it with a vegan diet group?,"The Friday before 24June, 2022.",Last Friday,0.3333333333333333,CORRECT
A-MEM/conv-42:28,A-MEM,2,When did Nate make vegan icecream and share it with a vegan diet group?,"The Friday before 24June, 2022.","Last Friday (Session 16, June 24, 2022).",0.36363636363636365,CORRECT
LightMem_official/conv-42:28,LightMem_official,2,When did Nate make vegan icecream and share it with a vegan diet group?,"The Friday before 24June, 2022.",24 June 2022,0.28571428571428575,CORRECT
HiGMem/conv-42:28,HiGMem,2,When did Nate make vegan icecream and share it with a vegan diet group?,"The Friday before 24June, 2022.",last Friday,0.3333333333333333,CORRECT
E-Mem/conv-42:28,E-Mem,2,When did Nate make vegan icecream and share it with a vegan diet group?,"The Friday before 24June, 2022.","June 17, 2022",0.28571428571428575,CORRECT
s_parent_single_2000/conv-42:28,s_parent_single_2000,2,When did Nate make vegan icecream and share it with a vegan diet group?,"The Friday before 24June, 2022.",24 June 2022,0.28571428571428575,CORRECT
Mem0/conv-42:29,Mem0,2,When is Joanna going to make Nate's ice cream for her family?,"The weekend of 24June, 2022.",This weekend,0.3333333333333333,CORRECT
LightMem_official/conv-42:29,LightMem_official,2,When is Joanna going to make Nate's ice cream for her family?,"The weekend of 24June, 2022.",24 June 2022,0.28571428571428575,CORRECT
HiGMem/conv-42:29,HiGMem,2,When is Joanna going to make Nate's ice cream for her family?,"The weekend of 24June, 2022.",this weekend,0.3333333333333333,CORRECT
E-Mem/conv-42:29,E-Mem,2,When is Joanna going to make Nate's ice cream for her family?,"The weekend of 24June, 2022.",This weekend.,0.3333333333333333,CORRECT
s_parent_single_2000/conv-42:29,s_parent_single_2000,2,When is Joanna going to make Nate's ice cream for her family?,"The weekend of 24June, 2022.",25 June 2022,0.28571428571428575,CORRECT
Naive/conv-42:30,Naive,1,What kind of writings does Joanna do?,"Screenplays,books, online blog posts, journal",screenplays,0.25,CORRECT
Mem0/conv-42:30,Mem0,1,What kind of writings does Joanna do?,"Screenplays,books, online blog posts, journal","Fiction, personal stories, and screenplays.",0.25,CORRECT
LangMem/conv-42:30,LangMem,1,What kind of writings does Joanna do?,"Screenplays,books, online blog posts, journal","Creative writing, including novels and screenplays.",0.125,CORRECT
HiGMem/conv-42:30,HiGMem,1,What kind of writings does Joanna do?,"Screenplays,books, online blog posts, journal",screenplay,0.25,CORRECT
Naive/conv-42:31,Naive,2,When did Nate win his fourth video game tournament?,"The Friday before 10July, 2022.",10 July 2022,0.28571428571428575,CORRECT
LangMem/conv-42:31,LangMem,2,When did Nate win his fourth video game tournament?,"The Friday before 10July, 2022.","July 10, 2022",0.28571428571428575,CORRECT
HiGMem/conv-42:31,HiGMem,2,When did Nate win his fourth video game tournament?,"The Friday before 10July, 2022.","10 July, 2022",0.28571428571428575,CORRECT
E-Mem/conv-42:31,E-Mem,2,When did Nate win his fourth video game tournament?,"The Friday before 10July, 2022.","July 8, 2022",0.28571428571428575,CORRECT
Naive/conv-42:35,Naive,2,When did Nate take time off to chill with his pets?,"The weekend of 22August, 2022.",22 August 2022,0.28571428571428575,CORRECT
SimpleMem/conv-42:35,SimpleMem,2,When did Nate take time off to chill with his pets?,"The weekend of 22August, 2022.","August 22, 2022",0.28571428571428575,CORRECT
LightMem_official/conv-42:35,LightMem_official,2,When did Nate take time off to chill with his pets?,"The weekend of 22August, 2022.",22 August 2022,0.28571428571428575,CORRECT
HiGMem/conv-42:35,HiGMem,2,When did Nate take time off to chill with his pets?,"The weekend of 22August, 2022.","22 August, 2022",0.28571428571428575,CORRECT
s_parent_single_2000/conv-42:35,s_parent_single_2000,2,When did Nate take time off to chill with his pets?,"The weekend of 22August, 2022.",22 August 2022,0.28571428571428575,CORRECT
A-MEM/conv-42:36,A-MEM,2,When did Joanna share her book with her writers group?,"The week before 22August, 2022.","Last week (relative to August 22, 2022).",0.36363636363636365,CORRECT
s_parent_single_2000/conv-42:36,s_parent_single_2000,2,When did Joanna share her book with her writers group?,"The week before 22August, 2022.",22 August 2022,0.28571428571428575,CORRECT
Naive/conv-42:37,Naive,2,When did Nate win an international tournament?,"21 August, 2022",22 August 2022,0.6666666666666666,WRONG
A-MEM/conv-42:37,A-MEM,2,When did Nate win an international tournament?,"21 August, 2022","22 August, 2022",0.6666666666666666,WRONG
LightMem_official/conv-42:37,LightMem_official,2,When did Nate win an international tournament?,"21 August, 2022",22 August 2022,0.6666666666666666,WRONG
HiGMem/conv-42:37,HiGMem,2,When did Nate win an international tournament?,"21 August, 2022","22 August, 2022",0.6666666666666666,WRONG
LightMem_official/conv-42:38,LightMem_official,2,When did Joanna make a desert with almond milk?,"The Friday before 14September, 2022","Last Friday, 14 September 2022.",0.4444444444444445,CORRECT
E-Mem/conv-42:38,E-Mem,2,When did Joanna make a desert with almond milk?,"The Friday before 14September, 2022","September 9, 2022",0.28571428571428575,CORRECT
s_parent_single_2000/conv-42:38,s_parent_single_2000,2,When did Joanna make a desert with almond milk?,"The Friday before 14September, 2022",14 September 2022,0.28571428571428575,CORRECT
Naive/conv-42:40,Naive,2,When did Joanna's laptop crash?,"The week before 14September, 2022",14 September 2022,0.28571428571428575,CORRECT
LangMem/conv-42:40,LangMem,2,When did Joanna's laptop crash?,"The week before 14September, 2022","September 14, 2022",0.28571428571428575,CORRECT
SimpleMem/conv-42:40,SimpleMem,2,When did Joanna's laptop crash?,"The week before 14September, 2022","Last week (relative to September 14, 2022).",0.36363636363636365,CORRECT
LightMem_official/conv-42:40,LightMem_official,2,When did Joanna's laptop crash?,"The week before 14September, 2022",14 September 2022,0.28571428571428575,CORRECT
LangMem/conv-42:41,LangMem,2,When did Joanna make a chocolate tart with raspberries?,"5 October, 2022","October 6, 2022",0.6666666666666666,WRONG
Mem0/conv-42:42,Mem0,1,What movies have both Joanna and Nate seen?,"""Little Women"", ""Lord of the Rings""",The Lord of the Rings Trilogy,0.42857142857142855,CORRECT
HiGMem/conv-42:42,HiGMem,1,What movies have both Joanna and Nate seen?,"""Little Women"", ""Lord of the Rings""",The Lord of the Rings Trilogy,0.42857142857142855,CORRECT
A-MEM/conv-42:45,A-MEM,2,When did Joanna finish up the writing for her book?,"The week before 6October, 2022","Last week (relative to Session 22 on October 6, 2022).",0.28571428571428575,CORRECT
LangMem/conv-42:45,LangMem,2,When did Joanna finish up the writing for her book?,"The week before 6October, 2022",Last week of September 2022,0.4444444444444445,CORRECT
s_parent_single_2000/conv-42:45,s_parent_single_2000,2,When did Joanna finish up the writing for her book?,"The week before 6October, 2022",26 September 2022 to 2 October 2022,0.18181818181818182,CORRECT
Naive/conv-42:47,Naive,1,What places has Nate met new people?,A tournament and agaming convention.,a game convention,0.4,CORRECT
Mem0/conv-42:47,Mem0,1,What places has Nate met new people?,A tournament and agaming convention.,Game convention,0.4,CORRECT
LangMem/conv-42:47,LangMem,1,What places has Nate met new people?,A tournament and agaming convention.,A game convention,0.4,CORRECT
Naive/conv-42:48,Naive,2,When did Nate go to a convention and meet new people?,"The Friday before 9October, 2022.",9 October 2022,0.28571428571428575,CORRECT
LightMem_official/conv-42:48,LightMem_official,2,When did Nate go to a convention and meet new people?,"The Friday before 9October, 2022.","October 7, 2022 (last Friday).",0.4444444444444445,CORRECT
s_parent_single_2000/conv-42:48,s_parent_single_2000,2,When did Nate go to a convention and meet new people?,"The Friday before 9October, 2022.",9 October 2022,0.28571428571428575,CORRECT
Naive/conv-42:49,Naive,1,How many times has Joanna's scripts been rejected?,Twice,2,0.0,CORRECT
Naive/conv-42:50,Naive,1,What is something Nate gave to Joanna that brings her a lot of joy?,stuffed toy pup,a stuffed animal,0.4,CORRECT
Mem0/conv-42:50,Mem0,1,What is something Nate gave to Joanna that brings her a lot of joy?,stuffed toy pup,A stuffed animal,0.4,CORRECT
LangMem/conv-42:50,LangMem,1,What is something Nate gave to Joanna that brings her a lot of joy?,stuffed toy pup,A stuffed animal,0.4,CORRECT
LightMem_official/conv-42:53,LightMem_official,1,How many times has Nate taken his turtles on a walk?,Twice.,Two documented instances found.,0.0,CORRECT
Naive/conv-42:54,Naive,2,When was Joanna's second movie script shown on the big screens?,"The Sunday before 25October, 2022.",25 October 2022,0.28571428571428575,CORRECT
A-MEM/conv-42:54,A-MEM,2,When was Joanna's second movie script shown on the big screens?,"The Sunday before 25October, 2022.","Last Sunday (Session 25, October 25, 2022).",0.36363636363636365,CORRECT
LangMem/conv-42:54,LangMem,2,When was Joanna's second movie script shown on the big screens?,"The Sunday before 25October, 2022.","October 16, 2022",0.28571428571428575,CORRECT
LightMem_official/conv-42:54,LightMem_official,2,When was Joanna's second movie script shown on the big screens?,"The Sunday before 25October, 2022.",25 October 2022,0.28571428571428575,CORRECT
E-Mem/conv-42:54,E-Mem,2,When was Joanna's second movie script shown on the big screens?,"The Sunday before 25October, 2022.","October 23, 2022",0.28571428571428575,CORRECT
Naive/conv-42:55,Naive,1,What is Joanna inspired by?,"Personal experiences,her own journey ofself discovery, Nate,nature, validation,stories about findingcourage and takingrisks, people she knows, stuff she sees, imagination",nature,0.1111111111111111,CORRECT
Mem0/conv-42:55,Mem0,1,What is Joanna inspired by?,"Personal experiences,her own journey ofself discovery, Nate,nature, validation,stories about findingcourage and takingrisks, people she knows, stuff she sees, imagination","Nature, personal experiences, and stories about finding courage and taking risks.",0.26666666666666666,CORRECT
SimpleMem/conv-42:55,SimpleMem,1,What is Joanna inspired by?,"Personal experiences,her own journey ofself discovery, Nate,nature, validation,stories about findingcourage and takingrisks, people she knows, stuff she sees, imagination","Personal experiences, her own journey of self-discovery, people she knows, things she sees, and her own imagination.",0.4185185185185185,CORRECT
LightMem_official/conv-42:55,LightMem_official,1,What is Joanna inspired by?,"Personal experiences,her own journey ofself discovery, Nate,nature, validation,stories about findingcourage and takingrisks, people she knows, stuff she sees, imagination",Nature and personal experiences.,0.14444444444444446,CORRECT
HiGMem/conv-42:55,HiGMem,1,What is Joanna inspired by?,"Personal experiences,her own journey ofself discovery, Nate,nature, validation,stories about findingcourage and takingrisks, people she knows, stuff she sees, imagination",personal experiences and my own journey of self-discovery,0.08641975308641975,CORRECT
E-Mem/conv-42:55,E-Mem,1,What is Joanna inspired by?,"Personal experiences,her own journey ofself discovery, Nate,nature, validation,stories about findingcourage and takingrisks, people she knows, stuff she sees, imagination","Nature, her bookshelf, Nate's boldness, stories about courage, dreams, and positive feedback from an actor.",0.2804232804232804,CORRECT
LangMem/conv-42:57,LangMem,2,When did Joanna plan to go over to Nate's and share recipes?,"5 November, 2022.","November 4, 2022",0.6666666666666666,WRONG
LightMem_official/conv-42:57,LightMem_official,2,When did Joanna plan to go over to Nate's and share recipes?,"5 November, 2022.",09 November 2022,0.6666666666666666,WRONG
Naive/conv-42:59,Naive,1,What does Joanna do to remember happy memories?,"Hangs them on a corkboard, writes themin a notebook.",She writes them down.,0.2678571428571429,CORRECT
Mem0/conv-42:59,Mem0,1,What does Joanna do to remember happy memories?,"Hangs them on a corkboard, writes themin a notebook.",She writes them down.,0.2678571428571429,CORRECT
A-MEM/conv-42:59,A-MEM,1,What does Joanna do to remember happy memories?,"Hangs them on a corkboard, writes themin a notebook.",She writes them down in a notebook.,0.3222222222222222,CORRECT
LangMem/conv-42:59,LangMem,1,What does Joanna do to remember happy memories?,"Hangs them on a corkboard, writes themin a notebook.",She writes them down in a notebook.,0.3222222222222222,CORRECT
SimpleMem/conv-42:59,SimpleMem,1,What does Joanna do to remember happy memories?,"Hangs them on a corkboard, writes themin a notebook.",She writes them down in a notebook.,0.3222222222222222,CORRECT
LightMem_official/conv-42:59,LightMem_official,1,What does Joanna do to remember happy memories?,"Hangs them on a corkboard, writes themin a notebook.",She writes them down in a notebook.,0.3222222222222222,CORRECT
HiGMem/conv-42:59,HiGMem,1,What does Joanna do to remember happy memories?,"Hangs them on a corkboard, writes themin a notebook.",started writing some of my favorite memories down,0.09090909090909091,CORRECT
E-Mem/conv-42:59,E-Mem,1,What does Joanna do to remember happy memories?,"Hangs them on a corkboard, writes themin a notebook.","She writes them down, immerses herself in nature, keeps family photos on a cork board, and uses the name ""Tilly"" for a stuffed animal.",0.2678571428571429,CORRECT
s_parent_single_2000/conv-42:59,s_parent_single_2000,1,What does Joanna do to remember happy memories?,"Hangs them on a corkboard, writes themin a notebook.",Joanna writes down her favorite memories and hangs her family photo on a cork board.,0.1801470588235294,CORRECT
Mem0/conv-42:60,Mem0,3,What Console does Nate own?,"A Nintendo Switch; since the game ""Xenoblade 2"" is made for this console.",Nintendo,0.6666666666666666,WRONG
E-Mem/conv-42:60,E-Mem,3,What Console does Nate own?,"A Nintendo Switch; since the game ""Xenoblade 2"" is made for this console.",Nintendo,0.6666666666666666,WRONG
E-Mem/conv-42:61,E-Mem,1,What mediums does Nate use to play games?,"Gamecube, PC,Playstation.","Computers, Nintendo consoles, Xbox controllers, and televisions.",0.0,CORRECT
Naive/conv-42:63,Naive,1,What video games does Nate play?,"Valorant, Counter Strike:Global Offensive,Xenoblade Chronicles, StreetFighter, Cyberpunk 2077","Counter-Strike: Global Offensive, Street Fighter, Valorant, and Xeonoblade Chronicles",0.36666666666666664,CORRECT
A-MEM/conv-42:63,A-MEM,1,What video games does Nate play?,"Valorant, Counter Strike:Global Offensive,Xenoblade Chronicles, StreetFighter, Cyberpunk 2077",Counter-Strike: Global Offensive,0.06666666666666667,CORRECT
LightMem_official/conv-42:63,LightMem_official,1,What video games does Nate play?,"Valorant, Counter Strike:Global Offensive,Xenoblade Chronicles, StreetFighter, Cyberpunk 2077","CS:GO, Street Fighter, Cyberpunk 2077",0.2,CORRECT
HiGMem/conv-42:63,HiGMem,1,What video games does Nate play?,"Valorant, Counter Strike:Global Offensive,Xenoblade Chronicles, StreetFighter, Cyberpunk 2077","video games, team shooter game, fantasy RPG called Xeonoblade Chronicles, Valorant",0.2571428571428572,CORRECT
Naive/conv-42:64,Naive,2,When did Nate win a big Valorant tourney?,"The Saturday before 7November, 2022",7 November 2022,0.28571428571428575,CORRECT
A-MEM/conv-42:64,A-MEM,2,When did Nate win a big Valorant tourney?,"The Saturday before 7November, 2022","Last Saturday (November 7, 2022)",0.4444444444444445,CORRECT
LangMem/conv-42:64,LangMem,2,When did Nate win a big Valorant tourney?,"The Saturday before 7November, 2022","November 5, 2022",0.28571428571428575,CORRECT
HiGMem/conv-42:64,HiGMem,2,When did Nate win a big Valorant tourney?,"The Saturday before 7November, 2022","7 November, 2022",0.28571428571428575,CORRECT
E-Mem/conv-42:64,E-Mem,2,When did Nate win a big Valorant tourney?,"The Saturday before 7November, 2022","November 5, 2022",0.28571428571428575,CORRECT
s_parent_single_2000/conv-42:64,s_parent_single_2000,2,When did Nate win a big Valorant tourney?,"The Saturday before 7November, 2022",7 November 2022,0.28571428571428575,CORRECT
LangMem/conv-42:65,LangMem,2,Which torunament did Nate win in the beginning of November 2022?,Valorant,The final of a big Valorant tournament,0.33333333333333337,CORRECT
LightMem_official/conv-42:65,LightMem_official,2,Which torunament did Nate win in the beginning of November 2022?,Valorant,The Valorant tournament on Nov 6.,0.33333333333333337,CORRECT
SimpleMem/conv-42:67,SimpleMem,1,What pets does Nate have?,A dog and threeturtles.,"Max, turtles, and a turtleling.",0.0,CORRECT
E-Mem/conv-42:67,E-Mem,1,What pets does Nate have?,A dog and threeturtles.,Turtles,0.0,CORRECT
s_parent_single_2000/conv-42:67,s_parent_single_2000,1,What pets does Nate have?,A dog and threeturtles.,"Max, turtles",0.0,CORRECT
Naive/conv-42:69,Naive,1,How many turtles does Nate have?,Three,3,0.0,CORRECT
LightMem_official/conv-42:69,LightMem_official,1,How many turtles does Nate have?,Three,Nate has three turtles.,0.4,CORRECT
Naive/conv-42:70,Naive,1,What activities does Nate do with his turtles?,"takes them onwalks, holds them,feeds themstrawberries, givesthem baths.",walking them,0.225,CORRECT
Mem0/conv-42:70,Mem0,1,What activities does Nate do with his turtles?,"takes them onwalks, holds them,feeds themstrawberries, givesthem baths.","Taking them to the beach, walking them, and watching them eat.",0.2678571428571429,CORRECT
A-MEM/conv-42:70,A-MEM,1,What activities does Nate do with his turtles?,"takes them onwalks, holds them,feeds themstrawberries, givesthem baths.",Walking them out for a walk.,0.13392857142857145,CORRECT
LangMem/conv-42:70,LangMem,1,What activities does Nate do with his turtles?,"takes them onwalks, holds them,feeds themstrawberries, givesthem baths.",Giving them baths and observing them eat fruit.,0.16111111111111112,CORRECT
SimpleMem/conv-42:70,SimpleMem,1,What activities does Nate do with his turtles?,"takes them onwalks, holds them,feeds themstrawberries, givesthem baths.","He holds them, watches them eat, and takes them to the beach.",0.34285714285714286,CORRECT
HiGMem/conv-42:70,HiGMem,1,What activities does Nate do with his turtles?,"takes them onwalks, holds them,feeds themstrawberries, givesthem baths.",taking them out for a walk,0.19642857142857145,CORRECT
s_parent_single_2000/conv-42:70,s_parent_single_2000,1,What activities does Nate do with his turtles?,"takes them onwalks, holds them,feeds themstrawberries, givesthem baths.","spending time with them, taking them out for a walk, holding them, watching them play, bringing them into the kitchen to watch him make food",0.375,CORRECT
Mem0/conv-42:71,Mem0,1,What do both Joanna and Nate appreciate the beauty of?,Nature,Life's beauty,0.0,CORRECT
LangMem/conv-42:72,LangMem,2,When did Joanna plan on going to Nate's to watch him play with his turtles?,"10 November, 2022","November 9, 2022",0.6666666666666666,WRONG
LightMem_official/conv-42:72,LightMem_official,2,When did Joanna plan on going to Nate's to watch him play with his turtles?,"10 November, 2022",09 November 2022,0.6666666666666666,WRONG
HiGMem/conv-42:72,HiGMem,2,When did Joanna plan on going to Nate's to watch him play with his turtles?,"10 November, 2022","9 November, 2022",0.6666666666666666,WRONG
E-Mem/conv-42:74,E-Mem,1,What recommendations has Nate received from Joanna?,"""Eternal Sunshine of the Spotless Mind"" movie, ""A Court of Thorns and Roses"" book, pointers for making living room comfy, starting a cork board for memories, ""Little Women"" movie","A romantic drama about memory, ""Little Women,"" writing advice, a cork board idea, and a fantasy book series.",0.31,CORRECT
Naive/conv-42:75,Naive,1,What are Nate's favorite desserts?,"coconut milk icecream, dairy-free chocolate cake with berries, chocolate and mixed-berry icecream, dairy-free chocolate mousse",coconut milk ice cream,0.14285714285714288,CORRECT
Mem0/conv-42:75,Mem0,1,What are Nate's favorite desserts?,"coconut milk icecream, dairy-free chocolate cake with berries, chocolate and mixed-berry icecream, dairy-free chocolate mousse",Dairy-free chocolate cake and coconut milk ice cream.,0.375,CORRECT
A-MEM/conv-42:75,A-MEM,1,What are Nate's favorite desserts?,"coconut milk icecream, dairy-free chocolate cake with berries, chocolate and mixed-berry icecream, dairy-free chocolate mousse","Chocolate and berry flavors, particularly dairy-free chocolate cake and chocolate raspberry tart.",0.30833333333333335,CORRECT
LightMem_official/conv-42:75,LightMem_official,1,What are Nate's favorite desserts?,"coconut milk icecream, dairy-free chocolate cake with berries, chocolate and mixed-berry icecream, dairy-free chocolate mousse",Chocolate mousse and coconut milk ice cream.,0.3232323232323232,CORRECT
E-Mem/conv-42:75,E-Mem,1,What are Nate's favorite desserts?,"coconut milk icecream, dairy-free chocolate cake with berries, chocolate and mixed-berry icecream, dairy-free chocolate mousse",Coconut milk ice cream,0.14285714285714288,CORRECT
s_parent_single_2000/conv-42:75,s_parent_single_2000,1,What are Nate's favorite desserts?,"coconut milk icecream, dairy-free chocolate cake with berries, chocolate and mixed-berry icecream, dairy-free chocolate mousse","chocolate, mixed berry, coconut milk",0.5333333333333333,WRONG
Naive/conv-42:76,Naive,1,How has Nate tried to disburse his vegan ice-cream recipes?,"teaching others, cooking show",on his own cooking show,0.28571428571428575,CORRECT
Mem0/conv-42:76,Mem0,1,How has Nate tried to disburse his vegan ice-cream recipes?,"teaching others, cooking show",By teaching people on his own cooking show and sharing them with his vegan diet group.,0.1764705882352941,CORRECT
A-MEM/conv-42:76,A-MEM,1,How has Nate tried to disburse his vegan ice-cream recipes?,"teaching others, cooking show",He shared it with his vegan diet group and taught it on his own cooking show.,0.11764705882352941,CORRECT
LangMem/conv-42:76,LangMem,1,How has Nate tried to disburse his vegan ice-cream recipes?,"teaching others, cooking show",On his own cooking show,0.28571428571428575,CORRECT
SimpleMem/conv-42:76,SimpleMem,1,How has Nate tried to disburse his vegan ice-cream recipes?,"teaching others, cooking show",On his own cooking show.,0.28571428571428575,CORRECT
LightMem_official/conv-42:76,LightMem_official,1,How has Nate tried to disburse his vegan ice-cream recipes?,"teaching others, cooking show",He taught it on a cooking show.,0.25,CORRECT
HiGMem/conv-42:76,HiGMem,1,How has Nate tried to disburse his vegan ice-cream recipes?,"teaching others, cooking show",teaching people vegan ice cream recipes on my own cooking show,0.23076923076923078,CORRECT
E-Mem/conv-42:76,E-Mem,1,How has Nate tried to disburse his vegan ice-cream recipes?,"teaching others, cooking show",On his own cooking show.,0.28571428571428575,CORRECT
s_parent_single_2000/conv-42:76,s_parent_single_2000,1,How has Nate tried to disburse his vegan ice-cream recipes?,"teaching others, cooking show","teaching people vegan ice cream recipes on his own cooking show, sharing it with people in his vegan diet group, and offering the recipe to Joanna",0.23076923076923078,CORRECT
SimpleMem/conv-42:77,SimpleMem,2,When did Nate win his second tournament?,"The week before 2 May, 2022.",Last week of May 2022.,0.6,WRONG
E-Mem/conv-42:77,E-Mem,2,When did Nate win his second tournament?,"The week before 2 May, 2022.",Last week of April 2022,0.4000000000000001,CORRECT
s_parent_single_2000/conv-42:77,s_parent_single_2000,2,When did Nate win his second tournament?,"The week before 2 May, 2022.",25 April 2022,0.25,CORRECT
Naive/conv-42:79,Naive,1,How many screenplays has Joanna written?,three,3,0.0,CORRECT
LightMem_official/conv-42:79,LightMem_official,1,How many screenplays has Joanna written?,three,Three screenplays have been written.,0.33333333333333337,CORRECT
s_parent_single_2000/conv-42:81,s_parent_single_2000,1,What recipes has Joanna made?,"dairy free vanilla cake with strawberry filling and coconut cream frosting, parfait, strawberry chocolate cake, chocolate coconut cupcakes, chocolate raspberry tart, chocolate cake with raspberries, blueberry cheesecake bars","dairy-free cake with white frosting, strawberry filling, and coconut cream frosting, dairy-free vanilla with strawberry filling and coconut cream frosting, dairy-free chocolate coconut cupcakes with raspberry frosting, dessert made with blueberries, coconut milk, and a gluten-free crust",0.42984951556380124,CORRECT
Mem0/conv-42:82,Mem0,1,What recipes has Nate made?,"coconut milk icecream, chocolate and vanilla swirl","Vegan coconut milk ice cream, dairy-free chocolate cake, and chocolate-vanilla swirl.",0.45,CORRECT
A-MEM/conv-42:82,A-MEM,1,What recipes has Nate made?,"coconut milk icecream, chocolate and vanilla swirl",Nate has made coconut ice cream.,0.1111111111111111,CORRECT
LangMem/conv-42:82,LangMem,1,What recipes has Nate made?,"coconut milk icecream, chocolate and vanilla swirl","Vegan ice cream, dairy-free chocolate cake with berries, and coconut milk ice cream.",0.41071428571428575,CORRECT
SimpleMem/conv-42:82,SimpleMem,1,What recipes has Nate made?,"coconut milk icecream, chocolate and vanilla swirl",Chocolate and vanilla swirl ice cream,0.37499999999999994,CORRECT
LightMem_official/conv-42:82,LightMem_official,1,What recipes has Nate made?,"coconut milk icecream, chocolate and vanilla swirl","Coconut milk, chocolate cake, vegan ice cream",0.6000000000000001,WRONG
HiGMem/conv-42:83,HiGMem,1,What are the skills that Nate has helped others learn?,"coconut milk ice cream recipe, reset high scores, tips to improve gaming skills",tips in how to improve their game,0.2222222222222222,CORRECT
LightMem_official/conv-42:84,LightMem_official,3,Was the first half of September 2022 a good month career-wise for Nate and Joanna? Answer yes or no.,No; because both of them faced setbacks in their career,"No, it was not a good month.",0.2857142857142857,CORRECT
HiGMem/conv-42:85,HiGMem,3,What kind of job is Joanna beginning to preform the duties of because of her movie scripts?,filmmaker.,filming my own movie,0.0,CORRECT
E-Mem/conv-42:85,E-Mem,3,What kind of job is Joanna beginning to preform the duties of because of her movie scripts?,filmmaker.,Filming her own movie,0.0,CORRECT
Naive/conv-42:86,Naive,2,When did Nate take his turtles to the beach?,"10 November, 2022",11 November 2022,0.6666666666666666,WRONG
A-MEM/conv-42:86,A-MEM,2,When did Nate take his turtles to the beach?,"10 November, 2022","Yesterday (November 11, 2022).",0.5714285714285715,WRONG
SimpleMem/conv-42:86,SimpleMem,2,When did Nate take his turtles to the beach?,"10 November, 2022","Yesterday (November 11, 2022).",0.5714285714285715,WRONG
LightMem_official/conv-42:86,LightMem_official,2,When did Nate take his turtles to the beach?,"10 November, 2022",11 November 2022,0.6666666666666666,WRONG
E-Mem/conv-42:86,E-Mem,2,When did Nate take his turtles to the beach?,"10 November, 2022","November 9, 2022",0.6666666666666666,WRONG
LightMem_official/conv-42:87,LightMem_official,3,What state did Nate visit?,Florida,Nate visited Florida (Tampa).,0.4,CORRECT
LightMem_official/conv-42:91,LightMem_official,4,What is Nate's favorite book series about?,dragons,Fantasy and sci-fi adventures.,0.0,CORRECT
A-MEM/conv-42:96,A-MEM,4,What type of movies does Nate enjoy watching the most?,action and sci-fi,Action scenes and plot-driven classics.,0.3333333333333333,CORRECT
Naive/conv-42:97,Naive,4,"What did Joanna just finish last Friday on 23 January, 2022?",screenplay,her first full screenplay,0.4,CORRECT
SimpleMem/conv-42:97,SimpleMem,4,"What did Joanna just finish last Friday on 23 January, 2022?",screenplay,her first full screenplay,0.4,CORRECT
LightMem_official/conv-42:97,LightMem_official,4,"What did Joanna just finish last Friday on 23 January, 2022?",screenplay,She finished her first full screenplay.,0.2857142857142857,CORRECT
s_parent_single_2000/conv-42:97,s_parent_single_2000,4,"What did Joanna just finish last Friday on 23 January, 2022?",screenplay,her first full screenplay,0.4,CORRECT
Mem0/conv-42:99,Mem0,4,What are Joanna's plans for her finished screenplay in January 2022?,submit it to film festivals and get producers and directors to check it out,Submit the project to film festivals.,0.47058823529411764,CORRECT
SimpleMem/conv-42:99,SimpleMem,4,What are Joanna's plans for her finished screenplay in January 2022?,submit it to film festivals and get producers and directors to check it out,Submit the screenplay to film festivals.,0.47058823529411764,CORRECT
HiGMem/conv-42:99,HiGMem,4,What are Joanna's plans for her finished screenplay in January 2022?,submit it to film festivals and get producers and directors to check it out,hoping my screenplay gets noticed and makes it to the screen,0.28571428571428575,CORRECT
LangMem/conv-42:100,LangMem,4,For how long has Nate had his turtles?,3 years,Since at least January 2022,0.0,CORRECT
LightMem_official/conv-42:100,LightMem_official,4,For how long has Nate had his turtles?,3 years,Nate has had turtles for 3 years.,0.4444444444444445,CORRECT
A-MEM/conv-42:101,A-MEM,4,What did Nate think of the coconut milk ice cream he made?,"Super good, rich and creamy",He thought it was actually pretty good and was proud of himself.,0.13333333333333333,CORRECT
LightMem_official/conv-42:101,LightMem_official,4,What did Nate think of the coconut milk ice cream he made?,"Super good, rich and creamy",He thought it was super good.,0.4,CORRECT
HiGMem/conv-42:101,HiGMem,4,What did Nate think of the coconut milk ice cream he made?,"Super good, rich and creamy","It was actually pretty good, so I'm proud of myself.",0.14285714285714288,CORRECT
E-Mem/conv-42:101,E-Mem,4,What did Nate think of the coconut milk ice cream he made?,"Super good, rich and creamy","He thought it was super good, rich, creamy, and might be his new favorite snack.",0.4444444444444445,CORRECT
LightMem_official/conv-42:104,LightMem_official,4,"What is ""Little Women"" about according to Joanna?","Sisterhood, love, and reaching for your dreams",It is about sisterhood and dreams.,0.3636363636363636,CORRECT
Naive/conv-42:107,Naive,4,Why does Nate like turtles as pets?,Their slow pace and calming nature,"They are unique, low-maintenance, calming, and bring him joy.",0.15384615384615385,CORRECT
Mem0/conv-42:107,Mem0,4,Why does Nate like turtles as pets?,Their slow pace and calming nature,"They bring him peace, joy, and a reminder to slow down.",0.14285714285714285,CORRECT
A-MEM/conv-42:107,A-MEM,4,Why does Nate like turtles as pets?,Their slow pace and calming nature,"They are unique, low-maintenance, and calming.",0.20000000000000004,CORRECT
LangMem/conv-42:107,LangMem,4,Why does Nate like turtles as pets?,Their slow pace and calming nature,"They provide him with joy, companionship, and serve as a grounding mechanism during stressful moments.",0.0,CORRECT
SimpleMem/conv-42:107,SimpleMem,4,Why does Nate like turtles as pets?,Their slow pace and calming nature,"They are unique, slow-paced, low-maintenance, and calming.",0.1818181818181818,CORRECT
LightMem_official/conv-42:107,LightMem_official,4,Why does Nate like turtles as pets?,Their slow pace and calming nature,They are low-maintenance and calming.,0.22222222222222224,CORRECT
HiGMem/conv-42:107,HiGMem,4,Why does Nate like turtles as pets?,Their slow pace and calming nature,They're so cool and they make me feel calm,0.15384615384615385,CORRECT
E-Mem/conv-42:107,E-Mem,4,Why does Nate like turtles as pets?,Their slow pace and calming nature,"They are unique, low-maintenance, calming, resilient, and remind him to slow down.",0.25000000000000006,CORRECT
s_parent_single_2000/conv-42:107,s_parent_single_2000,4,Why does Nate like turtles as pets?,Their slow pace and calming nature,"They're unique, their slow pace is a nice change from the rush of life, they're low-maintenance, and they're calming.",0.38095238095238093,CORRECT
Mem0/conv-42:108,Mem0,4,How does Nate describe the process of taking care of turtles?,"Not tough; keep their area clean, feed them properly, give them enough light.",Low-maintenance,0.0,CORRECT
A-MEM/conv-42:108,A-MEM,4,How does Nate describe the process of taking care of turtles?,"Not tough; keep their area clean, feed them properly, give them enough light.",He describes them as low-maintenance.,0.1111111111111111,CORRECT
Mem0/conv-42:110,Mem0,4,Why did Nate choose the hair color he did?,Bright and bold - like him,because it reflects his personality,0.0,CORRECT
A-MEM/conv-42:110,A-MEM,4,Why did Nate choose the hair color he did?,Bright and bold - like him,To stand out from the regular options.,0.0,CORRECT
LightMem_official/conv-42:110,LightMem_official,4,Why did Nate choose the hair color he did?,Bright and bold - like him,To stand out from regular options.,0.0,CORRECT
HiGMem/conv-42:110,HiGMem,4,Why did Nate choose the hair color he did?,Bright and bold - like him,because it's bright and bold - like me! I wanted to stand out from the regular options.,0.3333333333333333,CORRECT
s_parent_single_2000/conv-42:110,s_parent_single_2000,4,Why did Nate choose the hair color he did?,Bright and bold - like him,He wanted to stand out from the regular options.,0.0,CORRECT
A-MEM/conv-42:114,A-MEM,4,What kind of books does Nate enjoy?,Adventures and magic,"Nate enjoys books with immersive world-building, battle sequences, and strong storytelling.",0.0,CORRECT
LightMem_official/conv-42:114,LightMem_official,4,What kind of books does Nate enjoy?,Adventures and magic,Fantasy and sci-fi series,0.0,CORRECT
E-Mem/conv-42:114,E-Mem,4,What kind of books does Nate enjoy?,Adventures and magic,"Action-oriented fantasy and fiction series featuring battles, magic, and world-building.",0.2,CORRECT
LangMem/conv-42:115,LangMem,4,What kind of films does Joanna enjoy?,Dramas and emotionally-driven films,"Emotionally resonant, thematically rich classic films.",0.2222222222222222,CORRECT
SimpleMem/conv-42:115,SimpleMem,4,What kind of films does Joanna enjoy?,Dramas and emotionally-driven films,Dramas and romcoms,0.4,CORRECT
LightMem_official/conv-42:115,LightMem_official,4,What kind of films does Joanna enjoy?,Dramas and emotionally-driven films,Dramas and rom-coms,0.4,CORRECT
E-Mem/conv-42:115,E-Mem,4,What kind of films does Joanna enjoy?,Dramas and emotionally-driven films,Dramas and romcoms.,0.4,CORRECT
Mem0/conv-42:116,Mem0,4,Which activity helps Nate escape and stimulates his imagination?,watching fantasy and sci-fi movies,Playing video games and watching fantasy/sci-fi movies.,0.4,CORRECT
LightMem_official/conv-42:116,LightMem_official,4,Which activity helps Nate escape and stimulates his imagination?,watching fantasy and sci-fi movies,Playing video games and watching movies,0.4444444444444445,CORRECT
s_parent_single_2000/conv-42:118,s_parent_single_2000,4,What kind of frosting did Joanna use on the cake she made recently in May 2022?,coconut cream,"white frosting, strawberry filling, and coconut cream frosting",0.4444444444444445,CORRECT
SimpleMem/conv-42:119,SimpleMem,4,What does Nate feel he could do when out in cool places like Whispering Falls?,write a whole movie,He could get his creative juices flowing.,0.0,CORRECT
E-Mem/conv-42:119,E-Mem,4,What does Nate feel he could do when out in cool places like Whispering Falls?,write a whole movie,He could get deep in thought about his life or new recipes and potentially write and publish his own screenplay.,0.09523809523809525,CORRECT
Naive/conv-42:120,Naive,4,What creative activity does Nate joke about pursuing after being inspired by their hikes with Jo?,Start thinking about a drama and publish a screenplay,writing a screenplay,0.25,CORRECT
A-MEM/conv-42:120,A-MEM,4,What creative activity does Nate joke about pursuing after being inspired by their hikes with Jo?,Start thinking about a drama and publish a screenplay,Writing a drama,0.25,CORRECT
SimpleMem/conv-42:120,SimpleMem,4,What creative activity does Nate joke about pursuing after being inspired by their hikes with Jo?,Start thinking about a drama and publish a screenplay,Writing a drama screenplay,0.4444444444444444,CORRECT
E-Mem/conv-42:120,E-Mem,4,What creative activity does Nate joke about pursuing after being inspired by their hikes with Jo?,Start thinking about a drama and publish a screenplay,Publishing his own screenplay.,0.4,CORRECT
LightMem_official/conv-42:121,LightMem_official,4,Who invited Nate to join her on the trails sometime?,Joanna,Joanna invited Nate to join her.,0.2857142857142857,CORRECT
E-Mem/conv-42:122,E-Mem,4,"What did Nate do for Joanna on 25 May, 2022?",get her a stuffed animal,Nate gave Joanna a new pup (stuffed animal).,0.36363636363636365,CORRECT
E-Mem/conv-42:123,E-Mem,4,How does Nate describe the stuffed animal he got for Joanna?,A stuffed animal to remind you of the good vibes,A reminder of good vibes and like having joy in your pocket.,0.4444444444444445,CORRECT
A-MEM/conv-42:125,A-MEM,4,Who did Nate plan to invite to his gaming party in June 2022?,"Tournament friends, old friends, teammates",Nate planned to invite his tournament friends.,0.3333333333333333,CORRECT
E-Mem/conv-42:126,E-Mem,4,What special items did Nate get for everyone at his gaming party?,Custom controller decorations,Controller accessories,0.4,CORRECT
Naive/conv-42:127,Naive,4,What did Joanna write yesterday that appeared on the big screen?,screenplay bits,a movie script,0.0,CORRECT
SimpleMem/conv-42:127,SimpleMem,4,What did Joanna write yesterday that appeared on the big screen?,screenplay bits,A movie script she contributed to.,0.0,CORRECT
s_parent_single_2000/conv-42:127,s_parent_single_2000,4,What did Joanna write yesterday that appeared on the big screen?,screenplay bits,movie script,0.0,CORRECT
LangMem/conv-42:131,LangMem,4,What does the photo on Joanna's cork board remind her of?,love and encouragement from her family,"Inspiring quotes, pictures, and family keepsakes.",0.20000000000000004,CORRECT
LightMem_official/conv-42:133,LightMem_official,4,How many people attended the gaming party hosted by Nate in June 2022?,7,Seven people attended the party.,0.0,CORRECT
E-Mem/conv-42:134,E-Mem,4,What recipe Nate offer to share with Joanna?,vegan ice cream recipe,Coconut milk ice cream recipe,0.6666666666666665,WRONG
s_parent_single_2000/conv-42:134,s_parent_single_2000,4,What recipe Nate offer to share with Joanna?,vegan ice cream recipe,coconut milk ice cream recipe,0.6666666666666665,WRONG
Mem0/conv-42:135,Mem0,4,What did Joanna plan to do with the recipe Nate promised to share?,make it for her family,She planned to try making the food that night.,0.15384615384615385,CORRECT
A-MEM/conv-42:135,A-MEM,4,What did Joanna plan to do with the recipe Nate promised to share?,make it for her family,She planned to try making it.,0.3636363636363636,CORRECT
LangMem/conv-42:135,LangMem,4,What did Joanna plan to do with the recipe Nate promised to share?,make it for her family,To try making it herself.,0.4000000000000001,CORRECT
SimpleMem/conv-42:135,SimpleMem,4,What did Joanna plan to do with the recipe Nate promised to share?,make it for her family,Make it.,0.5714285714285715,WRONG
LightMem_official/conv-42:135,LightMem_official,4,What did Joanna plan to do with the recipe Nate promised to share?,make it for her family,She planned to try it.,0.20000000000000004,CORRECT
s_parent_single_2000/conv-42:135,s_parent_single_2000,4,What did Joanna plan to do with the recipe Nate promised to share?,make it for her family,bake a dessert to surprise her family,0.3636363636363636,CORRECT
Naive/conv-42:136,Naive,4,"How many video game tournaments has Nate won by July 10, 2022?",Four,4,0.0,CORRECT
SimpleMem/conv-42:136,SimpleMem,4,"How many video game tournaments has Nate won by July 10, 2022?",Four,4,0.0,CORRECT
s_parent_single_2000/conv-42:136,s_parent_single_2000,4,"How many video game tournaments has Nate won by July 10, 2022?",Four,4,0.0,CORRECT
LightMem_official/conv-42:137,LightMem_official,4,Where did Joanna go for a road trip for research?,Woodhaven,"Woodhaven, a small town in the Midwest",0.33333333333333337,CORRECT
E-Mem/conv-42:137,E-Mem,4,Where did Joanna go for a road trip for research?,Woodhaven,"Woodhaven, a small town in the Midwest.",0.33333333333333337,CORRECT
A-MEM/conv-42:138,A-MEM,4,What did Joanna discover at the library in Woodhaven?,cool old book collection,A historical book from the 1900s containing stories and sketches about the town.,0.15384615384615383,CORRECT
SimpleMem/conv-42:138,SimpleMem,4,What did Joanna discover at the library in Woodhaven?,cool old book collection,A super cool book from the 1900s with stories and sketches about the town and its people.,0.25,CORRECT
HiGMem/conv-42:138,HiGMem,4,What did Joanna discover at the library in Woodhaven?,cool old book collection,a super cool book from the 1900s with stories and sketches,0.3333333333333333,CORRECT
E-Mem/conv-42:138,E-Mem,4,What did Joanna discover at the library in Woodhaven?,cool old book collection,A super cool book from the 1900s with stories and sketches.,0.3333333333333333,CORRECT
s_parent_single_2000/conv-42:138,s_parent_single_2000,4,What did Joanna discover at the library in Woodhaven?,cool old book collection,a super cool book from the 1900s,0.4444444444444445,CORRECT
Naive/conv-42:140,Naive,4,What inspired Joanna's new script in July 2022?,Woodhaven's interesting past and people,Woodhaven,0.4,CORRECT
Mem0/conv-42:140,Mem0,4,What inspired Joanna's new script in July 2022?,Woodhaven's interesting past and people,Seeing how much Woodhaven changed.,0.22222222222222224,CORRECT
A-MEM/conv-42:140,A-MEM,4,What inspired Joanna's new script in July 2022?,Woodhaven's interesting past and people,The historical changes of Woodhaven.,0.25,CORRECT
E-Mem/conv-42:140,E-Mem,4,What inspired Joanna's new script in July 2022?,Woodhaven's interesting past and people,Seeing how much the town of Woodhaven changed.,0.18181818181818182,CORRECT
SimpleMem/conv-42:141,SimpleMem,4,What did Nate do while Joanna was on her road trip?,Won a video game tournament,winning the tournament,0.3333333333333333,CORRECT
Mem0/conv-42:142,Mem0,4,What does Nate do that he loves and can make money from?,Competing in video game tournaments,Gaming,0.33333333333333337,CORRECT
A-MEM/conv-42:142,A-MEM,4,What does Nate do that he loves and can make money from?,Competing in video game tournaments,Competitive gaming,0.28571428571428575,CORRECT
LangMem/conv-42:142,LangMem,4,What does Nate do that he loves and can make money from?,Competing in video game tournaments,Gaming,0.33333333333333337,CORRECT
LightMem_official/conv-42:142,LightMem_official,4,What does Nate do that he loves and can make money from?,Competing in video game tournaments,He makes money from gaming.,0.20000000000000004,CORRECT
E-Mem/conv-42:142,E-Mem,4,What does Nate do that he loves and can make money from?,Competing in video game tournaments,Gaming and creating gaming content for YouTube.,0.1818181818181818,CORRECT
Mem0/conv-42:143,Mem0,4,How did Joanna feel when someone wrote her a letter after reading her blog post?,Touched,She felt it was a cool feeling.,0.0,CORRECT
A-MEM/conv-42:143,A-MEM,4,How did Joanna feel when someone wrote her a letter after reading her blog post?,Touched,She felt awesome and touched.,0.4,CORRECT
LangMem/conv-42:143,LangMem,4,How did Joanna feel when someone wrote her a letter after reading her blog post?,Touched,Awesome and reminded her why she loves writing.,0.0,CORRECT
LightMem_official/conv-42:143,LightMem_official,4,How did Joanna feel when someone wrote her a letter after reading her blog post?,Touched,She felt comforted and inspired.,0.0,CORRECT
Naive/conv-42:144,Naive,4,What kind of impact does Joanna hope to have with her writing?,share her stories and hopefully have an impact,to make a difference,0.0,CORRECT
LangMem/conv-42:144,LangMem,4,What kind of impact does Joanna hope to have with her writing?,share her stories and hopefully have an impact,To make a difference,0.0,CORRECT
LightMem_official/conv-42:144,LightMem_official,4,What kind of impact does Joanna hope to have with her writing?,share her stories and hopefully have an impact,She hopes to make a difference.,0.1818181818181818,CORRECT
HiGMem/conv-42:144,HiGMem,4,What kind of impact does Joanna hope to have with her writing?,share her stories and hopefully have an impact,make a difference,0.0,CORRECT
E-Mem/conv-42:144,E-Mem,4,What kind of impact does Joanna hope to have with her writing?,share her stories and hopefully have an impact,To bring comfort to others and make a difference.,0.0,CORRECT
s_parent_single_2000/conv-42:144,s_parent_single_2000,4,What kind of impact does Joanna hope to have with her writing?,share her stories and hopefully have an impact,to make a difference,0.0,CORRECT
Naive/conv-42:145,Naive,4,What kind of content did Joanna share that someone wrote her a letter about?,A blog post about a hard moment in her life,an online blog post,0.36363636363636365,CORRECT
Mem0/conv-42:145,Mem0,4,What kind of content did Joanna share that someone wrote her a letter about?,A blog post about a hard moment in her life,A personal story,0.0,CORRECT
HiGMem/conv-42:145,HiGMem,4,What kind of content did Joanna share that someone wrote her a letter about?,A blog post about a hard moment in her life,online blog post,0.36363636363636365,CORRECT
s_parent_single_2000/conv-42:145,s_parent_single_2000,4,What kind of content did Joanna share that someone wrote her a letter about?,A blog post about a hard moment in her life,an online blog post,0.36363636363636365,CORRECT
SimpleMem/conv-42:146,SimpleMem,4,What motivates Joanna to keep writing even on tough days?,Knowing that her writing can make a difference,"Writing serves as an escape, a means to express feelings, and a healing process.",0.11764705882352941,CORRECT
s_parent_single_2000/conv-42:146,s_parent_single_2000,4,What motivates Joanna to keep writing even on tough days?,Knowing that her writing can make a difference,"faith in herself, supportive friends, meaningful stories from personal experiences, cherishing little moments, and the magical way words heal",0.0,CORRECT
Mem0/conv-42:147,Mem0,4,What type of ice cream does Joanna mention that Nate makes and is delicious?,Coconut milk ice cream,Coconut milk,0.6666666666666666,WRONG
SimpleMem/conv-42:147,SimpleMem,4,What type of ice cream does Joanna mention that Nate makes and is delicious?,Coconut milk ice cream,Coconut milk,0.6666666666666666,WRONG
Naive/conv-42:148,Naive,4,How did Nate feel about sharing his love for dairy-free desserts with Joanna?,Happy to share,fun and rewarding,0.0,CORRECT
Mem0/conv-42:148,Mem0,4,How did Nate feel about sharing his love for dairy-free desserts with Joanna?,Happy to share,fun and rewarding,0.0,CORRECT
A-MEM/conv-42:148,A-MEM,4,How did Nate feel about sharing his love for dairy-free desserts with Joanna?,Happy to share,He felt it was fun and rewarding.,0.0,CORRECT
LangMem/conv-42:148,LangMem,4,How did Nate feel about sharing his love for dairy-free desserts with Joanna?,Happy to share,Enthusiastically and generously.,0.0,CORRECT
SimpleMem/conv-42:148,SimpleMem,4,How did Nate feel about sharing his love for dairy-free desserts with Joanna?,Happy to share,Excited,0.0,CORRECT
LightMem_official/conv-42:148,LightMem_official,4,How did Nate feel about sharing his love for dairy-free desserts with Joanna?,Happy to share,He found it fun and rewarding.,0.0,CORRECT
HiGMem/conv-42:148,HiGMem,4,How did Nate feel about sharing his love for dairy-free desserts with Joanna?,Happy to share,fun and rewarding,0.0,CORRECT
E-Mem/conv-42:148,E-Mem,4,How did Nate feel about sharing his love for dairy-free desserts with Joanna?,Happy to share,Enthusiastic and always happy.,0.3333333333333333,CORRECT
s_parent_single_2000/conv-42:148,s_parent_single_2000,4,How did Nate feel about sharing his love for dairy-free desserts with Joanna?,Happy to share,fun and rewarding,0.0,CORRECT
LightMem_official/conv-42:149,LightMem_official,4,What did Joanna share with her writers group in August 2022?,her book,She shared a book with them.,0.28571428571428575,CORRECT
LangMem/conv-42:152,LangMem,4,Why is Joanna experimenting with dairy-free options in her dessert recipes?,lactose intolerance,To maintain a lactose-free lifestyle.,0.0,CORRECT
Mem0/conv-42:155,Mem0,4,What is Nate's favorite dish from the cooking show he hosted?,Coconut milk ice cream,Vegan ice cream,0.5714285714285715,WRONG
LangMem/conv-42:158,LangMem,4,What kind of cake did Joanna share a photo of that she likes making for birthdays and special days?,chocolate cake with raspberries,"Almond flour, coconut oil, chocolate, and raspberries",0.4,CORRECT
SimpleMem/conv-42:158,SimpleMem,4,What kind of cake did Joanna share a photo of that she likes making for birthdays and special days?,chocolate cake with raspberries,"Almond flour, coconut oil, chocolate, and raspberries.",0.4,CORRECT
HiGMem/conv-42:158,HiGMem,4,What kind of cake did Joanna share a photo of that she likes making for birthdays and special days?,chocolate cake with raspberries,"almond flour, coconut oil, chocolate and raspberries",0.4,CORRECT
LightMem_official/conv-42:161,LightMem_official,4,What did Joanna make for one of the ladies at her writing club?,a bookmark,A cute bookmark with a plant.,0.4,CORRECT
s_parent_single_2000/conv-42:161,s_parent_single_2000,4,What did Joanna make for one of the ladies at her writing club?,a bookmark,a cute little bookmark with a plant on top,0.25,CORRECT
s_parent_single_2000/conv-42:166,s_parent_single_2000,4,How did Joanna describe the classic movie he watched?,gripping with great actors,The acting was awesome and the story was so captivating.,0.0,CORRECT
A-MEM/conv-42:167,A-MEM,4,What does Joanna recommend to make a living room comfy like hers?,"couch for multiple people, fluffy blanket, lights that can be dimmed","A multi-person fluffy couch, a weighted blanket, and dimmable lights.",0.4444444444444444,CORRECT
LangMem/conv-42:167,LangMem,4,What does Joanna recommend to make a living room comfy like hers?,"couch for multiple people, fluffy blanket, lights that can be dimmed",A nice comfy couch with a good blanket.,0.23529411764705885,CORRECT
LightMem_official/conv-42:167,LightMem_official,4,What does Joanna recommend to make a living room comfy like hers?,"couch for multiple people, fluffy blanket, lights that can be dimmed",Weighted blanket and dim lights,0.39999999999999997,CORRECT
E-Mem/conv-42:167,E-Mem,4,What does Joanna recommend to make a living room comfy like hers?,"couch for multiple people, fluffy blanket, lights that can be dimmed","A multi-person fluffy couch, a weighted blanket, and dimmable lights.",0.4444444444444444,CORRECT
s_parent_single_2000/conv-42:167,s_parent_single_2000,4,What does Joanna recommend to make a living room comfy like hers?,"couch for multiple people, fluffy blanket, lights that can be dimmed","a multi-person fluffy couch, a weighted blanket, and dimmable lights",0.4444444444444444,CORRECT
Naive/conv-42:168,Naive,4,What helps Joanna stay focused and brings her joy?,stuffed animal dog named Tilly,Tilly,0.33333333333333337,CORRECT
SimpleMem/conv-42:168,SimpleMem,4,What helps Joanna stay focused and brings her joy?,stuffed animal dog named Tilly,Tilly,0.33333333333333337,CORRECT
LightMem_official/conv-42:168,LightMem_official,4,What helps Joanna stay focused and brings her joy?,stuffed animal dog named Tilly,Tilly helps her stay focused and brings joy.,0.16666666666666666,CORRECT
E-Mem/conv-42:168,E-Mem,4,What helps Joanna stay focused and brings her joy?,stuffed animal dog named Tilly,Tilly,0.33333333333333337,CORRECT
Mem0/conv-42:169,Mem0,4,What does Joanna do while she writes?,have a stuffed animal dog named Tilly with her,She keeps Tilly with her.,0.4615384615384615,CORRECT
Naive/conv-42:170,Naive,4,Why did Joanna name the stuffed animal dog Tilly?,after a dog she had in Michigan,To remember her old dog from Michigan that she had to get rid of due to allergies.,0.3478260869565218,CORRECT
Mem0/conv-42:170,Mem0,4,Why did Joanna name the stuffed animal dog Tilly?,after a dog she had in Michigan,To help her remember the dog.,0.1818181818181818,CORRECT
A-MEM/conv-42:170,A-MEM,4,Why did Joanna name the stuffed animal dog Tilly?,after a dog she had in Michigan,To remember her old dog she had to get rid of due to allergies.,0.3,CORRECT
SimpleMem/conv-42:170,SimpleMem,4,Why did Joanna name the stuffed animal dog Tilly?,after a dog she had in Michigan,To remember her real dog named Tilly.,0.15384615384615383,CORRECT
LightMem_official/conv-42:170,LightMem_official,4,Why did Joanna name the stuffed animal dog Tilly?,after a dog she had in Michigan,To remember the real dog from Michigan.,0.3333333333333333,CORRECT
HiGMem/conv-42:170,HiGMem,4,Why did Joanna name the stuffed animal dog Tilly?,after a dog she had in Michigan,to remember her dog back when I used to be able to hold and squeeze animal without an allergic reaction,0.08333333333333333,CORRECT
E-Mem/conv-42:170,E-Mem,4,Why did Joanna name the stuffed animal dog Tilly?,after a dog she had in Michigan,To remember her real dog named Tilly in Michigan.,0.4,CORRECT
s_parent_single_2000/conv-42:170,s_parent_single_2000,4,Why did Joanna name the stuffed animal dog Tilly?,after a dog she had in Michigan,To remember her old dog she used to have in Michigan before she got allergic.,0.3809523809523809,CORRECT
Mem0/conv-42:171,Mem0,4,What does Joanna do after receiving a rejection from a production company?,keep grinding and moving ahead,She does not let the situation bring her down.,0.0,CORRECT
LangMem/conv-42:171,LangMem,4,What does Joanna do after receiving a rejection from a production company?,keep grinding and moving ahead,She continues to submit more applications and projects.,0.0,CORRECT
s_parent_single_2000/conv-42:171,s_parent_single_2000,4,What does Joanna do after receiving a rejection from a production company?,keep grinding and moving ahead,She will not let the rejection slow her down and will keep grinding.,0.26666666666666666,CORRECT
Naive/conv-42:172,Naive,4,How does Nate feel about Joanna's ability to bounce back from setbacks?,respect Joanna for being able to bounce back,respect,0.2222222222222222,CORRECT
Mem0/conv-42:172,Mem0,4,How does Nate feel about Joanna's ability to bounce back from setbacks?,respect Joanna for being able to bounce back,Proud,0.0,CORRECT
A-MEM/conv-42:172,A-MEM,4,How does Nate feel about Joanna's ability to bounce back from setbacks?,respect Joanna for being able to bounce back,Proud,0.0,CORRECT
LangMem/conv-42:172,LangMem,4,How does Nate feel about Joanna's ability to bounce back from setbacks?,respect Joanna for being able to bounce back,He respects her resilience.,0.16666666666666666,CORRECT
SimpleMem/conv-42:172,SimpleMem,4,How does Nate feel about Joanna's ability to bounce back from setbacks?,respect Joanna for being able to bounce back,With respect.,0.2,CORRECT
E-Mem/conv-42:172,E-Mem,4,How does Nate feel about Joanna's ability to bounce back from setbacks?,respect Joanna for being able to bounce back,He respects her for it.,0.3076923076923077,CORRECT
s_parent_single_2000/conv-42:172,s_parent_single_2000,4,How does Nate feel about Joanna's ability to bounce back from setbacks?,respect Joanna for being able to bounce back,He respects her for it.,0.3076923076923077,CORRECT
LangMem/conv-42:173,LangMem,4,What encouragement does Nate give to Joanna after her setback?,"rejections don't define her, keep grinding and she'll find the perfect opportunity","""You've got so much talent, just keep going for it!""",0.10000000000000002,CORRECT
HiGMem/conv-42:173,HiGMem,4,What encouragement does Nate give to Joanna after her setback?,"rejections don't define her, keep grinding and she'll find the perfect opportunity",don't forget they don't define you,0.25,CORRECT
E-Mem/conv-42:173,E-Mem,4,What encouragement does Nate give to Joanna after her setback?,"rejections don't define her, keep grinding and she'll find the perfect opportunity",Rejections don't define you and people are cheering you on.,0.3157894736842105,CORRECT
s_parent_single_2000/conv-42:173,s_parent_single_2000,4,What encouragement does Nate give to Joanna after her setback?,"rejections don't define her, keep grinding and she'll find the perfect opportunity","Don't give up on your dreams, don't let it slow you down, keep grinding and moving ahead, keep going and believing in yourself",0.19354838709677416,CORRECT
LightMem_official/conv-42:174,LightMem_official,4,What does Nate rely on for cheer and joy?,his turtles,Nate relies on turtles for cheer and joy.,0.22222222222222224,CORRECT
s_parent_single_2000/conv-42:174,s_parent_single_2000,4,What does Nate rely on for cheer and joy?,his turtles,"turtles, stuffed animal dog named Tilly, Max",0.22222222222222224,CORRECT
Naive/conv-42:175,Naive,4,What does Joanna use to remember her dog from Michigan?,naming a stuffed animal dog Tilly,a stuffed animal,0.5714285714285715,WRONG
s_parent_single_2000/conv-42:175,s_parent_single_2000,4,What does Joanna use to remember her dog from Michigan?,naming a stuffed animal dog Tilly,Tilly,0.33333333333333337,CORRECT
Mem0/conv-42:176,Mem0,4,"What did Joanna contribute to that was shown on the big screen on the Sunday before October 25, 2022?",movie script,A screenplay,0.0,CORRECT
HiGMem/conv-42:176,HiGMem,4,"What did Joanna contribute to that was shown on the big screen on the Sunday before October 25, 2022?",movie script,screenplay,0.0,CORRECT
A-MEM/conv-42:177,A-MEM,4,What inspires Joanna to create drawings of her characters?,visuals to help bring the characters alive in her head so she can write better,Seeing her hard-worked characters come alive in a drawing book.,0.34782608695652173,CORRECT
LangMem/conv-42:177,LangMem,4,What inspires Joanna to create drawings of her characters?,visuals to help bring the characters alive in her head so she can write better,Seeing her written characters and dialogue acted out.,0.19047619047619047,CORRECT
HiGMem/conv-42:177,HiGMem,4,What inspires Joanna to create drawings of her characters?,visuals to help bring the characters alive in her head so she can write better,"people I know, stuff I saw, even what I imagined",0.0,CORRECT
Naive/conv-42:178,Naive,4,Where does Joanna get her ideas for the characters from?,"people she knows, things she saw, her imagination","people I know, stuff I saw, even what I imagined",0.4444444444444445,CORRECT
LightMem_official/conv-42:178,LightMem_official,4,Where does Joanna get her ideas for the characters from?,"people she knows, things she saw, her imagination","From everywhere, people, stuff, and imagination.",0.3076923076923077,CORRECT
HiGMem/conv-42:178,HiGMem,4,Where does Joanna get her ideas for the characters from?,"people she knows, things she saw, her imagination","everywhere: people I know, stuff I saw, even what I imagined",0.4210526315789474,CORRECT
SimpleMem/conv-42:179,SimpleMem,4,"How did Joanna feel on October 25, 2022 about seeing her characters come alive on the big screen?",surreal and cool,"amazing, surreal, and rewarding",0.4,CORRECT
HiGMem/conv-42:179,HiGMem,4,"How did Joanna feel on October 25, 2022 about seeing her characters come alive on the big screen?",surreal and cool,amazing experience,0.0,CORRECT
s_parent_single_2000/conv-42:179,s_parent_single_2000,4,"How did Joanna feel on October 25, 2022 about seeing her characters come alive on the big screen?",surreal and cool,"satisfied, amazing, surreal, rewarding",0.3333333333333333,CORRECT
LightMem_official/conv-42:182,LightMem_official,4,What did Joanna find in old notebooks last week that prompted her to reflect on her progress as a writer?,early writings,She found old notebooks with early writings.,0.4444444444444445,CORRECT
A-MEM/conv-42:184,A-MEM,4,What did Joanna receive from her brother that brought back childhood memories?,a handwritten letter,Cute handwritten notes.,0.4,CORRECT
LangMem/conv-42:184,LangMem,4,What did Joanna receive from her brother that brought back childhood memories?,a handwritten letter,A note,0.0,CORRECT
LightMem_official/conv-42:184,LightMem_official,4,What did Joanna receive from her brother that brought back childhood memories?,a handwritten letter,Joanna received a letter from her brother.,0.25,CORRECT
Mem0/conv-42:186,Mem0,4,"What dish did Nate make on 9 November, 2022?",Homemade coconut ice cream,Vegan ice cream,0.5714285714285715,WRONG
Naive/conv-42:189,Naive,4,What inspired Nate to start making gaming videos?,Love of gaming and connecting with others who enjoy it too,He is a big fan of them and thought it would be a fun idea to start making them himself.,0.14814814814814817,CORRECT
Mem0/conv-42:189,Mem0,4,What inspired Nate to start making gaming videos?,Love of gaming and connecting with others who enjoy it too,To entertain people and satisfy his video game cravings.,0.11111111111111112,CORRECT
LightMem_official/conv-42:189,LightMem_official,4,What inspired Nate to start making gaming videos?,Love of gaming and connecting with others who enjoy it too,Nate's love for gaming videos.,0.26666666666666666,CORRECT
HiGMem/conv-42:189,HiGMem,4,What inspired Nate to start making gaming videos?,Love of gaming and connecting with others who enjoy it too,I'm a big fan of them and thought it would be a fun idea,0.1904761904761905,CORRECT
LightMem_official/conv-42:191,LightMem_official,4,What advice does Joanna give to Nate about making YouTube videos?,Watch other people's videos to understand what the audience likes,Watch others' videos first.,0.46153846153846156,CORRECT
A-MEM/conv-42:192,A-MEM,4,What did Joanna take a picture of near Fort Wayne last summer?,Sunset,A sunset near Fort Wayne.,0.4,CORRECT
SimpleMem/conv-42:192,SimpleMem,4,What did Joanna take a picture of near Fort Wayne last summer?,Sunset,A sunflower in a field with a sunset.,0.33333333333333337,CORRECT
E-Mem/conv-42:192,E-Mem,4,What did Joanna take a picture of near Fort Wayne last summer?,Sunset,A sunflower in a field with a sunset in the background.,0.25,CORRECT
Mem0/conv-42:197,Mem0,4,What does Nate love most about having turtles?,They make him feel calm and don't require much looking after,They bring him peace and joy.,0.26666666666666666,CORRECT
A-MEM/conv-42:197,A-MEM,4,What does Nate love most about having turtles?,They make him feel calm and don't require much looking after,Their slow pace and calming effect.,0.13333333333333333,CORRECT
LightMem_official/conv-42:197,LightMem_official,4,What does Nate love most about having turtles?,They make him feel calm and don't require much looking after,He loves their slow pace and calm.,0.125,CORRECT
E-Mem/conv-42:197,E-Mem,4,What does Nate love most about having turtles?,They make him feel calm and don't require much looking after,"The joy, peace, and calm they bring him.",0.37499999999999994,CORRECT
LightMem_official/conv-42:198,LightMem_official,4,What did Nate share a photo of as a part of his experimentation in November 2022?,colorful bowls of coconut milk ice cream,A bowl of ice cream.,0.7272727272727273,WRONG
A-MEM/conv-43:0,A-MEM,1,what are John's goals with regards to his basketball career?,"improve shooting percentage, win a championship","To improve shooting, become a consistent performer, secure endorsements, build his brand, and plan for life after basketball.",0.3333333333333333,CORRECT
LangMem/conv-43:0,LangMem,1,what are John's goals with regards to his basketball career?,"improve shooting percentage, win a championship","Better shooting, team impact, consistency, endorsements, and personal branding.",0.2,CORRECT
LightMem_official/conv-43:0,LightMem_official,1,what are John's goals with regards to his basketball career?,"improve shooting percentage, win a championship",Win a championship and be consistent.,0.3333333333333333,CORRECT
HiGMem/conv-43:0,HiGMem,1,what are John's goals with regards to his basketball career?,"improve shooting percentage, win a championship","improve my shooting percentage, be known as a consistent performer, help my team, and make more of an impact on the court",0.42857142857142855,CORRECT
E-Mem/conv-43:0,E-Mem,1,what are John's goals with regards to his basketball career?,"improve shooting percentage, win a championship","To win a championship, be a consistent performer, mentor younger players, and build his brand.",0.4,CORRECT
Naive/conv-43:1,Naive,1,What are John's goals for his career that are not related to his basketball skills?,"get endorsements, build his brand, do charity work","to make a difference away from the court, like through charity or inspiring people",0.07407407407407407,CORRECT
A-MEM/conv-43:1,A-MEM,1,What are John's goals for his career that are not related to his basketball skills?,"get endorsements, build his brand, do charity work",Securing endorsements and building his brand.,0.3452380952380952,CORRECT
LangMem/conv-43:1,LangMem,1,What are John's goals for his career that are not related to his basketball skills?,"get endorsements, build his brand, do charity work",Building his brand and securing endorsements.,0.3452380952380952,CORRECT
SimpleMem/conv-43:1,SimpleMem,1,What are John's goals for his career that are not related to his basketball skills?,"get endorsements, build his brand, do charity work","Winning a championship, making a difference through charity, inspiring people, and building his brand off the court.",0.3452380952380952,CORRECT
HiGMem/conv-43:1,HiGMem,1,What are John's goals for his career that are not related to his basketball skills?,"get endorsements, build his brand, do charity work","make a difference away from the court, like through charity or inspiring people",0.07407407407407407,CORRECT
E-Mem/conv-43:1,E-Mem,1,What are John's goals for his career that are not related to his basketball skills?,"get endorsements, build his brand, do charity work","Building his brand, starting a foundation, conducting seminars, advocating for youth sports, and securing commercial endorsements.",0.4666666666666666,CORRECT
Mem0/conv-43:2,Mem0,1,What items does John collect?,"sneakers, fantasy movie DVDs, jerseys",Jerseys,0.3333333333333333,CORRECT
Naive/conv-43:4,Naive,1,What books has Tim read?,"Harry Potter, Game of Thrones, the Name of the Wind, The Alchemist, The Hobbit, A Dance with Dragons, and the Wheel of Time.","Harry Potter, Game of Thrones, The Name of the Wind, A Dance with Dragons, The Alchemist, Dune, and stories from travelers from around the",0.7619047619047619,WRONG
A-MEM/conv-43:4,A-MEM,1,What books has Tim read?,"Harry Potter, Game of Thrones, the Name of the Wind, The Alchemist, The Hobbit, A Dance with Dragons, and the Wheel of Time.",The Alchemist,0.14285714285714285,CORRECT
E-Mem/conv-43:4,E-Mem,1,What books has Tim read?,"Harry Potter, Game of Thrones, the Name of the Wind, The Alchemist, The Hobbit, A Dance with Dragons, and the Wheel of Time.","""The Alchemist"", ""Harry Potter"", and ""GoT"".",0.2857142857142857,CORRECT
LangMem/conv-43:5,LangMem,3,"Based on Tim's collections, what is a shop that he would enjoy visiting in New York city?",House of MinaLima,Harry Potter shop,0.0,CORRECT
Naive/conv-43:7,Naive,1,Which geographical locations has Tim been to?,"California, London, the Smoky Mountains",London,0.3333333333333333,CORRECT
LightMem_official/conv-43:7,LightMem_official,1,Which geographical locations has Tim been to?,"California, London, the Smoky Mountains",London and the Smoky Mountains,0.43333333333333335,CORRECT
Naive/conv-43:9,Naive,1,Which endorsement deals has John been offered?,"basketball shoes and gear deal with Nike, potential sponsorship with Gatorade, Moxie a popular beverage company, outdoor gear company","Nike, Gatorade, and a popular beverage company",0.469047619047619,CORRECT
A-MEM/conv-43:9,A-MEM,1,Which endorsement deals has John been offered?,"basketball shoes and gear deal with Nike, potential sponsorship with Gatorade, Moxie a popular beverage company, outdoor gear company","Nike, Gatorade, and a popular beverage company.",0.469047619047619,CORRECT
LangMem/conv-43:9,LangMem,1,Which endorsement deals has John been offered?,"basketball shoes and gear deal with Nike, potential sponsorship with Gatorade, Moxie a popular beverage company, outdoor gear company","Nike, Gatorade, and a popular beverage company.",0.469047619047619,CORRECT
LightMem_official/conv-43:9,LightMem_official,1,Which endorsement deals has John been offered?,"basketball shoes and gear deal with Nike, potential sponsorship with Gatorade, Moxie a popular beverage company, outdoor gear company","Nike, Under Armour, Gatorade, beverage company",0.4380952380952381,CORRECT
HiGMem/conv-43:9,HiGMem,1,Which endorsement deals has John been offered?,"basketball shoes and gear deal with Nike, potential sponsorship with Gatorade, Moxie a popular beverage company, outdoor gear company",Nike and Gatorade,0.14583333333333331,CORRECT
E-Mem/conv-43:9,E-Mem,1,Which endorsement deals has John been offered?,"basketball shoes and gear deal with Nike, potential sponsorship with Gatorade, Moxie a popular beverage company, outdoor gear company","Nike, Gatorade, and a popular beverage company.",0.469047619047619,CORRECT
s_parent_single_2000/conv-43:9,s_parent_single_2000,1,Which endorsement deals has John been offered?,"basketball shoes and gear deal with Nike, potential sponsorship with Gatorade, Moxie a popular beverage company, outdoor gear company","Nike, Gatorade, popular beverage company",0.469047619047619,CORRECT
LangMem/conv-43:10,LangMem,2,When was John in Seattle for a game?,"early August, 2023","Next month (from July 16, 2023).",0.2222222222222222,CORRECT
Mem0/conv-43:12,Mem0,2,What year did John start surfing?,2018,Five years ago,0.0,CORRECT
LangMem/conv-43:13,LangMem,1,What does Tim do to escape reality?,Read fantasy books.,He reads stories and watches movies.,0.25,CORRECT
HiGMem/conv-43:13,HiGMem,1,What does Tim do to escape reality?,Read fantasy books.,escape to that world,0.0,CORRECT
Naive/conv-43:14,Naive,1,What kind of writing does Tim do?,"comments on favorite books in a fantasy literature forum, articles on fantasy novels, studying characters, themes, and making book recommendations, writing a fantasy novel",fantasy novels,0.2777777777777778,CORRECT
Mem0/conv-43:14,Mem0,1,What kind of writing does Tim do?,"comments on favorite books in a fantasy literature forum, articles on fantasy novels, studying characters, themes, and making book recommendations, writing a fantasy novel",Articles and novels,0.17777777777777778,CORRECT
A-MEM/conv-43:14,A-MEM,1,What kind of writing does Tim do?,"comments on favorite books in a fantasy literature forum, articles on fantasy novels, studying characters, themes, and making book recommendations, writing a fantasy novel",Fantasy novels,0.2777777777777778,CORRECT
SimpleMem/conv-43:14,SimpleMem,1,What kind of writing does Tim do?,"comments on favorite books in a fantasy literature forum, articles on fantasy novels, studying characters, themes, and making book recommendations, writing a fantasy novel",Fantasy novels,0.2777777777777778,CORRECT
LightMem_official/conv-43:14,LightMem_official,1,What kind of writing does Tim do?,"comments on favorite books in a fantasy literature forum, articles on fantasy novels, studying characters, themes, and making book recommendations, writing a fantasy novel",Fantasy novels and articles,0.28427128427128423,CORRECT
E-Mem/conv-43:14,E-Mem,1,What kind of writing does Tim do?,"comments on favorite books in a fantasy literature forum, articles on fantasy novels, studying characters, themes, and making book recommendations, writing a fantasy novel",Tim writes articles about fantasy novels for an online magazine and fantasy novels/stories.,0.1556390977443609,CORRECT
s_parent_single_2000/conv-43:14,s_parent_single_2000,1,What kind of writing does Tim do?,"comments on favorite books in a fantasy literature forum, articles on fantasy novels, studying characters, themes, and making book recommendations, writing a fantasy novel",fantasy novels,0.2777777777777778,CORRECT
Mem0/conv-43:15,Mem0,3,Who is Anthony?,"likely John's friend, colleague or family",John's trivia contest partner.,0.2,CORRECT
LightMem_official/conv-43:15,LightMem_official,3,Who is Anthony?,"likely John's friend, colleague or family",Anthony is a friend of John.,0.3636363636363636,CORRECT
s_parent_single_2000/conv-43:15,s_parent_single_2000,3,Who is Anthony?,"likely John's friend, colleague or family",Anthony is a person who attended a charity event with John and participated in a Harry Potter trivia contest.,0.09523809523809522,CORRECT
Naive/conv-43:18,Naive,1,What authors has Tim read books from?,"J.K. Rowling, R.R. Martin, Patrick Rothfuss, Paulo Coelho, and J. R. R. Tolkien.","J.K. Rowling, Patrick Rothfuss, George R. R. Martin, Frank Herbert",0.5666666666666667,WRONG
A-MEM/conv-43:18,A-MEM,1,What authors has Tim read books from?,"J.K. Rowling, R.R. Martin, Patrick Rothfuss, Paulo Coelho, and J. R. R. Tolkien.",Paulo Coelho,0.2,CORRECT
LangMem/conv-43:18,LangMem,1,What authors has Tim read books from?,"J.K. Rowling, R.R. Martin, Patrick Rothfuss, Paulo Coelho, and J. R. R. Tolkien.",Patrick Rothfuss,0.2,CORRECT
LightMem_official/conv-43:18,LightMem_official,1,What authors has Tim read books from?,"J.K. Rowling, R.R. Martin, Patrick Rothfuss, Paulo Coelho, and J. R. R. Tolkien.","Patrick Rothfuss, J.K. Rowling",0.4,CORRECT
E-Mem/conv-43:18,E-Mem,1,What authors has Tim read books from?,"J.K. Rowling, R.R. Martin, Patrick Rothfuss, Paulo Coelho, and J. R. R. Tolkien.",Patrick Rothfuss,0.2,CORRECT
E-Mem/conv-43:19,E-Mem,3,What is a prominent charity organization that John might want to work with and why?,"Good Sports, because they work with Nike, Gatorade, and Under Armour and they aim toprovide youth sports opportunities for kids ages 3-18 in high-need communities.",John wants to work with organizations supporting youth sports for underserved communities to ensure every kid has access to good sports programs.,0.4,CORRECT
Mem0/conv-43:21,Mem0,1,Which US cities does John mention visiting to Tim?,"Seattle, Chicago, New York",New York City and Chicago,0.35555555555555557,CORRECT
A-MEM/conv-43:22,A-MEM,2,When did John meet with his teammates after returning from Chicago?,"August 15, 2023",On the 15th.,0.0,CORRECT
SimpleMem/conv-43:22,SimpleMem,2,When did John meet with his teammates after returning from Chicago?,"August 15, 2023",On the 15th,0.0,CORRECT
Mem0/conv-43:23,Mem0,2,When is Tim attending a book conference?,September 2023,Next month,0.0,CORRECT
A-MEM/conv-43:23,A-MEM,2,When is Tim attending a book conference?,September 2023,"Next month (from August 17, 2023).",0.25,CORRECT
SimpleMem/conv-43:23,SimpleMem,2,When is Tim attending a book conference?,September 2023,Next month,0.0,CORRECT
LightMem_official/conv-43:23,LightMem_official,2,When is Tim attending a book conference?,September 2023,Tim hopes to attend next month.,0.0,CORRECT
s_parent_single_2000/conv-43:23,s_parent_single_2000,2,When is Tim attending a book conference?,September 2023,Next month (from 17 August 2023),0.25,CORRECT
LangMem/conv-43:26,LangMem,1,Which TV series does Tim mention watching?,"That, Wheel of Time",Game of Thrones and The Wheel of Time,0.3333333333333333,CORRECT
LightMem_official/conv-43:26,LightMem_official,1,Which TV series does Tim mention watching?,"That, Wheel of Time",Tim mentions watching 'The Wheel of Time'.,0.3333333333333333,CORRECT
Naive/conv-43:27,Naive,3,Which popular time management technique does Tim use to prepare for exams?,Pomodoro technique,"25 minutes on, then 5 minutes off",0.0,CORRECT
A-MEM/conv-43:27,A-MEM,3,Which popular time management technique does Tim use to prepare for exams?,Pomodoro technique,"Pomodoro technique (25 minutes on, 5 minutes off).",0.4,CORRECT
LightMem_official/conv-43:27,LightMem_official,3,Which popular time management technique does Tim use to prepare for exams?,Pomodoro technique,"Pomodoro technique (25 min study, 5 min break)",0.4,CORRECT
HiGMem/conv-43:27,HiGMem,3,Which popular time management technique does Tim use to prepare for exams?,Pomodoro technique,"breaking up my studying into smaller parts. 25 minutes on, then 5 minutes off",0.0,CORRECT
s_parent_single_2000/conv-43:27,s_parent_single_2000,3,Which popular time management technique does Tim use to prepare for exams?,Pomodoro technique,"25 minutes on, 5 minutes off",0.0,CORRECT
SimpleMem/conv-43:29,SimpleMem,1,What schools did John play basketball in and how many years was he with his team during high school?,"Middle school, high school, and college and he was with his high school team for 4 years.",John played in middle and high school for four years.,0.37575757575757573,CORRECT
LightMem_official/conv-43:29,LightMem_official,1,What schools did John play basketball in and how many years was he with his team during high school?,"Middle school, high school, and college and he was with his high school team for 4 years.",High school; four years with teammates.,0.40686274509803927,CORRECT
E-Mem/conv-43:29,E-Mem,1,What schools did John play basketball in and how many years was he with his team during high school?,"Middle school, high school, and college and he was with his high school team for 4 years.",Four years; specific school names are not recorded.,0.20350877192982456,CORRECT
Mem0/conv-43:30,Mem0,1,Which cities has John been to?,"Seattle, Chicago, New York, and Paris.","Chicago, New York City, Seattle, Italy, and Barcelona.",0.7,WRONG
LangMem/conv-43:30,LangMem,1,Which cities has John been to?,"Seattle, Chicago, New York, and Paris.","Chicago, New York City, and an unnamed city with a bird's-eye view.",0.45,CORRECT
SimpleMem/conv-43:31,SimpleMem,2,What month did Tim plan on going to Universal Studios?,"September, 2023",Next month,0.0,CORRECT
HiGMem/conv-43:31,HiGMem,2,What month did Tim plan on going to Universal Studios?,"September, 2023",next month,0.0,CORRECT
LightMem_official/conv-43:32,LightMem_official,3,Which US states might Tim be in during September 2023 based on his plans of visiting Universal Studios?,California or Florida,Tim is in Florida in September 2023.,0.2,CORRECT
Naive/conv-43:33,Naive,2,When does John plan on traveling with his team on a team trip?,"October, 2023",next month,0.0,CORRECT
Mem0/conv-43:33,Mem0,2,When does John plan on traveling with his team on a team trip?,"October, 2023",Next month,0.0,CORRECT
A-MEM/conv-43:33,A-MEM,2,When does John plan on traveling with his team on a team trip?,"October, 2023",Next month.,0.0,CORRECT
LangMem/conv-43:33,LangMem,2,When does John plan on traveling with his team on a team trip?,"October, 2023",Next month,0.0,CORRECT
SimpleMem/conv-43:33,SimpleMem,2,When does John plan on traveling with his team on a team trip?,"October, 2023",Next month,0.0,CORRECT
LightMem_official/conv-43:33,LightMem_official,2,When does John plan on traveling with his team on a team trip?,"October, 2023","Next month after September 21, 2023.",0.25,CORRECT
HiGMem/conv-43:33,HiGMem,2,When does John plan on traveling with his team on a team trip?,"October, 2023",next month,0.0,CORRECT
s_parent_single_2000/conv-43:33,s_parent_single_2000,2,When does John plan on traveling with his team on a team trip?,"October, 2023",next month,0.0,CORRECT
Mem0/conv-43:34,Mem0,3,What could John do after his basketball career?,become a basketball coach since he likes giving back and leadership,Mentoring young athletes,0.0,CORRECT
E-Mem/conv-43:34,E-Mem,3,What could John do after his basketball career?,become a basketball coach since he likes giving back and leadership,"Start a foundation, mentor players, conduct seminars, or hold benefit games.",0.0,CORRECT
s_parent_single_2000/conv-43:34,s_parent_single_2000,3,What could John do after his basketball career?,become a basketball coach since he likes giving back and leadership,"make a difference away from the court through charity or inspiring people, endorsements, building his brand",0.0,CORRECT
LightMem_official/conv-43:36,LightMem_official,1,Who is Tim and John's favorite basketball player?,LeBron James,John's favorite is LeBron.,0.3333333333333333,CORRECT
A-MEM/conv-43:37,A-MEM,2,Which week did Tim visit the UK for the Harry Potter Conference?,"The week before October 13th, 2023.","Week of October 13, 2023",0.6,WRONG
SimpleMem/conv-43:37,SimpleMem,2,Which week did Tim visit the UK for the Harry Potter Conference?,"The week before October 13th, 2023.",October 2023,0.5714285714285715,WRONG
LightMem_official/conv-43:37,LightMem_official,2,Which week did Tim visit the UK for the Harry Potter Conference?,"The week before October 13th, 2023.",Last week of October 2023,0.6,WRONG
SimpleMem/conv-43:38,SimpleMem,1,which country has Tim visited most frequently in his travels?,UK,United Kingdom,0.0,CORRECT
Naive/conv-43:39,Naive,2,What year did Tim go to the Smoky Mountains?,2022,last year,0.0,CORRECT
Mem0/conv-43:39,Mem0,2,What year did Tim go to the Smoky Mountains?,2022,Last year,0.0,CORRECT
HiGMem/conv-43:39,HiGMem,2,What year did Tim go to the Smoky Mountains?,2022,last year,0.0,CORRECT
Mem0/conv-43:40,Mem0,2,Has Tim been to North Carolina and/or Tennesee states in the US?,Yes,"Yes, Tim visited the Smoky Mountains.",0.33333333333333337,CORRECT
SimpleMem/conv-43:40,SimpleMem,2,Has Tim been to North Carolina and/or Tennesee states in the US?,Yes,"Yes, Tim has been to Tennessee (Smoky Mountains).",0.2222222222222222,CORRECT
E-Mem/conv-43:40,E-Mem,2,Has Tim been to North Carolina and/or Tennesee states in the US?,Yes,"Yes, via a trip to the Smoky Mountains.",0.2857142857142857,CORRECT
Naive/conv-43:41,Naive,1,What kind of fiction stories does Tim write?,Fantasy stories with plot twists,fantasy novels,0.28571428571428575,CORRECT
Mem0/conv-43:41,Mem0,1,What kind of fiction stories does Tim write?,Fantasy stories with plot twists,Fantasy,0.33333333333333337,CORRECT
A-MEM/conv-43:41,A-MEM,1,What kind of fiction stories does Tim write?,Fantasy stories with plot twists,Fantasy novels,0.28571428571428575,CORRECT
SimpleMem/conv-43:41,SimpleMem,1,What kind of fiction stories does Tim write?,Fantasy stories with plot twists,Fantasy novels,0.28571428571428575,CORRECT
LightMem_official/conv-43:41,LightMem_official,1,What kind of fiction stories does Tim write?,Fantasy stories with plot twists,Fantasy novels and articles,0.25,CORRECT
E-Mem/conv-43:41,E-Mem,1,What kind of fiction stories does Tim write?,Fantasy stories with plot twists,Fantasy novels and stories based on personal experiences.,0.3333333333333333,CORRECT
s_parent_single_2000/conv-43:41,s_parent_single_2000,1,What kind of fiction stories does Tim write?,Fantasy stories with plot twists,fantasy novels,0.28571428571428575,CORRECT
Naive/conv-43:42,Naive,1,What has John cooked?,"Soup, a slow cooker meal, and honey garlic chicken with roasted veg.",honey garlic chicken with roasted veg,0.3333333333333333,CORRECT
Mem0/conv-43:42,Mem0,1,What has John cooked?,"Soup, a slow cooker meal, and honey garlic chicken with roasted veg.",Soup,0.3333333333333333,CORRECT
A-MEM/conv-43:42,A-MEM,1,What has John cooked?,"Soup, a slow cooker meal, and honey garlic chicken with roasted veg.",Soup,0.3333333333333333,CORRECT
LightMem_official/conv-43:42,LightMem_official,1,What has John cooked?,"Soup, a slow cooker meal, and honey garlic chicken with roasted veg.",Honey garlic chicken and roasted vegetables,0.2424242424242424,CORRECT
HiGMem/conv-43:42,HiGMem,1,What has John cooked?,"Soup, a slow cooker meal, and honey garlic chicken with roasted veg.",honey garlic chicken with roasted veg,0.3333333333333333,CORRECT
s_parent_single_2000/conv-43:42,s_parent_single_2000,1,What has John cooked?,"Soup, a slow cooker meal, and honey garlic chicken with roasted veg.",soup,0.3333333333333333,CORRECT
Naive/conv-43:43,Naive,1,What does John like about Lebron James?,"His heart, determination, skills, and leadership.",his skills and leadership,0.35,CORRECT
A-MEM/conv-43:43,A-MEM,1,What does John like about Lebron James?,"His heart, determination, skills, and leadership.",His skills and leadership.,0.35,CORRECT
LangMem/conv-43:43,LangMem,1,What does John like about Lebron James?,"His heart, determination, skills, and leadership.",His determination and heart.,0.325,CORRECT
LightMem_official/conv-43:43,LightMem_official,1,What does John like about Lebron James?,"His heart, determination, skills, and leadership.",John admires LeBron's skills and leadership.,0.16666666666666669,CORRECT
HiGMem/conv-43:43,HiGMem,1,What does John like about Lebron James?,"His heart, determination, skills, and leadership.",skills and leadership,0.3333333333333333,CORRECT
Mem0/conv-43:46,Mem0,2,Where was Tim in the week before 16 November 2023?,UK,London,0.0,CORRECT
SimpleMem/conv-43:46,SimpleMem,2,Where was Tim in the week before 16 November 2023?,UK,London,0.0,CORRECT
LightMem_official/conv-43:46,LightMem_official,2,Where was Tim in the week before 16 November 2023?,UK,Tim was in the UK.,0.4,CORRECT
SimpleMem/conv-43:47,SimpleMem,2,When did John get married at a greenhouse?,last week of September 2023,Last week,0.5714285714285715,WRONG
HiGMem/conv-43:47,HiGMem,2,When did John get married at a greenhouse?,last week of September 2023,last week,0.5714285714285715,WRONG
s_parent_single_2000/conv-43:47,s_parent_single_2000,2,When did John get married at a greenhouse?,last week of September 2023,25 September 2023 to 1 October 2023,0.3333333333333333,CORRECT
A-MEM/conv-43:48,A-MEM,1,When did John get an ankle injury in 2023?,"around November 16, 2023","November 21, 2023",0.7,WRONG
HiGMem/conv-43:51,HiGMem,3,What kind of yoga for building core strength might John benefit from?,Hatha Yoga,yoga,0.6666666666666666,WRONG
LightMem_official/conv-43:52,LightMem_official,1,What does John do to supplement his basketball training?,"Yoga, strength training",He does strength training.,0.3333333333333333,CORRECT
HiGMem/conv-43:52,HiGMem,1,What does John do to supplement his basketball training?,"Yoga, strength training",incorporating strength training,0.4,CORRECT
E-Mem/conv-43:52,E-Mem,1,What does John do to supplement his basketball training?,"Yoga, strength training",Strength training and mentoring younger players.,0.28571428571428575,CORRECT
Naive/conv-43:54,Naive,2,When did John take a trip to the Rocky Mountains?,2022,last year,0.0,CORRECT
Mem0/conv-43:54,Mem0,2,When did John take a trip to the Rocky Mountains?,2022,Last year,0.0,CORRECT
SimpleMem/conv-43:54,SimpleMem,2,When did John take a trip to the Rocky Mountains?,2022,Last year,0.0,CORRECT
HiGMem/conv-43:54,HiGMem,2,When did John take a trip to the Rocky Mountains?,2022,last year,0.0,CORRECT
A-MEM/conv-43:55,A-MEM,2,When did John start playing professionally?,"May, 2023","Just under a year (as of December 6, 2023).",0.2,CORRECT
SimpleMem/conv-43:55,SimpleMem,2,When did John start playing professionally?,"May, 2023",Just under a year ago (as of December 2023).,0.2,CORRECT
s_parent_single_2000/conv-43:55,s_parent_single_2000,2,When did John start playing professionally?,"May, 2023",just under a year before 6 December 2023,0.22222222222222224,CORRECT
LightMem_official/conv-43:56,LightMem_official,2,When did Tim start playing the violin?,August 2023,Tim started playing violin in 2023.,0.25,CORRECT
HiGMem/conv-43:56,HiGMem,2,When did Tim start playing the violin?,August 2023,about four months ago,0.0,CORRECT
E-Mem/conv-43:57,E-Mem,1,What instruments does Tim play?,"piano, violin",Tim plays the piano and the violin.,0.4,CORRECT
Naive/conv-43:59,Naive,1,Which career-high performances did John achieve in 2023?,"highest point score, highest assist",career-high in assists,0.2,CORRECT
Mem0/conv-43:59,Mem0,1,Which career-high performances did John achieve in 2023?,"highest point score, highest assist",40 points and a career-high in assists.,0.2678571428571429,CORRECT
LangMem/conv-43:59,LangMem,1,Which career-high performances did John achieve in 2023?,"highest point score, highest assist",Career-high in points (July 2023) and career-high in assists (December 2023).,0.16025641025641024,CORRECT
SimpleMem/conv-43:59,SimpleMem,1,Which career-high performances did John achieve in 2023?,"highest point score, highest assist",Career-high in assists against their rival on 2023-12-11.,0.1,CORRECT
HiGMem/conv-43:59,HiGMem,1,Which career-high performances did John achieve in 2023?,"highest point score, highest assist",career-high in assists,0.2,CORRECT
s_parent_single_2000/conv-43:59,s_parent_single_2000,1,Which career-high performances did John achieve in 2023?,"highest point score, highest assist","career-high in assists, 40 points",0.4,CORRECT
E-Mem/conv-43:60,E-Mem,2,When did John achieve a career-high assist performance?,"December 11, 2023","December 8, 2023",0.6666666666666666,WRONG
Naive/conv-43:61,Naive,1,What books has John read?,"inpsiring book on dreaming big, The Alchemist, fantasy series, non-fiction books on personal development, Dune","The Alchemist, Dune",0.4,CORRECT
A-MEM/conv-43:61,A-MEM,1,What books has John read?,"inpsiring book on dreaming big, The Alchemist, fantasy series, non-fiction books on personal development, Dune",The Alchemist,0.2,CORRECT
LangMem/conv-43:61,LangMem,1,What books has John read?,"inpsiring book on dreaming big, The Alchemist, fantasy series, non-fiction books on personal development, Dune",Dune,0.2,CORRECT
LightMem_official/conv-43:61,LightMem_official,1,What books has John read?,"inpsiring book on dreaming big, The Alchemist, fantasy series, non-fiction books on personal development, Dune",The Alchemist and Dune,0.26666666666666666,CORRECT
s_parent_single_2000/conv-43:61,s_parent_single_2000,1,What books has John read?,"inpsiring book on dreaming big, The Alchemist, fantasy series, non-fiction books on personal development, Dune",The Alchemist,0.2,CORRECT
Naive/conv-43:62,Naive,1,What does John do to share his knowledge?,"gives seminars, mentors younger players.",doing seminars,0.25,CORRECT
Mem0/conv-43:62,Mem0,1,What does John do to share his knowledge?,"gives seminars, mentors younger players.",He enjoys sharing his skills and knowledge with younger players.,0.16666666666666666,CORRECT
SimpleMem/conv-43:62,SimpleMem,1,What does John do to share his knowledge?,"gives seminars, mentors younger players.",He provides advice and support on and off the court.,0.0,CORRECT
LightMem_official/conv-43:62,LightMem_official,1,What does John do to share his knowledge?,"gives seminars, mentors younger players.",He mentors younger players.,0.42857142857142855,CORRECT
HiGMem/conv-43:62,HiGMem,1,What does John do to share his knowledge?,"gives seminars, mentors younger players.",conduct seminars,0.25,CORRECT
E-Mem/conv-43:62,E-Mem,1,What does John do to share his knowledge?,"gives seminars, mentors younger players.",Mentoring younger players and organizing basketball camps.,0.3333333333333333,CORRECT
Naive/conv-43:65,Naive,1,What fantasy movies does Tim like?,"Lord of the Rings, Harry Potter, and Star Wars.",Harry Potter and Star Wars,0.4444444444444444,CORRECT
A-MEM/conv-43:65,A-MEM,1,What fantasy movies does Tim like?,"Lord of the Rings, Harry Potter, and Star Wars.",Star Wars,0.3333333333333333,CORRECT
SimpleMem/conv-43:65,SimpleMem,1,What fantasy movies does Tim like?,"Lord of the Rings, Harry Potter, and Star Wars.",Lord of the Rings,0.3333333333333333,CORRECT
s_parent_single_2000/conv-43:65,s_parent_single_2000,1,What fantasy movies does Tim like?,"Lord of the Rings, Harry Potter, and Star Wars.",Star Wars,0.3333333333333333,CORRECT
LightMem_official/conv-43:68,LightMem_official,2,What day did Tim get into his study abroad program?,"Januarty 5, 2024",Tim got accepted on 07 January 2024.,0.2,CORRECT
E-Mem/conv-43:68,E-Mem,2,What day did Tim get into his study abroad program?,"Januarty 5, 2024","Friday, January 5th, 2024",0.28571428571428575,CORRECT
Mem0/conv-43:69,Mem0,2,When will Tim leave for Ireland?,"February, 2024","Next month relative to January 7, 2024.",0.22222222222222224,CORRECT
s_parent_single_2000/conv-43:69,s_parent_single_2000,2,When will Tim leave for Ireland?,"February, 2024",Next month (relative to 7 January 2024),0.22222222222222224,CORRECT
SimpleMem/conv-43:76,SimpleMem,4,What kind of picture did Tim share as part of their Harry Potter book collection?,MinaLima's creation from the Harry Potter films,A picture from MinaLima.,0.4444444444444444,CORRECT
SimpleMem/conv-43:78,SimpleMem,4,What did John celebrate at a restaurant with teammates?,a tough win,A tough basketball game.,0.4,CORRECT
LightMem_official/conv-43:78,LightMem_official,4,What did John celebrate at a restaurant with teammates?,a tough win,He celebrated a game win.,0.3333333333333333,CORRECT
LightMem_official/conv-43:79,LightMem_official,4,What kind of deals did John sign with Nike and Gatorade?,"basketball shoe and gear deal with Nike, potential sponsorship deal with Gatorade",Endorsement deals for shoes and sponsorship.,0.37499999999999994,CORRECT
Mem0/conv-43:81,Mem0,4,How long has John been surfing?,five years,Five years ago.,0.8,WRONG
HiGMem/conv-43:81,HiGMem,4,How long has John been surfing?,five years,five years ago,0.8,WRONG
LangMem/conv-43:82,LangMem,4,How does John feel while surfing?,super exciting and free-feeling,Unreal,0.0,CORRECT
LightMem_official/conv-43:82,LightMem_official,4,How does John feel while surfing?,super exciting and free-feeling,"He feels exciting, free, and special.",0.25,CORRECT
Naive/conv-43:83,Naive,4,What kind of articles has Tim been writing about for the online magazine?,"different fantasy novels, characters, themes, and book recommendations",fantasy novels,0.4444444444444445,CORRECT
A-MEM/conv-43:83,A-MEM,4,What kind of articles has Tim been writing about for the online magazine?,"different fantasy novels, characters, themes, and book recommendations",Fantasy novels,0.4444444444444445,CORRECT
SimpleMem/conv-43:83,SimpleMem,4,What kind of articles has Tim been writing about for the online magazine?,"different fantasy novels, characters, themes, and book recommendations",Fantasy novels,0.4444444444444445,CORRECT
HiGMem/conv-43:83,HiGMem,4,What kind of articles has Tim been writing about for the online magazine?,"different fantasy novels, characters, themes, and book recommendations",fantasy novels,0.4444444444444445,CORRECT
Naive/conv-43:86,Naive,4,What did John share with the person he skyped about?,Characters from Harry Potter,characters,0.4,CORRECT
E-Mem/conv-43:86,E-Mem,4,What did John share with the person he skyped about?,Characters from Harry Potter,Characters and maybe collab-ing,0.28571428571428575,CORRECT
s_parent_single_2000/conv-43:86,s_parent_single_2000,4,What did John share with the person he skyped about?,Characters from Harry Potter,characters and potential collaboration,0.28571428571428575,CORRECT
Naive/conv-43:87,Naive,4,How did John describe the team bond?,Awesome,like a family away from home,0.0,CORRECT
Mem0/conv-43:87,Mem0,4,How did John describe the team bond?,Awesome,Like a second family.,0.0,CORRECT
A-MEM/conv-43:87,A-MEM,4,How did John describe the team bond?,Awesome,Awesome and makes all the hard work worth it.,0.25,CORRECT
LightMem_official/conv-43:87,LightMem_official,4,How did John describe the team bond?,Awesome,John described it as awesome.,0.33333333333333337,CORRECT
E-Mem/conv-43:87,E-Mem,4,How did John describe the team bond?,Awesome,It brings people together and creates a positive impact.,0.0,CORRECT
s_parent_single_2000/conv-43:87,s_parent_single_2000,4,How did John describe the team bond?,Awesome,like a family away from home,0.0,CORRECT
Naive/conv-43:90,Naive,4,What organization is John teaming up with for his charity work?,A local organization helping disadvantaged kids with sports and school,a local organization,0.4,CORRECT
Naive/conv-43:91,Naive,4,When did John meet back up with his teammates after his trip in August 2023?,Aug 15th,15 August 2023,0.0,CORRECT
Mem0/conv-43:91,Mem0,4,When did John meet back up with his teammates after his trip in August 2023?,Aug 15th,August 15,0.0,CORRECT
LightMem_official/conv-43:91,LightMem_official,4,When did John meet back up with his teammates after his trip in August 2023?,Aug 15th,"August 15th, 2023",0.4,CORRECT
E-Mem/conv-43:91,E-Mem,4,When did John meet back up with his teammates after his trip in August 2023?,Aug 15th,"August 15, 2023",0.0,CORRECT
A-MEM/conv-43:92,A-MEM,4,What did John's teammates give him when they met on Aug 15th?,a basketball with autographs on it,A signed basketball.,0.28571428571428575,CORRECT
SimpleMem/conv-43:92,SimpleMem,4,What did John's teammates give him when they met on Aug 15th?,a basketball with autographs on it,A signed basketball.,0.28571428571428575,CORRECT
LightMem_official/conv-43:92,LightMem_official,4,What did John's teammates give him when they met on Aug 15th?,a basketball with autographs on it,They signed a basketball for him.,0.20000000000000004,CORRECT
A-MEM/conv-43:93,A-MEM,4,Why did John's teammates sign the basketball they gave him?,to show their friendship and appreciation,To symbolize their friendship and love for each other.,0.4615384615384615,CORRECT
LangMem/conv-43:93,LangMem,4,Why did John's teammates sign the basketball they gave him?,to show their friendship and appreciation,To symbolize their friendship and love for each other.,0.4615384615384615,CORRECT
LightMem_official/conv-43:95,LightMem_official,4,What new activity has Tim started learning in August 2023?,play the piano,Tim started learning piano in August 2023.,0.22222222222222224,CORRECT
LangMem/conv-43:101,LangMem,4,How was John's experience in New York City?,Amazing,Awesome,0.0,CORRECT
SimpleMem/conv-43:101,SimpleMem,4,How was John's experience in New York City?,Amazing,Initially challenging with the subway but ultimately enjoyable.,0.0,CORRECT
E-Mem/conv-43:101,E-Mem,4,How was John's experience in New York City?,Amazing,"Amazing overall, though he initially struggled with the subway.",0.2222222222222222,CORRECT
Mem0/conv-43:102,Mem0,4,"What did John say about NYC, enticing Tim to visit?","It's got so much to check out - the culture, food - you won't regret it.",John claimed that visiting NYC would not be regretted.,0.09090909090909093,CORRECT
A-MEM/conv-43:102,A-MEM,4,"What did John say about NYC, enticing Tim to visit?","It's got so much to check out - the culture, food - you won't regret it.","It was amazing, everywhere you go there's something new and exciting, exploring the city and trying all the restaurants was awesome, it's a must-visit.",0.18749999999999997,CORRECT
E-Mem/conv-43:102,E-Mem,4,"What did John say about NYC, enticing Tim to visit?","It's got so much to check out - the culture, food - you won't regret it.",John described NYC as an amazing adventure with incredible culture and food.,0.17391304347826086,CORRECT
LangMem/conv-43:105,LangMem,4,What is Tim excited to see at Universal Studios?,The Harry Potter stuff,Tim is excited to see the Wizarding World of Harry Potter.,0.30769230769230765,CORRECT
Naive/conv-43:108,Naive,4,What does John want to do after his basketball career?,"positively influence and inspire others, potentially start a foundation and engage in charity work",make a positive difference and inspire others,0.37499999999999994,CORRECT
Mem0/conv-43:108,Mem0,4,What does John want to do after his basketball career?,"positively influence and inspire others, potentially start a foundation and engage in charity work",Leave a meaningful legacy,0.0,CORRECT
LightMem_official/conv-43:108,LightMem_official,4,What does John want to do after his basketball career?,"positively influence and inspire others, potentially start a foundation and engage in charity work",John wants to help young athletes.,0.0,CORRECT
Naive/conv-43:109,Naive,4,What advice did Tim give John about picking endorsements?,"Ensure they align with values and brand, look for companies that share the desire to make a change and help others, make sure the endorsement feels authentic",Make sure they align with your values and brand.,0.4666666666666667,CORRECT
Mem0/conv-43:109,Mem0,4,What advice did Tim give John about picking endorsements?,"Ensure they align with values and brand, look for companies that share the desire to make a change and help others, make sure the endorsement feels authentic",Ensure they align with their values and brand.,0.41379310344827586,CORRECT
A-MEM/conv-43:109,A-MEM,4,What advice did Tim give John about picking endorsements?,"Ensure they align with values and brand, look for companies that share the desire to make a change and help others, make sure the endorsement feels authentic",Make sure they align with your values and brand.,0.4666666666666667,CORRECT
LangMem/conv-43:109,LangMem,4,What advice did Tim give John about picking endorsements?,"Ensure they align with values and brand, look for companies that share the desire to make a change and help others, make sure the endorsement feels authentic",Align with your values and brand.,0.2962962962962963,CORRECT
SimpleMem/conv-43:109,SimpleMem,4,What advice did Tim give John about picking endorsements?,"Ensure they align with values and brand, look for companies that share the desire to make a change and help others, make sure the endorsement feels authentic","Align with values, brand, and authenticity.",0.37037037037037035,CORRECT
LightMem_official/conv-43:109,LightMem_official,4,What advice did Tim give John about picking endorsements?,"Ensure they align with values and brand, look for companies that share the desire to make a change and help others, make sure the endorsement feels authentic",Tim advised aligning with values.,0.22222222222222218,CORRECT
HiGMem/conv-43:109,HiGMem,4,What advice did Tim give John about picking endorsements?,"Ensure they align with values and brand, look for companies that share the desire to make a change and help others, make sure the endorsement feels authentic",make sure they align with your values and brand,0.4666666666666667,CORRECT
E-Mem/conv-43:109,E-Mem,4,What advice did Tim give John about picking endorsements?,"Ensure they align with values and brand, look for companies that share the desire to make a change and help others, make sure the endorsement feels authentic",Pick endorsements that align with your values and brand.,0.39999999999999997,CORRECT
Naive/conv-43:110,Naive,4,What book recommendation did Tim give to John for the trip?,A fantasy novel by Patrick Rothfuss,The Name of the Wind,0.0,CORRECT
Mem0/conv-43:110,Mem0,4,What book recommendation did Tim give to John for the trip?,A fantasy novel by Patrick Rothfuss,The Name of the Wind,0.0,CORRECT
s_parent_single_2000/conv-43:110,s_parent_single_2000,4,What book recommendation did Tim give to John for the trip?,A fantasy novel by Patrick Rothfuss,The Name of the Wind,0.0,CORRECT
A-MEM/conv-43:113,A-MEM,4,Which basketball team does Tim support?,The Wolves,The Minnesota Timberwolves,0.0,CORRECT
LangMem/conv-43:113,LangMem,4,Which basketball team does Tim support?,The Wolves,The Minnesota Timberwolves,0.0,CORRECT
A-MEM/conv-43:114,A-MEM,4,What passion does Tim mention connects him with people from all over the world?,passion for fantasy stuff,Harry Potter fandom,0.0,CORRECT
HiGMem/conv-43:114,HiGMem,4,What passion does Tim mention connects him with people from all over the world?,passion for fantasy stuff,shared the same love for it,0.22222222222222224,CORRECT
Naive/conv-43:115,Naive,4,How does John describe the game season for his team?,intense with tough losses and great wins,intense,0.2857142857142857,CORRECT
Mem0/conv-43:115,Mem0,4,How does John describe the game season for his team?,intense with tough losses and great wins,Intense,0.2857142857142857,CORRECT
LightMem_official/conv-43:116,LightMem_official,4,How does John say his team handles tough opponents?,by backing each other up and not quitting,They stick together and get better.,0.0,CORRECT
HiGMem/conv-43:116,HiGMem,4,How does John say his team handles tough opponents?,by backing each other up and not quitting,that's what drives us to get better. We back each other up and won't quit.,0.4761904761904762,CORRECT
LightMem_official/conv-43:117,LightMem_official,4,"What motivates John's team to get better, according to John?",facing tough opponents,Tough opponents drive them to improve.,0.4444444444444444,CORRECT
Mem0/conv-43:118,Mem0,4,What did John's team win at the end of the season?,a trophy,A championship.,0.0,CORRECT
LightMem_official/conv-43:118,LightMem_official,4,What did John's team win at the end of the season?,a trophy,John's team won a trophy.,0.4,CORRECT
Naive/conv-43:120,Naive,4,How does John feel about being seen as a mentor by some of the younger players?,It feels great,rewarding,0.0,CORRECT
Mem0/conv-43:120,Mem0,4,How does John feel about being seen as a mentor by some of the younger players?,It feels great,Rewarding,0.0,CORRECT
A-MEM/conv-43:120,A-MEM,4,How does John feel about being seen as a mentor by some of the younger players?,It feels great,He finds it rewarding and fulfilling.,0.25,CORRECT
LangMem/conv-43:120,LangMem,4,How does John feel about being seen as a mentor by some of the younger players?,It feels great,Really rewarding,0.0,CORRECT
SimpleMem/conv-43:120,SimpleMem,4,How does John feel about being seen as a mentor by some of the younger players?,It feels great,Fulfilling,0.0,CORRECT
LightMem_official/conv-43:120,LightMem_official,4,How does John feel about being seen as a mentor by some of the younger players?,It feels great,John finds it super rewarding.,0.25,CORRECT
HiGMem/conv-43:120,HiGMem,4,How does John feel about being seen as a mentor by some of the younger players?,It feels great,really rewarding,0.0,CORRECT
E-Mem/conv-43:120,E-Mem,4,How does John feel about being seen as a mentor by some of the younger players?,It feels great,John finds it really rewarding and fulfilling.,0.2222222222222222,CORRECT
s_parent_single_2000/conv-43:120,s_parent_single_2000,4,How does John feel about being seen as a mentor by some of the younger players?,It feels great,It feels great to have their trust and admiration. Being a role model for these young athletes is so fulfilling. I'm glad my experiences can help shape their future and inspire them to go after their dreams.,0.1621621621621622,CORRECT
LangMem/conv-43:121,LangMem,4,What does John find rewarding about mentoring the younger players?,"Seeing their growth, improvement, and confidence",Witnessing their growth and development.,0.4444444444444445,CORRECT
LightMem_official/conv-43:121,LightMem_official,4,What does John find rewarding about mentoring the younger players?,"Seeing their growth, improvement, and confidence",Seeing mentees reach their goals.,0.4000000000000001,CORRECT
E-Mem/conv-43:121,E-Mem,4,What does John find rewarding about mentoring the younger players?,"Seeing their growth, improvement, and confidence","Watching players develop, seeing their growth and confidence, being a positive role model, and having their trust and admiration.",0.4,CORRECT
s_parent_single_2000/conv-43:121,s_parent_single_2000,4,What does John find rewarding about mentoring the younger players?,"Seeing their growth, improvement, and confidence","sharing his skills and knowledge, seeing their growth, improvement, and confidence, making a positive impact on their lives, having their trust and admiration, being a positive role model",0.3571428571428571,CORRECT
Mem0/conv-43:122,Mem0,4,What has John been able to help the younger players achieve?,reach their goals,Success,0.0,CORRECT
A-MEM/conv-43:122,A-MEM,4,What has John been able to help the younger players achieve?,reach their goals,"growth, improvement, and confidence",0.0,CORRECT
LangMem/conv-43:122,LangMem,4,What has John been able to help the younger players achieve?,reach their goals,Inspire them to go after their dreams.,0.2,CORRECT
SimpleMem/conv-43:122,SimpleMem,4,What has John been able to help the younger players achieve?,reach their goals,More opportunities for young athletes to succeed.,0.0,CORRECT
E-Mem/conv-43:122,E-Mem,4,What has John been able to help the younger players achieve?,reach their goals,"Growth, improvement, and confidence.",0.0,CORRECT
s_parent_single_2000/conv-43:122,s_parent_single_2000,4,What has John been able to help the younger players achieve?,reach their goals,"growth, improvement, and confidence",0.0,CORRECT
LightMem_official/conv-43:124,LightMem_official,4,Who is one of Tim's sources of inspiration for writing?,J.K. Rowling,J. K. Rowling and Patrick Rothfuss,0.28571428571428575,CORRECT
LightMem_official/conv-43:127,LightMem_official,4,What hobby is a therapy for John when away from the court?,Cooking,Cooking is therapy for John.,0.33333333333333337,CORRECT
Naive/conv-43:129,Naive,4,How will John share the honey garlic chicken recipe with the other person?,write it down and mail it,mail it to you,0.4444444444444445,CORRECT
SimpleMem/conv-43:129,SimpleMem,4,How will John share the honey garlic chicken recipe with the other person?,write it down and mail it,by mail,0.28571428571428575,CORRECT
s_parent_single_2000/conv-43:129,s_parent_single_2000,4,How will John share the honey garlic chicken recipe with the other person?,write it down and mail it,mail it to you,0.4444444444444445,CORRECT
Naive/conv-43:132,Naive,4,Why do Tim and John find LeBron inspiring?,LeBron's determination and the epic block in Game 7 of the '16 Finals,His determination and heart,0.15384615384615383,CORRECT
Mem0/conv-43:132,Mem0,4,Why do Tim and John find LeBron inspiring?,LeBron's determination and the epic block in Game 7 of the '16 Finals,"LeBron's leadership, skills, and determination.",0.28571428571428575,CORRECT
A-MEM/conv-43:132,A-MEM,4,Why do Tim and John find LeBron inspiring?,LeBron's determination and the epic block in Game 7 of the '16 Finals,"For his determination, heart, leadership, and inspirational performances like the epic block in the 2016 Finals.",0.4347826086956522,CORRECT
SimpleMem/conv-43:132,SimpleMem,4,Why do Tim and John find LeBron inspiring?,LeBron's determination and the epic block in Game 7 of the '16 Finals,"His skills, leadership, work ethic, determination, and heart.",0.11764705882352941,CORRECT
LightMem_official/conv-43:132,LightMem_official,4,Why do Tim and John find LeBron inspiring?,LeBron's determination and the epic block in Game 7 of the '16 Finals,"LeBron's skills, leadership, and work ethic.",0.13333333333333333,CORRECT
HiGMem/conv-43:132,HiGMem,4,Why do Tim and John find LeBron inspiring?,LeBron's determination and the epic block in Game 7 of the '16 Finals,determination and heart,0.16666666666666669,CORRECT
E-Mem/conv-43:132,E-Mem,4,Why do Tim and John find LeBron inspiring?,LeBron's determination and the epic block in Game 7 of the '16 Finals,"His work ethic, dedication, determination, heart, and never-give-up attitude.",0.11111111111111112,CORRECT
s_parent_single_2000/conv-43:132,s_parent_single_2000,4,Why do Tim and John find LeBron inspiring?,LeBron's determination and the epic block in Game 7 of the '16 Finals,"His determination, heart, work ethic, and dedication to the game.",0.22222222222222224,CORRECT
Mem0/conv-43:133,Mem0,4,How did John describe the views during their road trip out on the European coastline?,Spectacular,Incredible,0.0,CORRECT
LightMem_official/conv-43:133,LightMem_official,4,How did John describe the views during their road trip out on the European coastline?,Spectacular,John found the views spectacular.,0.4,CORRECT
Mem0/conv-43:137,Mem0,4,"What was the setback Tim faced in his writing project on 21 November, 2023?",Story based on experiences in the UK didn't go as planned,The story did not go the way he wanted.,0.23529411764705882,CORRECT
E-Mem/conv-43:137,E-Mem,4,"What was the setback Tim faced in his writing project on 21 November, 2023?",Story based on experiences in the UK didn't go as planned,The story didn't go the way he wanted.,0.37499999999999994,CORRECT
Mem0/conv-43:138,Mem0,4,How did John overcome his ankle injury from last season?,stayed focused on recovery and worked hard to strengthen his body,"Through physical therapy, strength training, and perseverance.",0.0,CORRECT
LangMem/conv-43:138,LangMem,4,How did John overcome his ankle injury from last season?,stayed focused on recovery and worked hard to strengthen his body,"Through patience, perseverance, and dedicated physical therapy.",0.0,CORRECT
LangMem/conv-43:139,LangMem,4,What motivated Tim to keep pushing himself to get better in writing and reading?,Love for writing and reading,Connecting with things he loves,0.22222222222222224,CORRECT
SimpleMem/conv-43:139,SimpleMem,4,What motivated Tim to keep pushing himself to get better in writing and reading?,Love for writing and reading,Remembering why he loves his work.,0.2,CORRECT
LightMem_official/conv-43:139,LightMem_official,4,What motivated Tim to keep pushing himself to get better in writing and reading?,Love for writing and reading,Tim remembered why he loves it.,0.2,CORRECT
HiGMem/conv-43:139,HiGMem,4,What motivated Tim to keep pushing himself to get better in writing and reading?,Love for writing and reading,remember why we love what we do,0.18181818181818182,CORRECT
E-Mem/conv-43:139,E-Mem,4,What motivated Tim to keep pushing himself to get better in writing and reading?,Love for writing and reading,"His love for writing and reading, the joy of creating worlds, inspiration from authors like J.K. Rowling, and the belief that overcoming challenges builds strength and personal growth.",0.29629629629629634,CORRECT
LangMem/conv-43:140,LangMem,4,How did John overcome a mistake he made during a big game in basketball?,Worked hard to get better and focused on growth,By working hard to improve and viewing the error as a learning opportunity.,0.33333333333333326,CORRECT
E-Mem/conv-43:140,E-Mem,4,How did John overcome a mistake he made during a big game in basketball?,Worked hard to get better and focused on growth,"By working hard to get better, embracing resilience, and owning up to his error.",0.4761904761904762,CORRECT
SimpleMem/conv-43:142,SimpleMem,4,"How did ""The Alchemist"" impact John's perspective on following dreams?",made him think again about following dreams and searching for personal legends,"It made him feel motivated, hopeful, and convinced to trust the process.",0.1904761904761905,CORRECT
LightMem_official/conv-43:142,LightMem_official,4,"How did ""The Alchemist"" impact John's perspective on following dreams?",made him think again about following dreams and searching for personal legends,It motivated him to chase dreams.,0.23529411764705885,CORRECT
E-Mem/conv-43:142,E-Mem,4,"How did ""The Alchemist"" impact John's perspective on following dreams?",made him think again about following dreams and searching for personal legends,"It inspired him to rethink following dreams, making him feel motivated and hopeful.",0.2608695652173913,CORRECT
LightMem_official/conv-43:143,LightMem_official,4,What is John trying out to improve his strength and flexibility after recovery from ankle injury?,yoga,John is trying out yoga.,0.33333333333333337,CORRECT
LightMem_official/conv-43:144,LightMem_official,4,How long does John usually hold the yoga pose he shared with Tim?,30-60 seconds,30 to 60 seconds,0.3333333333333333,CORRECT
Naive/conv-43:146,Naive,4,What did Tim recently start learning in addition to being part of a travel club and working on studies?,an instrument,the violin,0.0,CORRECT
Mem0/conv-43:146,Mem0,4,What did Tim recently start learning in addition to being part of a travel club and working on studies?,an instrument,playing the piano,0.0,CORRECT
LightMem_official/conv-43:146,LightMem_official,4,What did Tim recently start learning in addition to being part of a travel club and working on studies?,an instrument,Tim started learning piano.,0.0,CORRECT
E-Mem/conv-43:146,E-Mem,4,What did Tim recently start learning in addition to being part of a travel club and working on studies?,an instrument,The violin.,0.0,CORRECT
LightMem_official/conv-43:147,LightMem_official,4,What instrument is Tim learning to play in December 2023?,violin,Tim is learning the violin.,0.4,CORRECT
LightMem_official/conv-43:148,LightMem_official,4,"How long has Tim been playing the piano for, as of December 2023?",about four months,Four months as of December 2023.,0.4444444444444444,CORRECT
LightMem_official/conv-43:154,LightMem_official,4,How did John feel about the atmosphere during the big game against the rival team?,electric and intense,He felt the atmosphere was electric.,0.28571428571428575,CORRECT
Naive/conv-43:155,Naive,4,How did John feel after being able to jog without pain?,It was a huge success.,relief,0.0,CORRECT
Mem0/conv-43:155,Mem0,4,How did John feel after being able to jog without pain?,It was a huge success.,Relieved,0.0,CORRECT
A-MEM/conv-43:155,A-MEM,4,How did John feel after being able to jog without pain?,It was a huge success.,Relieved,0.0,CORRECT
LangMem/conv-43:155,LangMem,4,How did John feel after being able to jog without pain?,It was a huge success.,Relieved,0.0,CORRECT
HiGMem/conv-43:155,HiGMem,4,How did John feel after being able to jog without pain?,It was a huge success.,such a relief,0.0,CORRECT
s_parent_single_2000/conv-43:155,s_parent_single_2000,4,How did John feel after being able to jog without pain?,It was a huge success.,relief,0.0,CORRECT
A-MEM/conv-43:156,A-MEM,4,What kind of deal did John get in December?,Deal with a renowned outdoor gear company,A deal for gear and a photoshoot.,0.4,CORRECT
E-Mem/conv-43:156,E-Mem,4,What kind of deal did John get in December?,Deal with a renowned outdoor gear company,Endorsement deals,0.25,CORRECT
SimpleMem/conv-43:160,SimpleMem,4,What activity did Tim do after reading the stories about the Himalayan trek?,visited a travel agency,He planned his next adventure.,0.0,CORRECT
LightMem_official/conv-43:160,LightMem_official,4,What activity did Tim do after reading the stories about the Himalayan trek?,visited a travel agency,Tim was motivated to plan an adventure.,0.0,CORRECT
LightMem_official/conv-43:163,LightMem_official,4,Which language is Tim learning?,German,Tim is learning German.,0.4,CORRECT
Naive/conv-43:168,Naive,4,Why does John like Aragorn from Lord of the Rings?,"brave, selfless, down-to-earth attitude",He's a great leader and puts others first,0.0,CORRECT
Mem0/conv-43:168,Mem0,4,Why does John like Aragorn from Lord of the Rings?,"brave, selfless, down-to-earth attitude","John admires Aragorn's down-to-earth, brave, and selfless attitude, as well as his growth and leadership.",0.47058823529411764,CORRECT
A-MEM/conv-43:168,A-MEM,4,Why does John like Aragorn from Lord of the Rings?,"brave, selfless, down-to-earth attitude","He is inspired by Aragorn's bravery, selflessness, down-to-earth attitude, and his commitment to justice.",0.3529411764705882,CORRECT
LangMem/conv-43:168,LangMem,4,Why does John like Aragorn from Lord of the Rings?,"brave, selfless, down-to-earth attitude","Aragorn's bravery, selflessness, and commitment to justice.",0.2,CORRECT
SimpleMem/conv-43:168,SimpleMem,4,Why does John like Aragorn from Lord of the Rings?,"brave, selfless, down-to-earth attitude",Because he is a great leader who puts others first.,0.0,CORRECT
E-Mem/conv-43:168,E-Mem,4,Why does John like Aragorn from Lord of the Rings?,"brave, selfless, down-to-earth attitude","John likes Aragorn for his brave, selfless, down-to-earth leadership and dedication to justice.",0.375,CORRECT
s_parent_single_2000/conv-43:168,s_parent_single_2000,4,Why does John like Aragorn from Lord of the Rings?,"brave, selfless, down-to-earth attitude","Aragorn's brave, selfless, down-to-earth attitude; he never gives up and always stands up for justice; he is a great leader who puts others first.",0.3076923076923077,CORRECT
Naive/conv-43:171,Naive,4,What map does Tim show to his friend John?,a map of Middle-earth from LOTR,Middle-earth,0.33333333333333337,CORRECT
LightMem_official/conv-43:172,LightMem_official,4,Where will Tim be going for a semester abroad?,Ireland,Tim will be going to Ireland.,0.2857142857142857,CORRECT
LightMem_official/conv-43:173,LightMem_official,4,Which city in Ireland will Tim be staying in during his semester abroad?,Galway,Tim will stay in Galway.,0.33333333333333337,CORRECT
A-MEM/conv-43:174,A-MEM,4,What charity event did John organize recently in 2024?,benefit basketball game,"A game for charity on January 7, 2024.",0.2,CORRECT
E-Mem/conv-43:175,E-Mem,4,What achievement did John share with Tim in January 2024?,endorsement with a popular beverage company,John shared a benefit basketball game and a beverage endorsement.,0.3333333333333333,CORRECT
Naive/conv-43:176,Naive,4,What was Johns's reaction to sealing the deal with the beverage company?,"crazy feeling, sense of accomplishment",It felt crazy.,0.25,CORRECT
Mem0/conv-43:176,Mem0,4,What was Johns's reaction to sealing the deal with the beverage company?,"crazy feeling, sense of accomplishment",Excited,0.0,CORRECT
A-MEM/conv-43:176,A-MEM,4,What was Johns's reaction to sealing the deal with the beverage company?,"crazy feeling, sense of accomplishment",John described it as a total dream come true and crazy.,0.14285714285714285,CORRECT
LangMem/conv-43:176,LangMem,4,What was Johns's reaction to sealing the deal with the beverage company?,"crazy feeling, sense of accomplishment",It felt amazing.,0.0,CORRECT
LightMem_official/conv-43:176,LightMem_official,4,What was Johns's reaction to sealing the deal with the beverage company?,"crazy feeling, sense of accomplishment",He felt crazy but happy.,0.20000000000000004,CORRECT
HiGMem/conv-43:176,HiGMem,4,What was Johns's reaction to sealing the deal with the beverage company?,"crazy feeling, sense of accomplishment",It felt crazy,0.25,CORRECT
E-Mem/conv-43:176,E-Mem,4,What was Johns's reaction to sealing the deal with the beverage company?,"crazy feeling, sense of accomplishment",It felt crazy.,0.25,CORRECT
s_parent_single_2000/conv-43:176,s_parent_single_2000,4,What was Johns's reaction to sealing the deal with the beverage company?,"crazy feeling, sense of accomplishment",It felt crazy; all the hard work paid off.,0.15384615384615385,CORRECT
Naive/conv-44:2,Naive,1,What kind of indoor activities has Andrew pursued with his girlfriend?,"boardgames, volunteering at pet shelter, wine tasting, growing flowers",board games,0.0,CORRECT
LightMem_official/conv-44:2,LightMem_official,1,What kind of indoor activities has Andrew pursued with his girlfriend?,"boardgames, volunteering at pet shelter, wine tasting, growing flowers",Board games and volunteering.,0.07142857142857144,CORRECT
s_parent_single_2000/conv-44:2,s_parent_single_2000,1,What kind of indoor activities has Andrew pursued with his girlfriend?,"boardgames, volunteering at pet shelter, wine tasting, growing flowers",board games,0.0,CORRECT
Naive/conv-44:3,Naive,1,What kind of places have Andrew and his girlfriend checked out around the city?,"cafes, new places to eat, open space for hikes, pet shelter, wine tasting event, park",new places to eat,0.16666666666666666,CORRECT
Mem0/conv-44:3,Mem0,1,What kind of places have Andrew and his girlfriend checked out around the city?,"cafes, new places to eat, open space for hikes, pet shelter, wine tasting event, park","Cafes, parks, trails, and a farm.",0.3333333333333333,CORRECT
SimpleMem/conv-44:3,SimpleMem,1,What kind of places have Andrew and his girlfriend checked out around the city?,"cafes, new places to eat, open space for hikes, pet shelter, wine tasting event, park",New places to eat and a recently discovered hiking spot.,0.13888888888888887,CORRECT
LightMem_official/conv-44:3,LightMem_official,1,What kind of places have Andrew and his girlfriend checked out around the city?,"cafes, new places to eat, open space for hikes, pet shelter, wine tasting event, park",Cafe and hiking spots,0.13095238095238096,CORRECT
E-Mem/conv-44:3,E-Mem,1,What kind of places have Andrew and his girlfriend checked out around the city?,"cafes, new places to eat, open space for hikes, pet shelter, wine tasting event, park","a farm, a lake, a cozy cafe, a wine tasting, a sushi restaurant, and a park",0.41111111111111115,CORRECT
LightMem_official/conv-44:4,LightMem_official,2,When did Audrey make muffins for herself?,The week of April 3rd to 9th,"Last week (relative to April 16, 2023)",0.4615384615384615,CORRECT
s_parent_single_2000/conv-44:4,s_parent_single_2000,2,When did Audrey make muffins for herself?,The week of April 3rd to 9th,April 2023 (the preceding week),0.4,CORRECT
LightMem_official/conv-44:5,LightMem_official,2,When did Audrey see a hummingbird?,first week of May 2023,Before 3 May 2023,0.4444444444444445,CORRECT
E-Mem/conv-44:6,E-Mem,2,When did Audrey adopt Pixie?,"around April 2, 2023",2023-04-02,0.0,CORRECT
s_parent_single_2000/conv-44:7,s_parent_single_2000,2,How many years passed between Audrey adopting Pixie and her other three dogs?,three years,3,0.0,CORRECT
LightMem_official/conv-44:8,LightMem_official,2,Did Andrew have a pet dog during March 2023?,No,"No, Andrew had no pets then.",0.2857142857142857,CORRECT
HiGMem/conv-44:8,HiGMem,2,Did Andrew have a pet dog during March 2023?,No,"No, no pets right now.",0.33333333333333337,CORRECT
Naive/conv-44:9,Naive,1,What kind of classes or groups has Audrey joined to take better care of her dogs?,"positive reinforcement training workshop to bond with pets, dog training course, agility training course, grooming course, dog-owners group",dog owners group,0.14666666666666667,CORRECT
A-MEM/conv-44:9,A-MEM,1,What kind of classes or groups has Audrey joined to take better care of her dogs?,"positive reinforcement training workshop to bond with pets, dog training course, agility training course, grooming course, dog-owners group",Audrey joined a dog owners group and signed up for a workshop about bonding with her pets.,0.12125668449197861,CORRECT
LangMem/conv-44:9,LangMem,1,What kind of classes or groups has Audrey joined to take better care of her dogs?,"positive reinforcement training workshop to bond with pets, dog training course, agility training course, grooming course, dog-owners group",A dog owners group,0.14666666666666667,CORRECT
SimpleMem/conv-44:9,SimpleMem,1,What kind of classes or groups has Audrey joined to take better care of her dogs?,"positive reinforcement training workshop to bond with pets, dog training course, agility training course, grooming course, dog-owners group","Agility classes, a bonding workshop, and a dog owners group.",0.30666666666666664,CORRECT
LightMem_official/conv-44:9,LightMem_official,1,What kind of classes or groups has Audrey joined to take better care of her dogs?,"positive reinforcement training workshop to bond with pets, dog training course, agility training course, grooming course, dog-owners group",Dog owners group and agility classes,0.15714285714285717,CORRECT
s_parent_single_2000/conv-44:9,s_parent_single_2000,1,What kind of classes or groups has Audrey joined to take better care of her dogs?,"positive reinforcement training workshop to bond with pets, dog training course, agility training course, grooming course, dog-owners group","positive reinforcement training class, dog owners group",0.3038095238095238,CORRECT
LightMem_official/conv-44:10,LightMem_official,2,When did Audrey's positive reinforcement training course for dogs take place?,"June, 2023",May 2023 to July 2023,0.28571428571428575,CORRECT
HiGMem/conv-44:10,HiGMem,2,When did Audrey's positive reinforcement training course for dogs take place?,"June, 2023","11 May, 2023 to 3 July, 2023",0.22222222222222224,CORRECT
Naive/conv-44:11,Naive,2,When did Andrew go rock climbing?,"June 11, 2023",13 June 2023,0.6666666666666666,WRONG
LangMem/conv-44:11,LangMem,2,When did Andrew go rock climbing?,"June 11, 2023","June 13, 2023",0.6666666666666666,WRONG
SimpleMem/conv-44:11,SimpleMem,2,When did Andrew go rock climbing?,"June 11, 2023",Last Sunday (2023-06-11),0.0,CORRECT
LightMem_official/conv-44:11,LightMem_official,2,When did Andrew go rock climbing?,"June 11, 2023","Last Sunday before June 13, 2023",0.4444444444444444,CORRECT
A-MEM/conv-44:12,A-MEM,1,What outdoor activities has Andrew done other than hiking in nature?,"rock climbing, fishing, camping",Rock climbing,0.3333333333333333,CORRECT
LangMem/conv-44:12,LangMem,1,What outdoor activities has Andrew done other than hiking in nature?,"rock climbing, fishing, camping",Rock climbing,0.3333333333333333,CORRECT
LightMem_official/conv-44:12,LightMem_official,1,What outdoor activities has Andrew done other than hiking in nature?,"rock climbing, fishing, camping","Kayaking, bungee jumping, rock climbing",0.3333333333333333,CORRECT
A-MEM/conv-44:14,A-MEM,1,What is something that Andrew really misses while working in the city?,being in nature,Finding open spaces.,0.0,CORRECT
LightMem_official/conv-44:14,LightMem_official,1,What is something that Andrew really misses while working in the city?,being in nature,Andrew misses nature and peace.,0.28571428571428575,CORRECT
Naive/conv-44:15,Naive,1,What is a shared frustration regarding dog ownership for Audrey and Andrew?,Not being able to find pet friendly spots.,finding a dog-friendly place to live,0.3076923076923077,CORRECT
Mem0/conv-44:15,Mem0,1,What is a shared frustration regarding dog ownership for Audrey and Andrew?,Not being able to find pet friendly spots.,Finding dog-friendly places to live.,0.3076923076923077,CORRECT
A-MEM/conv-44:15,A-MEM,1,What is a shared frustration regarding dog ownership for Audrey and Andrew?,Not being able to find pet friendly spots.,Difficulty finding dog-friendly housing.,0.16666666666666666,CORRECT
LightMem_official/conv-44:15,LightMem_official,1,What is a shared frustration regarding dog ownership for Audrey and Andrew?,Not being able to find pet friendly spots.,Finding pet-friendly places to live.,0.3076923076923077,CORRECT
E-Mem/conv-44:15,E-Mem,1,What is a shared frustration regarding dog ownership for Audrey and Andrew?,Not being able to find pet friendly spots.,Finding a pet-friendly place to live.,0.3076923076923077,CORRECT
Mem0/conv-44:16,Mem0,2,When is Andrew going to go hiking with Audrey?,August,Next month.,0.0,CORRECT
LangMem/conv-44:16,LangMem,2,When is Andrew going to go hiking with Audrey?,August,Next month,0.0,CORRECT
HiGMem/conv-44:16,HiGMem,2,When is Andrew going to go hiking with Audrey?,August,next month,0.0,CORRECT
s_parent_single_2000/conv-44:17,s_parent_single_2000,1,How many times did Audrey and Andew plan to hike together?,three times,3,0.0,CORRECT
Naive/conv-44:21,Naive,1,What are the classes that Audrey took for her dogs to?,"Positive reinforcement training class for bonding, dog training course, agility class",positive reinforcement training class,0.47301587301587306,CORRECT
LangMem/conv-44:21,LangMem,1,What are the classes that Audrey took for her dogs to?,"Positive reinforcement training class for bonding, dog training course, agility class",positive reinforcement training,0.3333333333333333,CORRECT
Naive/conv-44:23,Naive,1,What are some problems that Andrew faces before he adopted Toby?,Finding the right dog and pet-friendly apartments close to open spaces,Finding a dog-friendly place to live,0.2857142857142857,CORRECT
Mem0/conv-44:23,Mem0,1,What are some problems that Andrew faces before he adopted Toby?,Finding the right dog and pet-friendly apartments close to open spaces,Finding a pet-friendly place to live in the city.,0.375,CORRECT
LangMem/conv-44:23,LangMem,1,What are some problems that Andrew faces before he adopted Toby?,Finding the right dog and pet-friendly apartments close to open spaces,Finding pet-friendly housing,0.3333333333333333,CORRECT
LightMem_official/conv-44:23,LightMem_official,1,What are some problems that Andrew faces before he adopted Toby?,Finding the right dog and pet-friendly apartments close to open spaces,Finding a dog-friendly place to live.,0.2857142857142857,CORRECT
E-Mem/conv-44:23,E-Mem,1,What are some problems that Andrew faces before he adopted Toby?,Finding the right dog and pet-friendly apartments close to open spaces,Finding a pet-friendly place near parks or woods that accommodated Toby's exercise needs.,0.1904761904761905,CORRECT
Mem0/conv-44:25,Mem0,2,When did Andrew and his girlfriend go fishing?,"weekend before August 24, 2023",Last weekend,0.28571428571428575,CORRECT
A-MEM/conv-44:25,A-MEM,2,When did Andrew and his girlfriend go fishing?,"weekend before August 24, 2023",Last weekend.,0.28571428571428575,CORRECT
LangMem/conv-44:25,LangMem,2,When did Andrew and his girlfriend go fishing?,"weekend before August 24, 2023","August 24, 2023",0.7499999999999999,WRONG
SimpleMem/conv-44:25,SimpleMem,2,When did Andrew and his girlfriend go fishing?,"weekend before August 24, 2023",Last weekend,0.28571428571428575,CORRECT
HiGMem/conv-44:25,HiGMem,2,When did Andrew and his girlfriend go fishing?,"weekend before August 24, 2023",Last weekend,0.28571428571428575,CORRECT
E-Mem/conv-44:25,E-Mem,2,When did Andrew and his girlfriend go fishing?,"weekend before August 24, 2023",Last weekend,0.28571428571428575,CORRECT
s_parent_single_2000/conv-44:25,s_parent_single_2000,2,When did Andrew and his girlfriend go fishing?,"weekend before August 24, 2023",Last weekend,0.28571428571428575,CORRECT
LightMem_official/conv-44:26,LightMem_official,1,What is the biggest stressor in Andrew's life besides not being able to hike frequently?,work,Work piling up and stress.,0.4,CORRECT
E-Mem/conv-44:26,E-Mem,1,What is the biggest stressor in Andrew's life besides not being able to hike frequently?,work,His job.,0.0,CORRECT
Mem0/conv-44:27,Mem0,1,How does Andrew feel about his current work?,Stressful,Piling up,0.0,CORRECT
LangMem/conv-44:27,LangMem,1,How does Andrew feel about his current work?,Stressful,He finds it challenging.,0.0,CORRECT
LightMem_official/conv-44:27,LightMem_official,1,How does Andrew feel about his current work?,Stressful,He finds it stressful and challenging.,0.33333333333333337,CORRECT
Mem0/conv-44:29,Mem0,1,What are the names of Audrey's dogs?,"Pepper, Precious, Panda, and Pixie","Pepper, Precious, and Panda",0.75,WRONG
A-MEM/conv-44:29,A-MEM,1,What are the names of Audrey's dogs?,"Pepper, Precious, Panda, and Pixie","Pepper, Precious, and Panda.",0.75,WRONG
LightMem_official/conv-44:29,LightMem_official,1,What are the names of Audrey's dogs?,"Pepper, Precious, Panda, and Pixie","Pepper, Precious, and Panda.",0.75,WRONG
s_parent_single_2000/conv-44:29,s_parent_single_2000,1,What are the names of Audrey's dogs?,"Pepper, Precious, Panda, and Pixie","Pepper, Precious, and Panda",0.75,WRONG
Naive/conv-44:30,Naive,2,When is Andrew planning to go to the beach with his girlfriend?,November 2023,next month,0.0,CORRECT
Mem0/conv-44:30,Mem0,2,When is Andrew planning to go to the beach with his girlfriend?,November 2023,Next month,0.0,CORRECT
A-MEM/conv-44:30,A-MEM,2,When is Andrew planning to go to the beach with his girlfriend?,November 2023,"Next month (from October 1, 2023).",0.25,CORRECT
SimpleMem/conv-44:30,SimpleMem,2,When is Andrew planning to go to the beach with his girlfriend?,November 2023,Next month,0.0,CORRECT
LightMem_official/conv-44:30,LightMem_official,2,When is Andrew planning to go to the beach with his girlfriend?,November 2023,"Next month after October 1, 2023.",0.25,CORRECT
HiGMem/conv-44:30,HiGMem,2,When is Andrew planning to go to the beach with his girlfriend?,November 2023,next month,0.0,CORRECT
s_parent_single_2000/conv-44:30,s_parent_single_2000,2,When is Andrew planning to go to the beach with his girlfriend?,November 2023,Next month,0.0,CORRECT
A-MEM/conv-44:31,A-MEM,1,What has Andrew done with his dogs?,Taking walks and hiking,Hiked with them,0.3333333333333333,CORRECT
SimpleMem/conv-44:31,SimpleMem,1,What has Andrew done with his dogs?,Taking walks and hiking,Hiking and urban adventures.,0.3333333333333333,CORRECT
A-MEM/conv-44:32,A-MEM,1,What kind of tattoo does Audrey have on her arm?,Tattoos of her four dogs.,A tattoo of a dog and sunflowers.,0.6666666666666665,WRONG
LightMem_official/conv-44:32,LightMem_official,1,What kind of tattoo does Audrey have on her arm?,Tattoos of her four dogs.,Four dogs and other drawings,0.4444444444444445,CORRECT
HiGMem/conv-44:32,HiGMem,1,What kind of tattoo does Audrey have on her arm?,Tattoos of her four dogs.,tattoo of a dog and sunflowers,0.6666666666666665,WRONG
SimpleMem/conv-44:35,SimpleMem,1,What are the names of Andrew's dogs?,"Toby, Scout, Buddy",Toby and Buddy,0.4444444444444444,CORRECT
SimpleMem/conv-44:36,SimpleMem,1,What are some foods that Audrey likes eating?,"chicken pot pie, chicken roast, blueberry muffins, sushi","Sushi, vegetables, and muffins.",0.41666666666666663,CORRECT
LangMem/conv-44:37,LangMem,2,When did Audrey get into an accident in the park?,"between October 19 and 24, 2023","The previous week before Session 25 (October 24, 2023).",0.4615384615384615,CORRECT
Mem0/conv-44:38,Mem0,2,When did Andrew and his girlfriend go on a wine tasting trip?,"the weekend before October 24, 2023",Last weekend,0.28571428571428575,CORRECT
SimpleMem/conv-44:38,SimpleMem,2,When did Andrew and his girlfriend go on a wine tasting trip?,"the weekend before October 24, 2023",Last weekend,0.28571428571428575,CORRECT
HiGMem/conv-44:38,HiGMem,2,When did Andrew and his girlfriend go on a wine tasting trip?,"the weekend before October 24, 2023",last weekend,0.28571428571428575,CORRECT
Mem0/conv-44:39,Mem0,1,What did Audrey get wtih having so many dogs?,Companionship,joy and peace,0.0,CORRECT
HiGMem/conv-44:39,HiGMem,1,What did Audrey get wtih having so many dogs?,Companionship,lots of joy and companionship,0.4,CORRECT
E-Mem/conv-44:39,E-Mem,1,What did Audrey get wtih having so many dogs?,Companionship,"Responsibility, busyness, joy, friendship, and a deeper bond.",0.0,CORRECT
A-MEM/conv-44:40,A-MEM,1,What is a good place for dogs to run around freely and meet new friends?,The dog park,Parks,0.6666666666666666,WRONG
LangMem/conv-44:40,LangMem,1,What is a good place for dogs to run around freely and meet new friends?,The dog park,A local dog park with a large grassy play area and shaded spots.,0.33333333333333337,CORRECT
SimpleMem/conv-44:40,SimpleMem,1,What is a good place for dogs to run around freely and meet new friends?,The dog park,Parks,0.6666666666666666,WRONG
LangMem/conv-44:41,LangMem,1,What are the breeds of Audrey's dogs?,Mongrel mixed with Lab for Pepper and Panda. Mongrel mixed with Chihuahua for Precious and Pixie.,"Pepper and Panda are Lab mixes, while Precious and Pixie are Chihuahua mixes.",0.4210526315789473,CORRECT
HiGMem/conv-44:41,HiGMem,1,What are the breeds of Audrey's dogs?,Mongrel mixed with Lab for Pepper and Panda. Mongrel mixed with Chihuahua for Precious and Pixie.,"Pepper and Panda are Lab mixes, and Precious and Pixie are Chihuahua mixes",0.4210526315789473,CORRECT
E-Mem/conv-44:41,E-Mem,1,What are the breeds of Audrey's dogs?,Mongrel mixed with Lab for Pepper and Panda. Mongrel mixed with Chihuahua for Precious and Pixie.,"Pepper and Panda are Lab mixes, while Precious and Pixie are Chihuahua mixes.",0.4210526315789473,CORRECT
LightMem_official/conv-44:45,LightMem_official,2,"How many pets will Andrew have, as of December 2023?",three,Andrew will have three pets.,0.33333333333333337,CORRECT
E-Mem/conv-44:45,E-Mem,2,"How many pets will Andrew have, as of December 2023?",three,3,0.0,CORRECT
E-Mem/conv-44:47,E-Mem,2,How many months passed between Andrew adopting Buddy and Scout,one month,Approximately 1 month,0.4,CORRECT
Mem0/conv-44:48,Mem0,1,What does Andrew view his pets as?,Family,Friends and confidantes,0.0,CORRECT
LightMem_official/conv-44:48,LightMem_official,1,What does Andrew view his pets as?,Family,He views them as family members.,0.2857142857142857,CORRECT
LightMem_official/conv-44:49,LightMem_official,1,What does Audrey view her pets as?,Family,She views them as family.,0.33333333333333337,CORRECT
SimpleMem/conv-44:50,SimpleMem,1,What is a skill that Audrey learned to take care of her dogs?,Grooming,Grooming her dogs herself.,0.4,CORRECT
LightMem_official/conv-44:50,LightMem_official,1,What is a skill that Audrey learned to take care of her dogs?,Grooming,Dog grooming and training techniques.,0.4,CORRECT
A-MEM/conv-44:51,A-MEM,1,What items has Audrey bought or made for her dogs?,"dog tags, toys, dog beds, collars",New collars and tags,0.225,CORRECT
HiGMem/conv-44:51,HiGMem,1,What items has Audrey bought or made for her dogs?,"dog tags, toys, dog beds, collars","personalized tags, toys",0.375,CORRECT
E-Mem/conv-44:51,E-Mem,1,What items has Audrey bought or made for her dogs?,"dog tags, toys, dog beds, collars","Leashes, shoes, collars, tags, stuffed animals, puzzles, and personalized wooden tags.",0.41666666666666663,CORRECT
s_parent_single_2000/conv-44:51,s_parent_single_2000,1,What items has Audrey bought or made for her dogs?,"dog tags, toys, dog beds, collars","toys, beds",0.41666666666666663,CORRECT
Naive/conv-44:53,Naive,3,What is a career that Andrew could potentially pursue with his love for animals and nature?,Park ranger or a similar position working for the National Park Services.,Animal behaviorist,0.0,CORRECT
Mem0/conv-44:53,Mem0,3,What is a career that Andrew could potentially pursue with his love for animals and nature?,Park ranger or a similar position working for the National Park Services.,Animal caretaker,0.0,CORRECT
A-MEM/conv-44:53,A-MEM,3,What is a career that Andrew could potentially pursue with his love for animals and nature?,Park ranger or a similar position working for the National Park Services.,Wildlife Conservationist,0.0,CORRECT
LangMem/conv-44:53,LangMem,3,What is a career that Andrew could potentially pursue with his love for animals and nature?,Park ranger or a similar position working for the National Park Services.,Animal welfare advocate,0.0,CORRECT
SimpleMem/conv-44:53,SimpleMem,3,What is a career that Andrew could potentially pursue with his love for animals and nature?,Park ranger or a similar position working for the National Park Services.,Ecological systems researcher,0.0,CORRECT
Naive/conv-44:54,Naive,1,What activity do Audrey's dogs like to do in the dog park?,"Play fetch with ball and frisbee, run around and meet other dogs",playing fetch,0.28571428571428575,CORRECT
Mem0/conv-44:54,Mem0,1,What activity do Audrey's dogs like to do in the dog park?,"Play fetch with ball and frisbee, run around and meet other dogs",Playing fetch,0.28571428571428575,CORRECT
A-MEM/conv-44:54,A-MEM,1,What activity do Audrey's dogs like to do in the dog park?,"Play fetch with ball and frisbee, run around and meet other dogs",Running around and playing without a leash.,0.30000000000000004,CORRECT
LangMem/conv-44:54,LangMem,1,What activity do Audrey's dogs like to do in the dog park?,"Play fetch with ball and frisbee, run around and meet other dogs",Running around and playing,0.375,CORRECT
SimpleMem/conv-44:54,SimpleMem,1,What activity do Audrey's dogs like to do in the dog park?,"Play fetch with ball and frisbee, run around and meet other dogs","Playing fetch, frisbee, running, and socializing.",0.45238095238095244,CORRECT
LightMem_official/conv-44:54,LightMem_official,1,What activity do Audrey's dogs like to do in the dog park?,"Play fetch with ball and frisbee, run around and meet other dogs",Playing fetch and frisbee.,0.37499999999999994,CORRECT
HiGMem/conv-44:54,HiGMem,1,What activity do Audrey's dogs like to do in the dog park?,"Play fetch with ball and frisbee, run around and meet other dogs",socializing with the other pups and getting lots of exercise,0.15384615384615385,CORRECT
E-Mem/conv-44:54,E-Mem,1,What activity do Audrey's dogs like to do in the dog park?,"Play fetch with ball and frisbee, run around and meet other dogs",Playing fetch with a ball or frisbee.,0.45454545454545453,CORRECT
SimpleMem/conv-44:57,SimpleMem,2,When did Andrew adopt Scout?,few days before November 2023,2023-11-22,0.0,CORRECT
LightMem_official/conv-44:58,LightMem_official,2,"What did Audrey eat for dinner on October 24, 2023?",sushi,Audrey had sushi for dinner.,0.33333333333333337,CORRECT
SimpleMem/conv-44:60,SimpleMem,1,How many dogs does Andrew have?,3,Three,0.0,CORRECT
LightMem_official/conv-44:60,LightMem_official,1,How many dogs does Andrew have?,3,Andrew has three dogs.,0.0,CORRECT
E-Mem/conv-44:60,E-Mem,1,How many dogs does Andrew have?,3,Andrew has three dogs.,0.0,CORRECT
Mem0/conv-44:62,Mem0,4,What did Andrew express missing about exploring nature trails with his family's dog?,The peaceful moments,The peace and feeling of freedom.,0.3333333333333333,CORRECT
LightMem_official/conv-44:62,LightMem_official,4,What did Andrew express missing about exploring nature trails with his family's dog?,The peaceful moments,He misses exploring nature trails with his family's dog.,0.0,CORRECT
E-Mem/conv-44:62,E-Mem,4,What did Andrew express missing about exploring nature trails with his family's dog?,The peaceful moments,The peace and feeling of freedom.,0.3333333333333333,CORRECT
A-MEM/conv-44:65,A-MEM,4,What does Audrey do during dog playdates in the park?,chat with people while dogs make new friends,"She runs, mingles with other pups, and plays fetch and frisbee.",0.11764705882352941,CORRECT
LangMem/conv-44:65,LangMem,4,What does Audrey do during dog playdates in the park?,chat with people while dogs make new friends,She meets with other dog owners once a week for tips and playdates.,0.2105263157894737,CORRECT
A-MEM/conv-44:67,A-MEM,4,"Where does Andrew want to live to give their dog a large, open space to run around?",near a park or woods,"He wants to live in a place with open areas where dogs can run freely, rather than leash-restricted parks.",0.0909090909090909,CORRECT
LangMem/conv-44:68,LangMem,4,Why did Audrey sign up for a workshop about bonding with pets?,Strengthen the bond with her pets,To deepen her connection with her dogs.,0.3333333333333333,CORRECT
Mem0/conv-44:70,Mem0,4,What type of training was the workshop Audrey signed up for in May 2023?,Positive reinforcement training,Dog training,0.4,CORRECT
A-MEM/conv-44:70,A-MEM,4,What type of training was the workshop Audrey signed up for in May 2023?,Positive reinforcement training,Dog training,0.4,CORRECT
SimpleMem/conv-44:70,SimpleMem,4,What type of training was the workshop Audrey signed up for in May 2023?,Positive reinforcement training,Dog training,0.4,CORRECT
Mem0/conv-44:72,Mem0,4,Why did Audrey think positive reinforcement training is important for pets?,To have pets learn how to behave in a positive way,To help pets learn behavior.,0.4,CORRECT
SimpleMem/conv-44:72,SimpleMem,4,Why did Audrey think positive reinforcement training is important for pets?,To have pets learn how to behave in a positive way,Because she believes dogs are quick learners who love rewards and will catch on quickly.,0.0,CORRECT
LightMem_official/conv-44:72,LightMem_official,4,Why did Audrey think positive reinforcement training is important for pets?,To have pets learn how to behave in a positive way,To encourage good behavior.,0.14285714285714288,CORRECT
Naive/conv-44:73,Naive,4,What challenge is Andrew facing in their search for a pet?,Finding a pet-friendly spot in the city,finding a dog-friendly place to live,0.20000000000000004,CORRECT
Mem0/conv-44:73,Mem0,4,What challenge is Andrew facing in their search for a pet?,Finding a pet-friendly spot in the city,Finding a pet-friendly place to live.,0.4000000000000001,CORRECT
SimpleMem/conv-44:73,SimpleMem,4,What challenge is Andrew facing in their search for a pet?,Finding a pet-friendly spot in the city,Finding a pet-friendly place to live.,0.4000000000000001,CORRECT
LightMem_official/conv-44:73,LightMem_official,4,What challenge is Andrew facing in their search for a pet?,Finding a pet-friendly spot in the city,Finding a dog-friendly place to live.,0.20000000000000004,CORRECT
HiGMem/conv-44:73,HiGMem,4,What challenge is Andrew facing in their search for a pet?,Finding a pet-friendly spot in the city,tough finding a pet-friendly place to live,0.3636363636363636,CORRECT
LightMem_official/conv-44:74,LightMem_official,4,How does Andrew feel about their search for a pet-friendly place?,Discouraged but determined,Andrew finds it challenging and discouraging.,0.25,CORRECT
E-Mem/conv-44:74,E-Mem,4,How does Andrew feel about their search for a pet-friendly place?,Discouraged but determined,Discouraged and frustrated.,0.4,CORRECT
LightMem_official/conv-44:77,LightMem_official,4,"What did Audrey set up in the backyard for their dogs on June 26, 2023?",a doggy play area with agility stuff and toys,Audrey set up a doggy play area.,0.4615384615384615,CORRECT
A-MEM/conv-44:80,A-MEM,4,"What dish is one of Audrey's favorite dishes that includes garlic and is shared with Andrew on 3 July, 2023?",Roasted Chicken,Mediterranean chicken dish,0.4,CORRECT
A-MEM/conv-44:84,A-MEM,4,What are some of the personalities of Audrey's four fur babies?,"oldest is relaxed, second is playful, third can be naughty but loves cuddles, youngest is full of life","Relaxed, energetic, naughty, and adventurous.",0.1818181818181818,CORRECT
LangMem/conv-44:84,LangMem,4,What are some of the personalities of Audrey's four fur babies?,"oldest is relaxed, second is playful, third can be naughty but loves cuddles, youngest is full of life","Relaxed sage, game-ready, naughty cuddler, and adventurous.",0.16666666666666666,CORRECT
HiGMem/conv-44:94,HiGMem,4,How often does Audrey take her dogs for walks?,Multiple times a day,all the time,0.4,CORRECT
Mem0/conv-44:96,Mem0,4,What did Andrew learn from reading books about ecological systems?,"about animals, plants, and ecosystems and how they work together",He learned about ecosystems.,0.3333333333333333,CORRECT
LangMem/conv-44:96,LangMem,4,What did Andrew learn from reading books about ecological systems?,"about animals, plants, and ecosystems and how they work together",He learned about the connections between ecological systems.,0.13333333333333333,CORRECT
LangMem/conv-44:97,LangMem,4,What did Andrew suggest as a way to reduce carbon footprint?,biking or using public transport,Cycling,0.0,CORRECT
s_parent_single_2000/conv-44:98,s_parent_single_2000,4,How does Andrew suggest helping the planet while also training the body?,by biking,biking or using public transport,0.28571428571428575,CORRECT
A-MEM/conv-44:99,A-MEM,4,"What did Audrey do with her pups over the weekend before 4th October, 2023?",Took them to the beach,She had a doggy playdate.,0.0,CORRECT
LangMem/conv-44:100,LangMem,4,What was the reason Audrey couldn't walk her dogs for a period of time?,Knee injury,an accident while playing with her pups at the park,0.0,CORRECT
Naive/conv-44:101,Naive,4,What type of jewelry does Audrey make?,Jewelry made from recycled objects,jewelry out of recycled stuff,0.4000000000000001,CORRECT
Mem0/conv-44:101,Mem0,4,What type of jewelry does Audrey make?,Jewelry made from recycled objects,Recycled materials,0.28571428571428575,CORRECT
SimpleMem/conv-44:101,SimpleMem,4,What type of jewelry does Audrey make?,Jewelry made from recycled objects,"Recycled objects like bottle caps, buttons, and broken jewelry.",0.4615384615384615,CORRECT
LightMem_official/conv-44:101,LightMem_official,4,What type of jewelry does Audrey make?,Jewelry made from recycled objects,Recycled bottle caps and buttons,0.22222222222222224,CORRECT
HiGMem/conv-44:101,HiGMem,4,What type of jewelry does Audrey make?,Jewelry made from recycled objects,jewelry out of recycled stuff,0.4000000000000001,CORRECT
E-Mem/conv-44:101,E-Mem,4,What type of jewelry does Audrey make?,Jewelry made from recycled objects,"Recycled materials like bottle caps, buttons, and broken jewelry.",0.3076923076923077,CORRECT
s_parent_single_2000/conv-44:101,s_parent_single_2000,4,What type of jewelry does Audrey make?,Jewelry made from recycled objects,"Jewelry made from recycled materials such as bottle caps, buttons, and broken jewelry.",0.47058823529411764,CORRECT
LangMem/conv-44:102,LangMem,4,Why does Audrey make jewelry out of recycled objects?,To show love for creativity and sustainability,To support a cause close to her heart.,0.15384615384615383,CORRECT
Naive/conv-44:104,Naive,4,How does Audrey help out the animal shelter?,By donating a portion of his profits frmo selling jwelery,She donates a portion of her jewelry profits to an animal shelter.,0.4210526315789474,CORRECT
A-MEM/conv-44:104,A-MEM,4,How does Audrey help out the animal shelter?,By donating a portion of his profits frmo selling jwelery,She donates to it.,0.15384615384615383,CORRECT
LightMem_official/conv-44:104,LightMem_official,4,How does Audrey help out the animal shelter?,By donating a portion of his profits frmo selling jwelery,She donates to the shelter.,0.15384615384615383,CORRECT
Naive/conv-44:106,Naive,4,What did Audrey make to thank her neighbors?,Goodies,cookies,0.0,CORRECT
Mem0/conv-44:106,Mem0,4,What did Audrey make to thank her neighbors?,Goodies,Cookies,0.0,CORRECT
A-MEM/conv-44:106,A-MEM,4,What did Audrey make to thank her neighbors?,Goodies,Cookies,0.0,CORRECT
LangMem/conv-44:106,LangMem,4,What did Audrey make to thank her neighbors?,Goodies,Cookies,0.0,CORRECT
HiGMem/conv-44:106,HiGMem,4,What did Audrey make to thank her neighbors?,Goodies,a cake,0.0,CORRECT
E-Mem/conv-44:106,E-Mem,4,What did Audrey make to thank her neighbors?,Goodies,Cookies,0.0,CORRECT
LangMem/conv-44:107,LangMem,4,How do Audrey's dogs react to snow?,Confused,They hate it and get confused.,0.33333333333333337,CORRECT
LightMem_official/conv-44:107,LightMem_official,4,How do Audrey's dogs react to snow?,Confused,They are confused by it.,0.33333333333333337,CORRECT
E-Mem/conv-44:107,E-Mem,4,How do Audrey's dogs react to snow?,Confused,They hate it and get confused.,0.33333333333333337,CORRECT
s_parent_single_2000/conv-44:107,s_parent_single_2000,4,How do Audrey's dogs react to snow?,Confused,They hate it and get confused.,0.33333333333333337,CORRECT
A-MEM/conv-44:109,A-MEM,4,What kind of experiences are Audrey's dogs the best companions for?,Exploring the great outdoors,"Hiking, walks in the park, and outdoor activities.",0.2222222222222222,CORRECT
LangMem/conv-44:109,LangMem,4,What kind of experiences are Audrey's dogs the best companions for?,Exploring the great outdoors,Nature exploration and cozy relaxation.,0.28571428571428575,CORRECT
SimpleMem/conv-44:109,SimpleMem,4,What kind of experiences are Audrey's dogs the best companions for?,Exploring the great outdoors,"Exploring nature, cuddles, and companionship.",0.28571428571428575,CORRECT
LightMem_official/conv-44:109,LightMem_official,4,What kind of experiences are Audrey's dogs the best companions for?,Exploring the great outdoors,"Hikes, fetch, and park playdates.",0.0,CORRECT
LangMem/conv-44:110,LangMem,4,What activity do Andrew and Buddy enjoy doing together?,Walking,Checking out new hiking trails,0.0,CORRECT
LightMem_official/conv-44:110,LightMem_official,4,What activity do Andrew and Buddy enjoy doing together?,Walking,Walking and getting fresh air.,0.4,CORRECT
E-Mem/conv-44:110,E-Mem,4,What activity do Andrew and Buddy enjoy doing together?,Walking,Walking and checking out new hiking trails.,0.2857142857142857,CORRECT
Mem0/conv-44:111,Mem0,4,What do Andrew and Buddy like doing on walks?,Checking out new hiking trails,Exploring new paths.,0.25,CORRECT
LangMem/conv-44:111,LangMem,4,What do Andrew and Buddy like doing on walks?,Checking out new hiking trails,Hiking,0.33333333333333337,CORRECT
LightMem_official/conv-44:112,LightMem_official,4,What cuisine did Andrew recently try at a new spot in town?,sushi,Andrew tried sushi at a new spot.,0.2857142857142857,CORRECT
E-Mem/conv-44:119,E-Mem,4,What did Audrey share to show ways to keep dogs active in the city?,photography of a basket full of stuffed animals,"Photos of toys, fetch, puzzles, training, and hide-and-seek.",0.14285714285714285,CORRECT
LightMem_official/conv-47:1,LightMem_official,2,"Which recreational activity was James pursuing on March 16, 2022?",bowling,"James went bowling on March 16, 2022.",0.25,CORRECT
Naive/conv-47:2,Naive,1,Which places or events have John and James planned to meet at?,"VR Club, McGee's, baseball game",McGee's Pub,0.2222222222222222,CORRECT
Mem0/conv-47:2,Mem0,1,Which places or events have John and James planned to meet at?,"VR Club, McGee's, baseball game",McGee's Pub,0.2222222222222222,CORRECT
A-MEM/conv-47:2,A-MEM,1,Which places or events have John and James planned to meet at?,"VR Club, McGee's, baseball game",McGee's Pub,0.2222222222222222,CORRECT
LangMem/conv-47:2,LangMem,1,Which places or events have John and James planned to meet at?,"VR Club, McGee's, baseball game",McGee's pub,0.2222222222222222,CORRECT
LightMem_official/conv-47:2,LightMem_official,1,Which places or events have John and James planned to meet at?,"VR Club, McGee's, baseball game",McGee's Pub,0.2222222222222222,CORRECT
HiGMem/conv-47:2,HiGMem,1,Which places or events have John and James planned to meet at?,"VR Club, McGee's, baseball game",McGee's Pub,0.2222222222222222,CORRECT
E-Mem/conv-47:2,E-Mem,1,Which places or events have John and James planned to meet at?,"VR Club, McGee's, baseball game",McGee's Pub,0.2222222222222222,CORRECT
LightMem_official/conv-47:5,LightMem_official,1,What are John and James' favorite games?,"John's favorite game is CS:GO, and James's is Apex Legends.",John: Strategy board games; James: Apex Legends,0.3484848484848485,CORRECT
E-Mem/conv-47:5,E-Mem,1,What are John and James' favorite games?,"John's favorite game is CS:GO, and James's is Apex Legends.","John: CS:GO, FIFA 23, The Witcher 3, Civilization, Total War, Dungeons of the Dragon, The Legend of Zelda; James: Apex Legends, The Witcher 3, Cyberpunk 2077, Civilization, Total War, Super Mario, The Legend of Zelda.",0.48571428571428577,CORRECT
Naive/conv-47:8,Naive,1,How many pets does James have?,Three dogs.,3,0.0,CORRECT
s_parent_single_2000/conv-47:9,s_parent_single_2000,1,What are the names of James's dogs?,"Ned, Daisy, Max","Max, Daisy",0.6666666666666666,WRONG
SimpleMem/conv-47:10,SimpleMem,2,When did James adopt Ned?,first week of April 2022,Last week of April 2022.,0.8000000000000002,WRONG
Naive/conv-47:12,Naive,3,Did James have a girlfriend during April 2022?,Presumably not,No,0.0,CORRECT
A-MEM/conv-47:12,A-MEM,3,Did James have a girlfriend during April 2022?,Presumably not,No,0.0,CORRECT
LangMem/conv-47:12,LangMem,3,Did James have a girlfriend during April 2022?,Presumably not,No,0.0,CORRECT
SimpleMem/conv-47:12,SimpleMem,3,Did James have a girlfriend during April 2022?,Presumably not,No,0.0,CORRECT
LightMem_official/conv-47:12,LightMem_official,3,Did James have a girlfriend during April 2022?,Presumably not,"No, he didn't have a girlfriend then.",0.0,CORRECT
HiGMem/conv-47:12,HiGMem,3,Did James have a girlfriend during April 2022?,Presumably not,No,0.0,CORRECT
E-Mem/conv-47:12,E-Mem,3,Did James have a girlfriend during April 2022?,Presumably not,No,0.0,CORRECT
s_parent_single_2000/conv-47:12,s_parent_single_2000,3,Did James have a girlfriend during April 2022?,Presumably not,No,0.0,CORRECT
Naive/conv-47:13,Naive,2,When did James visit Italy?,In 2021,last year,0.0,CORRECT
Mem0/conv-47:13,Mem0,2,When did James visit Italy?,In 2021,Last year,0.0,CORRECT
A-MEM/conv-47:13,A-MEM,2,When did James visit Italy?,In 2021,Last year (April 2021).,0.3333333333333333,CORRECT
LangMem/conv-47:13,LangMem,2,When did James visit Italy?,In 2021,Last year (prior to April 2022).,0.0,CORRECT
SimpleMem/conv-47:13,SimpleMem,2,When did James visit Italy?,In 2021,Last year,0.0,CORRECT
LightMem_official/conv-47:13,LightMem_official,2,When did James visit Italy?,In 2021,"April 2021 (based on ""last year"" from April 2022)",0.1818181818181818,CORRECT
HiGMem/conv-47:13,HiGMem,2,When did James visit Italy?,In 2021,last year,0.0,CORRECT
SimpleMem/conv-47:14,SimpleMem,2,When did James buy himself a new adventure book?,"April 26, 2022","Three days prior to April 29, 2022.",0.4,CORRECT
LightMem_official/conv-47:18,LightMem_official,1,Which books has John recommended to James?,"The Name of the Wind, Stormlight Archive, Kingkiller Chronicles, Expanse",The Stormlight Archive and The Kingkiller Chronicle,0.3333333333333333,CORRECT
HiGMem/conv-47:18,HiGMem,1,Which books has John recommended to James?,"The Name of the Wind, Stormlight Archive, Kingkiller Chronicles, Expanse",The Name of the Wind,0.25,CORRECT
E-Mem/conv-47:19,E-Mem,3,Was James feeling lonely before meeting Samantha?,"Most likely yes, because he mentioned that the only creatures that gave him joy are dogs and he was actively trying to date.",Yes,0.0909090909090909,CORRECT
Naive/conv-47:20,Naive,1,How many charity tournaments has John organized till date?,two,2,0.0,CORRECT
Naive/conv-47:21,Naive,2,When did John first organize a charity tournament with his friends?,"May 7, 2022",8 May 2022,0.6666666666666666,WRONG
A-MEM/conv-47:21,A-MEM,2,When did John first organize a charity tournament with his friends?,"May 7, 2022","May 8, 2022",0.6666666666666666,WRONG
LangMem/conv-47:21,LangMem,2,When did John first organize a charity tournament with his friends?,"May 7, 2022","May 8, 2022",0.6666666666666666,WRONG
SimpleMem/conv-47:21,SimpleMem,2,When did John first organize a charity tournament with his friends?,"May 7, 2022",2022-05-07,0.0,CORRECT
Naive/conv-47:22,Naive,1,Who or which organizations have been the beneficiaries of John's charity tournaments?,"animal shelter, homeless, children's hospital",a dog shelter and the homeless,0.3,CORRECT
Mem0/conv-47:22,Mem0,1,Who or which organizations have been the beneficiaries of John's charity tournaments?,"animal shelter, homeless, children's hospital",Children's hospital and dog shelter,0.3333333333333333,CORRECT
LangMem/conv-47:22,LangMem,1,Who or which organizations have been the beneficiaries of John's charity tournaments?,"animal shelter, homeless, children's hospital",A local dog shelter and the homeless.,0.24444444444444446,CORRECT
LightMem_official/conv-47:22,LightMem_official,1,Who or which organizations have been the beneficiaries of John's charity tournaments?,"animal shelter, homeless, children's hospital",Children's hospital and dog shelter,0.3333333333333333,CORRECT
E-Mem/conv-47:24,E-Mem,1,What kind of games has James tried to develop?,"football simulator, virtual world inspired by Witcher 3","Strategy games, 2D adventure games with puzzles, and Witcher 3-inspired games.",0.1111111111111111,CORRECT
LightMem_official/conv-47:25,LightMem_official,3,Are John and James fans of the same football team?,"No, James is a Liverpool fan and John is a Manchester City fan.","No, they support different teams.",0.13333333333333333,CORRECT
E-Mem/conv-47:25,E-Mem,3,Are John and James fans of the same football team?,"No, James is a Liverpool fan and John is a Manchester City fan.","No, they support different teams.",0.13333333333333333,CORRECT
LangMem/conv-47:26,LangMem,1,Which countries has James visited?,"Italy, Mexico, Turkey, Canada, Greenland",Italy and Greenland (Nuuk).,0.2,CORRECT
s_parent_single_2000/conv-47:26,s_parent_single_2000,1,Which countries has James visited?,"Italy, Mexico, Turkey, Canada, Greenland","Italy, Turkey, Mexico",0.6,WRONG
A-MEM/conv-47:28,A-MEM,2,When did James volunteer at an organization?,May 2022,"Last month (relative to Session 15 on June 19, 2022).",0.16666666666666669,CORRECT
LangMem/conv-47:28,LangMem,2,When did James volunteer at an organization?,May 2022,Last month (as of June 2022).,0.25,CORRECT
SimpleMem/conv-47:28,SimpleMem,2,When did James volunteer at an organization?,May 2022,"Last month (relative to June 19, 2022).",0.22222222222222224,CORRECT
s_parent_single_2000/conv-47:29,s_parent_single_2000,2,When did James depart for his trip to Canada?,"July 11, 2022",10 July 2022,0.6666666666666666,WRONG
LightMem_official/conv-47:30,LightMem_official,3,Which country did James book tickets for in July 2022?,Canada,James booked tickets for Toronto.,0.0,CORRECT
LightMem_official/conv-47:32,LightMem_official,2,"Where was James at on July 12, 2022?","Toronto, Canada",James was in Toronto.,0.3333333333333333,CORRECT
E-Mem/conv-47:33,E-Mem,3,Did John and James study together?,Yes,"Yes, John and James studied together.",0.33333333333333337,CORRECT
HiGMem/conv-47:34,HiGMem,1,Which countries did James visit in July 2022?,"Canada, Greenland",Toronto and Nuuk,0.0,CORRECT
LightMem_official/conv-47:35,LightMem_official,3,What additional country did James visit during his trip to Canada?,Greenland,"James visited Nuuk, Greenland.",0.4,CORRECT
LangMem/conv-47:36,LangMem,3,Who is Jill?,Most likely John's partner.,John's family member or close friend.,0.2,CORRECT
E-Mem/conv-47:36,E-Mem,3,Who is Jill?,Most likely John's partner.,Jill is the person John knows who received souvenirs from James.,0.14285714285714288,CORRECT
Naive/conv-47:38,Naive,1,What happened to John's job situation in 2022?,"quit his IT Job, secured his dream job, aspires to become an eSports competition organizer",He left his IT job after 3 years.,0.27777777777777773,CORRECT
Mem0/conv-47:38,Mem0,1,What happened to John's job situation in 2022?,"quit his IT Job, secured his dream job, aspires to become an eSports competition organizer",He left his IT job.,0.3703703703703703,CORRECT
SimpleMem/conv-47:38,SimpleMem,1,What happened to John's job situation in 2022?,"quit his IT Job, secured his dream job, aspires to become an eSports competition organizer",John left his IT job after three years to pursue a new career.,0.24537037037037038,CORRECT
LightMem_official/conv-47:38,LightMem_official,1,What happened to John's job situation in 2022?,"quit his IT Job, secured his dream job, aspires to become an eSports competition organizer",John left IT job after 3 years.,0.1818181818181818,CORRECT
s_parent_single_2000/conv-47:38,s_parent_single_2000,1,What happened to John's job situation in 2022?,"quit his IT Job, secured his dream job, aspires to become an eSports competition organizer",John left his IT job after 3 years in August 2022 and got his dream job in June 2022.,0.18181818181818185,CORRECT
Naive/conv-47:39,Naive,2,When did John start his job in IT?,2019,3 years ago,0.0,CORRECT
LightMem_official/conv-47:39,LightMem_official,2,When did John start his job in IT?,2019,John started his IT job in 2019.,0.25,CORRECT
HiGMem/conv-47:39,HiGMem,2,When did John start his job in IT?,2019,3 years ago,0.0,CORRECT
s_parent_single_2000/conv-47:39,s_parent_single_2000,2,When did John start his job in IT?,2019,3 years before 6 August 2022,0.0,CORRECT
LightMem_official/conv-47:40,LightMem_official,1,What kind of tricks do James's pets know?,"swimming, catching frisbees, balancing on a skateboard, sit, stay, paw, and rollover","Sit, stay, and paw rollover.",0.47619047619047616,CORRECT
Naive/conv-47:42,Naive,2,When did James take his 3 dogs to the beach?,"August 9, 2022",10 August 2022,0.6666666666666666,WRONG
LangMem/conv-47:42,LangMem,2,When did James take his 3 dogs to the beach?,"August 9, 2022","August 10, 2022",0.6666666666666666,WRONG
SimpleMem/conv-47:42,SimpleMem,2,When did James take his 3 dogs to the beach?,"August 9, 2022","August 10, 2022",0.6666666666666666,WRONG
LightMem_official/conv-47:42,LightMem_official,2,When did James take his 3 dogs to the beach?,"August 9, 2022",10 August 2022,0.6666666666666666,WRONG
E-Mem/conv-47:43,E-Mem,2,When did John plan his next meeting with his siblings?,"In September, 2022","Next month relative to August 21, 2022.",0.2,CORRECT
Mem0/conv-47:44,Mem0,3,Why didn't John want to go to Starbucks?,Possibly because he likes to drink beer on his days off.,He preferred having a beer instead.,0.25000000000000006,CORRECT
A-MEM/conv-47:44,A-MEM,3,Why didn't John want to go to Starbucks?,Possibly because he likes to drink beer on his days off.,He preferred to have a beer somewhere.,0.3529411764705882,CORRECT
LangMem/conv-47:44,LangMem,3,Why didn't John want to go to Starbucks?,Possibly because he likes to drink beer on his days off.,He preferred a casual beer setting.,0.25000000000000006,CORRECT
SimpleMem/conv-47:44,SimpleMem,3,Why didn't John want to go to Starbucks?,Possibly because he likes to drink beer on his days off.,He preferred having a beer instead.,0.25000000000000006,CORRECT
LightMem_official/conv-47:44,LightMem_official,3,Why didn't John want to go to Starbucks?,Possibly because he likes to drink beer on his days off.,He prefers a beer instead.,0.26666666666666666,CORRECT
HiGMem/conv-47:44,HiGMem,3,Why didn't John want to go to Starbucks?,Possibly because he likes to drink beer on his days off.,Maybe we can have a beer somewhere?,0.11764705882352942,CORRECT
E-Mem/conv-47:44,E-Mem,3,Why didn't John want to go to Starbucks?,Possibly because he likes to drink beer on his days off.,He preferred to have a beer somewhere.,0.3529411764705882,CORRECT
s_parent_single_2000/conv-47:44,s_parent_single_2000,3,Why didn't John want to go to Starbucks?,Possibly because he likes to drink beer on his days off.,He wanted to have a beer somewhere.,0.3529411764705882,CORRECT
Mem0/conv-47:45,Mem0,1,What kind of beer does McGee's bar serve?,"Stout, lager",Stout and light beers,0.25,CORRECT
LightMem_official/conv-47:45,LightMem_official,1,What kind of beer does McGee's bar serve?,"Stout, lager",McGee's serves light and stout beers.,0.16666666666666669,CORRECT
HiGMem/conv-47:45,HiGMem,1,What kind of beer does McGee's bar serve?,"Stout, lager",great stout,0.3333333333333333,CORRECT
E-Mem/conv-47:45,E-Mem,1,What kind of beer does McGee's bar serve?,"Stout, lager",Light beers and lager beer.,0.2,CORRECT
Naive/conv-47:46,Naive,2,When did John and James meet at McGee's bar?,"August 27, 2022",26 August 2022,0.6666666666666666,WRONG
LangMem/conv-47:47,LangMem,2,When did James ask Samantha to be his girlfriend?,"September 3, 2022","In Session 23 (9:23 pm, 4 September 2022) at the theater.",0.30769230769230765,CORRECT
SimpleMem/conv-47:47,SimpleMem,2,When did James ask Samantha to be his girlfriend?,"September 3, 2022","September 4, 2022",0.6666666666666666,WRONG
Mem0/conv-47:49,Mem0,1,What gaming equipments did John buy or refurbish?,"Sennheiser headphones, Logitech mouse, gaming desk",John bought a Logitech mouse and refurbished his gaming desk.,0.26666666666666666,CORRECT
LangMem/conv-47:49,LangMem,1,What gaming equipments did John buy or refurbish?,"Sennheiser headphones, Logitech mouse, gaming desk",Sennheiser headphones and a Logitech mouse,0.4444444444444444,CORRECT
SimpleMem/conv-47:49,SimpleMem,1,What gaming equipments did John buy or refurbish?,"Sennheiser headphones, Logitech mouse, gaming desk","Headphones, new devices, and a refurbished gaming desk.",0.48888888888888893,CORRECT
s_parent_single_2000/conv-47:51,s_parent_single_2000,1,Which new games did John start play during the course of the conversation with James?,"AC Valhalla, Witcher 3, FIFA 23, Dungeons of the Dragons, futuristic dystopian game","FIFA 23, Dungeons of the Dragon",0.4,CORRECT
E-Mem/conv-47:52,E-Mem,2,When did John start working on his 2D Adventure mobile game?,approximately summer of 2022,"A few months before September 20, 2022.",0.2,CORRECT
Naive/conv-47:53,Naive,2,How long did it take for James to complete his Witcher-inspired game?,six months,months,0.6666666666666666,WRONG
LightMem_official/conv-47:54,LightMem_official,1,What kind of programming-related events has John hosted?,"online programming competition, programming seminar",John hosted a programming seminar.,0.47619047619047616,CORRECT
LangMem/conv-47:55,LangMem,2,When did John and his programming friends host an online programming competition?,Last week before 13 October 2022.,"Last week of October 13, 2022.",0.8333333333333334,WRONG
Mem0/conv-47:56,Mem0,1,Which of James's family members have visited him in the last year?,"mother, sister",His mother,0.3333333333333333,CORRECT
SimpleMem/conv-47:56,SimpleMem,1,Which of James's family members have visited him in the last year?,"mother, sister",James's mother,0.3333333333333333,CORRECT
E-Mem/conv-47:56,E-Mem,1,Which of James's family members have visited him in the last year?,"mother, sister",James's sister,0.3333333333333333,CORRECT
Naive/conv-47:57,Naive,2,When did James' mother and her friend visit him?,"October 19, 2022",21 October 2022,0.6666666666666666,WRONG
SimpleMem/conv-47:57,SimpleMem,2,When did James' mother and her friend visit him?,"October 19, 2022","Two days prior to October 21, 2022.",0.4,CORRECT
LightMem_official/conv-47:57,LightMem_official,2,When did James' mother and her friend visit him?,"October 19, 2022",20 October 2022,0.6666666666666666,WRONG
A-MEM/conv-47:58,A-MEM,2,When did James try Cyberpunk 2077 game?,"October 20, 2022","Yesterday (relative to Session 28 on October 21, 2022).",0.3333333333333333,CORRECT
Mem0/conv-47:60,Mem0,1,What games has John played with his friends at charity tournaments?,"CS:GO, Fortnite, Overwatch and Apex Legends",CS:GO,0.3333333333333333,CORRECT
SimpleMem/conv-47:60,SimpleMem,1,What games has John played with his friends at charity tournaments?,"CS:GO, Fortnite, Overwatch and Apex Legends",Fortnite,0.3333333333333333,CORRECT
SimpleMem/conv-47:61,SimpleMem,2,What was James' big moment with Samantha in October 2023?,They decided to live together and rented an apartment not far from McGee's bar.,They moved in together.,0.25,CORRECT
HiGMem/conv-47:61,HiGMem,2,What was James' big moment with Samantha in October 2023?,They decided to live together and rented an apartment not far from McGee's bar.,move in together,0.13333333333333333,CORRECT
SimpleMem/conv-47:63,SimpleMem,2,"When did James, his family and his dogs start on a road trip together?","November 4, 2022",The previous day (relative to 2022-11-05).,0.0,CORRECT
E-Mem/conv-47:64,E-Mem,2,How long did John practice chess for before winning the chess tournament?,nearly four months,Approximately 3 months and 14 days.,0.25,CORRECT
LightMem_official/conv-47:65,LightMem_official,2,When did James and his family visit Mark and Josh?,"November 7, 2022",On 2022-11-07.,0.0,CORRECT
Naive/conv-47:66,Naive,2,When did John work with a game developer on a project?,"November 5-6, 2022",7 November 2022,0.6666666666666666,WRONG
A-MEM/conv-47:66,A-MEM,2,When did John work with a game developer on a project?,"November 5-6, 2022","November 7, 2022",0.6666666666666666,WRONG
LangMem/conv-47:66,LangMem,2,When did John work with a game developer on a project?,"November 5-6, 2022","November 7, 2022",0.6666666666666666,WRONG
SimpleMem/conv-47:66,SimpleMem,2,When did John work with a game developer on a project?,"November 5-6, 2022","November 7, 2022",0.6666666666666666,WRONG
HiGMem/conv-47:66,HiGMem,2,When did John work with a game developer on a project?,"November 5-6, 2022","7 November, 2022",0.6666666666666666,WRONG
E-Mem/conv-47:66,E-Mem,2,When did John work with a game developer on a project?,"November 5-6, 2022","November 7, 2022",0.6666666666666666,WRONG
s_parent_single_2000/conv-47:66,s_parent_single_2000,2,When did John work with a game developer on a project?,"November 5-6, 2022",7 November 2022,0.6666666666666666,WRONG
LightMem_official/conv-47:74,LightMem_official,4,What game did John play in an intense tournament at the gaming convention in March 2022?,CS:GO,CS: GO,0.0,CORRECT
LightMem_official/conv-47:78,LightMem_official,4,What did James adopt in April 2022?,a pup,James adopted a puppy in April 2022.,0.0,CORRECT
E-Mem/conv-47:78,E-Mem,4,What did James adopt in April 2022?,a pup,A golden retriever puppy named Max.,0.0,CORRECT
LightMem_official/conv-47:79,LightMem_official,4,What is the name of the pup that was adopted by James?,Ned,The pup's name is Ned.,0.4,CORRECT
Naive/conv-47:80,Naive,4,Why did James embody the appearance of the game character from the woman he saw during a walk?,He found her appearance and eyes amazing.,He fell in love at first sight.,0.15384615384615383,CORRECT
Mem0/conv-47:80,Mem0,4,Why did James embody the appearance of the game character from the woman he saw during a walk?,He found her appearance and eyes amazing.,To capture the stranger's appearance in a game.,0.16666666666666666,CORRECT
A-MEM/conv-47:80,A-MEM,4,Why did James embody the appearance of the game character from the woman he saw during a walk?,He found her appearance and eyes amazing.,He fell in love at first sight with her.,0.26666666666666666,CORRECT
LangMem/conv-47:80,LangMem,4,Why did James embody the appearance of the game character from the woman he saw during a walk?,He found her appearance and eyes amazing.,To channel his strong aesthetic and emotional reaction into his creative work.,0.0,CORRECT
LightMem_official/conv-47:80,LightMem_official,4,Why did James embody the appearance of the game character from the woman he saw during a walk?,He found her appearance and eyes amazing.,He fell in love at first sight.,0.15384615384615383,CORRECT
HiGMem/conv-47:80,HiGMem,4,Why did James embody the appearance of the game character from the woman he saw during a walk?,He found her appearance and eyes amazing.,because I fell in love at first sight,0.0,CORRECT
E-Mem/conv-47:80,E-Mem,4,Why did James embody the appearance of the game character from the woman he saw during a walk?,He found her appearance and eyes amazing.,Because he fell in love at first sight with her appearance.,0.3529411764705882,CORRECT
s_parent_single_2000/conv-47:80,s_parent_single_2000,4,Why did James embody the appearance of the game character from the woman he saw during a walk?,He found her appearance and eyes amazing.,He fell in love at first sight with her.,0.26666666666666666,CORRECT
Naive/conv-47:81,Naive,4,What inspired James to create the game character in the virtual world?,Appearance of a woman he saw during a walk,A stranger walking towards him during a walk with his dogs.,0.25,CORRECT
E-Mem/conv-47:81,E-Mem,4,What inspired James to create the game character in the virtual world?,Appearance of a woman he saw during a walk,A stranger he encountered during a walk with his dogs.,0.39999999999999997,CORRECT
LightMem_official/conv-47:83,LightMem_official,4,What impresses John about Japan?,Technologically advanced megacities and tasty street food,He was impressed by megacities and tech.,0.16666666666666666,CORRECT
HiGMem/conv-47:83,HiGMem,4,What impresses John about Japan?,Technologically advanced megacities and tasty street food,"everything there is so technologically advanced, the huge screens on the buildings are mesmerizing. And, of course, very tasty street food.",0.4166666666666667,CORRECT
E-Mem/conv-47:84,E-Mem,4,What kind of assignment was giving John a hard time at work?,Coding assignment,A difficult coding project.,0.4,CORRECT
Mem0/conv-47:88,Mem0,4,"What did John organize with his friends on May 8, 2022?",A tournament for CS:GO,A gaming tournament.,0.4,CORRECT
Mem0/conv-47:89,Mem0,4,What did John and his friends do with the remaining money after helping the dog shelter?,Bought groceries and cooked food for the homeless,They used it to buy groceries.,0.16666666666666666,CORRECT
LangMem/conv-47:91,LangMem,4,What did the system John created help the charitable foundation with?,"tracking inventory, resources, and donations",It replaced their paper-based manual inventory system with a mobile application.,0.14285714285714288,CORRECT
Naive/conv-47:92,Naive,4,What did John create for the charitable foundation that helped generate reports for analysis?,computer application on smartphones,an application,0.4,CORRECT
Mem0/conv-47:92,Mem0,4,What did John create for the charitable foundation that helped generate reports for analysis?,computer application on smartphones,A software tool,0.0,CORRECT
A-MEM/conv-47:92,A-MEM,4,What did John create for the charitable foundation that helped generate reports for analysis?,computer application on smartphones,A software tool,0.0,CORRECT
SimpleMem/conv-47:92,SimpleMem,4,What did John create for the charitable foundation that helped generate reports for analysis?,computer application on smartphones,A software application.,0.3333333333333333,CORRECT
LightMem_official/conv-47:92,LightMem_official,4,What did John create for the charitable foundation that helped generate reports for analysis?,computer application on smartphones,John created a software tool.,0.0,CORRECT
HiGMem/conv-47:92,HiGMem,4,What did John create for the charitable foundation that helped generate reports for analysis?,computer application on smartphones,an application,0.4,CORRECT
E-Mem/conv-47:92,E-Mem,4,What did John create for the charitable foundation that helped generate reports for analysis?,computer application on smartphones,An application,0.4,CORRECT
s_parent_single_2000/conv-47:92,s_parent_single_2000,4,What did John create for the charitable foundation that helped generate reports for analysis?,computer application on smartphones,an application,0.4,CORRECT
Naive/conv-47:94,Naive,4,What project is James working on in his game design course?,"a new part of the football simulator, collecting player databases",football simulator,0.4,CORRECT
SimpleMem/conv-47:94,SimpleMem,4,What project is James working on in his game design course?,"a new part of the football simulator, collecting player databases",A football simulator project.,0.36363636363636365,CORRECT
s_parent_single_2000/conv-47:94,s_parent_single_2000,4,What project is James working on in his game design course?,"a new part of the football simulator, collecting player databases",football simulator,0.4,CORRECT
Mem0/conv-47:97,Mem0,4,What disagreement do James and John have about their football teams?,debating on which team will perform better in the championship,"James believes there is no club better than Liverpool, while John believes his team will win the championship.",0.30769230769230765,CORRECT
s_parent_single_2000/conv-47:97,s_parent_single_2000,4,What disagreement do James and John have about their football teams?,debating on which team will perform better in the championship,"John believes Manchester City will win the championship, while James claims Manchester City are in bad form and have a terrible transfer policy.",0.20689655172413793,CORRECT
LightMem_official/conv-47:100,LightMem_official,4,Will there be an interview required to volunteer with the organization James volunteered for?,No,"No, only friendliness and desire are needed.",0.2857142857142857,CORRECT
HiGMem/conv-47:100,HiGMem,4,Will there be an interview required to volunteer with the organization James volunteered for?,No,"No, this is not necessary.",0.33333333333333337,CORRECT
E-Mem/conv-47:100,E-Mem,4,Will there be an interview required to volunteer with the organization James volunteered for?,No,"No, an interview is not necessary.",0.33333333333333337,CORRECT
LightMem_official/conv-47:101,LightMem_official,4,"How did John relax in his free time on 9 July, 2022?",Reading,He relaxed by reading.,0.4,CORRECT
LightMem_official/conv-47:104,LightMem_official,4,Where did James plan to visit after Toronto?,Vancouver,James planned to visit Vancouver.,0.33333333333333337,CORRECT
SimpleMem/conv-47:105,SimpleMem,4,When did James plan to return from his trip to Toronto and Vancouver?,July 20,2022-07-20,0.0,CORRECT
LightMem_official/conv-47:105,LightMem_official,4,When did James plan to return from his trip to Toronto and Vancouver?,July 20,James planned to return on July 20th.,0.22222222222222224,CORRECT
LightMem_official/conv-47:106,LightMem_official,4,What online game did John start playing recently for improving strategy?,Chess,"Chess after July 22, 2022",0.33333333333333337,CORRECT
Naive/conv-47:107,Naive,4,What made John leave his IT job?,to focus on things that align with his values and passions,to make a difference,0.15384615384615383,CORRECT
Mem0/conv-47:107,Mem0,4,What made John leave his IT job?,to focus on things that align with his values and passions,To contribute to a social cause.,0.13333333333333333,CORRECT
A-MEM/conv-47:107,A-MEM,4,What made John leave his IT job?,to focus on things that align with his values and passions,He wanted something that made a difference.,0.125,CORRECT
SimpleMem/conv-47:107,SimpleMem,4,What made John leave his IT job?,to focus on things that align with his values and passions,To pursue a career that makes a difference.,0.25,CORRECT
LightMem_official/conv-47:107,LightMem_official,4,What made John leave his IT job?,to focus on things that align with his values and passions,He wanted to make a difference.,0.13333333333333333,CORRECT
HiGMem/conv-47:107,HiGMem,4,What made John leave his IT job?,to focus on things that align with his values and passions,wanted something that made a difference,0.13333333333333333,CORRECT
E-Mem/conv-47:107,E-Mem,4,What made John leave his IT job?,to focus on things that align with his values and passions,He wanted something that made a difference.,0.125,CORRECT
s_parent_single_2000/conv-47:107,s_parent_single_2000,4,What made John leave his IT job?,to focus on things that align with his values and passions,He wanted something that made a difference.,0.125,CORRECT
Mem0/conv-47:108,Mem0,4,Which game tournaments does John plan to organize besides CS:GO?,Fortnite competitions,"Fortnite, strategy games, and RPG games.",0.28571428571428575,CORRECT
LightMem_official/conv-47:108,LightMem_official,4,Which game tournaments does John plan to organize besides CS:GO?,Fortnite competitions,"Fortnite, Overwatch, and Apex Legends",0.3333333333333333,CORRECT
E-Mem/conv-47:108,E-Mem,4,Which game tournaments does John plan to organize besides CS:GO?,Fortnite competitions,"Fortnite, strategy, RPG, Overwatch, and Apex Legends.",0.25,CORRECT
Naive/conv-47:109,Naive,4,What happened to James's puppy during the recent visit to the clinic?,routine examination and vaccination,It was vaccinated to prevent him from catching the seasonal canine disease.,0.14285714285714288,CORRECT
Mem0/conv-47:109,Mem0,4,What happened to James's puppy during the recent visit to the clinic?,routine examination and vaccination,The puppy was vaccinated.,0.3333333333333333,CORRECT
A-MEM/conv-47:109,A-MEM,4,What happened to James's puppy during the recent visit to the clinic?,routine examination and vaccination,It was a routine examination and the puppy was vaccinated against seasonal canine disease.,0.42857142857142855,CORRECT
LangMem/conv-47:109,LangMem,4,What happened to James's puppy during the recent visit to the clinic?,routine examination and vaccination,It was a routine visit for vaccinations.,0.4444444444444444,CORRECT
SimpleMem/conv-47:109,SimpleMem,4,What happened to James's puppy during the recent visit to the clinic?,routine examination and vaccination,It was vaccinated to prevent seasonal canine disease.,0.18181818181818182,CORRECT
E-Mem/conv-47:109,E-Mem,4,What happened to James's puppy during the recent visit to the clinic?,routine examination and vaccination,It underwent a routine examination and was vaccinated against seasonal canine disease.,0.4615384615384615,CORRECT
s_parent_single_2000/conv-47:109,s_parent_single_2000,4,What happened to James's puppy during the recent visit to the clinic?,routine examination and vaccination,It was a routine examination and the puppy was vaccinated to prevent it from catching the seasonal canine disease.,0.33333333333333337,CORRECT
A-MEM/conv-47:112,A-MEM,4,"What aspect of ""The Witcher 3"" does John find immersive?",shaping the world with choices,Its immersive world and story.,0.25,CORRECT
SimpleMem/conv-47:112,SimpleMem,4,"What aspect of ""The Witcher 3"" does John find immersive?",shaping the world with choices,Choices,0.4,CORRECT
HiGMem/conv-47:112,HiGMem,4,"What aspect of ""The Witcher 3"" does John find immersive?",shaping the world with choices,world and story,0.3333333333333333,CORRECT
LightMem_official/conv-47:114,LightMem_official,4,What is James planning to do after receiving Samantha's phone number?,call her,Call Samantha the next day.,0.3333333333333333,CORRECT
LightMem_official/conv-47:117,LightMem_official,4,What were some difficulties James faced during the development of his game?,balancing mechanics and ensuring fairness,Bug in code and balancing mechanics.,0.4444444444444445,CORRECT
E-Mem/conv-47:117,E-Mem,4,What were some difficulties James faced during the development of his game?,balancing mechanics and ensuring fairness,"Balancing mechanics, debugging code bugs, and losing progress due to forgetting to save.",0.25,CORRECT
Mem0/conv-47:118,Mem0,4,What has John been teaching his siblings?,coding,Programming,0.0,CORRECT
A-MEM/conv-47:118,A-MEM,4,What has John been teaching his siblings?,coding,Programming,0.0,CORRECT
LightMem_official/conv-47:118,LightMem_official,4,What has John been teaching his siblings?,coding,John has been teaching his siblings coding.,0.25,CORRECT
A-MEM/conv-47:123,A-MEM,4,What did James learn to make in the cooking class besides omelette and meringue?,Dough,They taught us how to make the dough.,0.25,CORRECT
LightMem_official/conv-47:123,LightMem_official,4,What did James learn to make in the cooking class besides omelette and meringue?,Dough,He learned how to make dough.,0.2857142857142857,CORRECT
Mem0/conv-47:124,Mem0,4,Why did James sign up for a cooking class?,He wanted to learn something new,To improve himself.,0.2222222222222222,CORRECT
LightMem_official/conv-47:124,LightMem_official,4,Why did James sign up for a cooking class?,He wanted to learn something new,To learn more about cooking.,0.3636363636363636,CORRECT
LightMem_official/conv-47:125,LightMem_official,4,What did James prepare for the first time in the cooking class?,Omelette,James prepared a great omelette.,0.4,CORRECT
HiGMem/conv-47:127,HiGMem,4,Where does James get his ideas from?,"books, movies, dreams","Playing video games, creating my own game, Witcher 3, a crazy dream, a walk with my dogs",0.1111111111111111,CORRECT
E-Mem/conv-47:127,E-Mem,4,Where does James get his ideas from?,"books, movies, dreams","Books, movies, dreams, tutorials, developer forums, magazines, and video games like Witcher 3.",0.4,CORRECT
LightMem_official/conv-47:130,LightMem_official,4,What instrument did James used to play when he was younger?,guitar,James used to play guitar.,0.33333333333333337,CORRECT
LightMem_official/conv-47:131,LightMem_official,4,What did John use to play when he was younger to let off steam?,drums,Playing drums to let off steam.,0.2857142857142857,CORRECT
LangMem/conv-47:136,LangMem,4,What does John feel about starting the journey as a programming mentor for game developers?,excited and inspired,He feels excited and passionate.,0.3333333333333333,CORRECT
Mem0/conv-47:138,Mem0,4,What inspired James to create his game?,Witcher 3,The Witcher and The Wild Hunt,0.4,CORRECT
SimpleMem/conv-47:138,SimpleMem,4,What inspired James to create his game?,Witcher 3,"Witcher 3, strategy games like Civilization and Total War, and a childhood desire to create a character.",0.2666666666666667,CORRECT
LightMem_official/conv-47:138,LightMem_official,4,What inspired James to create his game?,Witcher 3,The Witcher 3's world and story,0.3333333333333333,CORRECT
HiGMem/conv-47:138,HiGMem,4,What inspired James to create his game?,Witcher 3,"Playing video games was always great, but creating my own game was really special. Witcher 3 gave me a ton of inspiration, with its amazing world and story. Plus, it pushed me to create something cool.",0.1111111111111111,CORRECT
E-Mem/conv-47:138,E-Mem,4,What inspired James to create his game?,Witcher 3,"His love for strategy games, Witcher 3, and a stranger he met while walking his dogs.",0.25,CORRECT
HiGMem/conv-47:139,HiGMem,4,What sparked James' passion for gaming when he was a kid?,Super Mario and The Legend of Zelda games,Those games,0.25,CORRECT
Mem0/conv-47:142,Mem0,4,"What was the purpose of the gaming tournament organized by John on 31 October, 2022?",To raise money for a children's hospital,Charity,0.0,CORRECT
SimpleMem/conv-47:142,SimpleMem,4,"What was the purpose of the gaming tournament organized by John on 31 October, 2022?",To raise money for a children's hospital,To combine interests and help the community.,0.1818181818181818,CORRECT
HiGMem/conv-47:142,HiGMem,4,"What was the purpose of the gaming tournament organized by John on 31 October, 2022?",To raise money for a children's hospital,playing for a good cause,0.2,CORRECT
LightMem_official/conv-47:143,LightMem_official,4,"What decision did James and Samantha make on 31 October, 2022?",To move in together,They decided to rent an apartment.,0.22222222222222224,CORRECT
LightMem_official/conv-47:144,LightMem_official,4,"Where did James and Samantha decide to live together on 31 October, 2022?",In an apartment not far from McGee's bar,Near McGee's bar.,0.4,CORRECT
Naive/conv-47:145,Naive,4,Why did James and Samantha choose an apartment near McGee's bar?,They love spending time together at the bar,One of the criteria for their choice of apartment was the bar nearby.,0.1111111111111111,CORRECT
Mem0/conv-47:145,Mem0,4,Why did James and Samantha choose an apartment near McGee's bar?,They love spending time together at the bar,One of the criteria for choosing the apartment was a particular nearby bar.,0.11764705882352941,CORRECT
A-MEM/conv-47:145,A-MEM,4,Why did James and Samantha choose an apartment near McGee's bar?,They love spending time together at the bar,One of the criteria for their choice was the bar's proximity.,0.125,CORRECT
LangMem/conv-47:145,LangMem,4,Why did James and Samantha choose an apartment near McGee's bar?,They love spending time together at the bar,To be near a bar James values for social connectivity.,0.125,CORRECT
SimpleMem/conv-47:145,SimpleMem,4,Why did James and Samantha choose an apartment near McGee's bar?,They love spending time together at the bar,Proximity to McGee's bar.,0.18181818181818182,CORRECT
LightMem_official/conv-47:145,LightMem_official,4,Why did James and Samantha choose an apartment near McGee's bar?,They love spending time together at the bar,Because he loves spending time in bars.,0.5714285714285714,WRONG
HiGMem/conv-47:145,HiGMem,4,Why did James and Samantha choose an apartment near McGee's bar?,They love spending time together at the bar,one of the criteria for our choice of apartment was this particular bar nearby,0.1,CORRECT
s_parent_single_2000/conv-47:145,s_parent_single_2000,4,Why did James and Samantha choose an apartment near McGee's bar?,They love spending time together at the bar,proximity to McGee's bar,0.18181818181818182,CORRECT
Naive/conv-48:1,Naive,1,Which of Deborah`s family and friends have passed away?,"mother, father, her friend Karlie",Deborah's mother,0.2222222222222222,CORRECT
Mem0/conv-48:1,Mem0,1,Which of Deborah`s family and friends have passed away?,"mother, father, her friend Karlie",Deborah's mother and father.,0.3333333333333333,CORRECT
A-MEM/conv-48:1,A-MEM,1,Which of Deborah`s family and friends have passed away?,"mother, father, her friend Karlie",Her father and her mother.,0.36190476190476195,CORRECT
LangMem/conv-48:1,LangMem,1,Which of Deborah`s family and friends have passed away?,"mother, father, her friend Karlie",Her father and her mother.,0.36190476190476195,CORRECT
SimpleMem/conv-48:1,SimpleMem,1,Which of Deborah`s family and friends have passed away?,"mother, father, her friend Karlie",Deborah's mother and father.,0.3333333333333333,CORRECT
LightMem_official/conv-48:1,LightMem_official,1,Which of Deborah`s family and friends have passed away?,"mother, father, her friend Karlie",Her mom and a friend.,0.2222222222222222,CORRECT
HiGMem/conv-48:1,HiGMem,1,Which of Deborah`s family and friends have passed away?,"mother, father, her friend Karlie","friend, mom, dad",0.16666666666666666,CORRECT
E-Mem/conv-48:1,E-Mem,1,Which of Deborah`s family and friends have passed away?,"mother, father, her friend Karlie","Deborah's mother, father, and her partner's dad.",0.6666666666666666,WRONG
s_parent_single_2000/conv-48:1,s_parent_single_2000,1,Which of Deborah`s family and friends have passed away?,"mother, father, her friend Karlie","Deborah's father, Deborah's mother",0.4444444444444444,CORRECT
LightMem_official/conv-48:2,LightMem_official,2,When did Deborah`s mother pass away?,a few years before 2023,January 2023 or earlier,0.25,CORRECT
Mem0/conv-48:3,Mem0,2,When did Jolene`s mother pass away?,in 2022,Last year,0.0,CORRECT
Mem0/conv-48:5,Mem0,3,In what country did Jolene's mother buy her the pendant?,In France,Paris,0.0,CORRECT
A-MEM/conv-48:5,A-MEM,3,In what country did Jolene's mother buy her the pendant?,In France,Paris,0.0,CORRECT
LangMem/conv-48:5,LangMem,3,In what country did Jolene's mother buy her the pendant?,In France,Paris,0.0,CORRECT
SimpleMem/conv-48:5,SimpleMem,3,In what country did Jolene's mother buy her the pendant?,In France,Paris,0.0,CORRECT
HiGMem/conv-48:5,HiGMem,3,In what country did Jolene's mother buy her the pendant?,In France,Paris,0.0,CORRECT
s_parent_single_2000/conv-48:5,s_parent_single_2000,3,In what country did Jolene's mother buy her the pendant?,In France,Paris,0.0,CORRECT
Mem0/conv-48:6,Mem0,1,What symbolic gifts do Deborah and Jolene have from their mothers?,pendants,Deborah has a pendant and Jolene has a pendant.,0.2857142857142857,CORRECT
A-MEM/conv-48:6,A-MEM,1,What symbolic gifts do Deborah and Jolene have from their mothers?,pendants,Deborah has a pendant and Jolene has a pendant.,0.2857142857142857,CORRECT
SimpleMem/conv-48:6,SimpleMem,1,What symbolic gifts do Deborah and Jolene have from their mothers?,pendants,Deborah brings flowers and Jolene wears a pendant.,0.2857142857142857,CORRECT
Naive/conv-48:8,Naive,1,What helped Deborah find peace when grieving deaths of her loved ones?,"yoga, old photos, the roses and dahlias in a flower garden, nature",nature,0.25,CORRECT
HiGMem/conv-48:8,HiGMem,1,What helped Deborah find peace when grieving deaths of her loved ones?,"yoga, old photos, the roses and dahlias in a flower garden, nature","memories, artwork, nature, gardening with roses and dahlias",0.41666666666666663,CORRECT
s_parent_single_2000/conv-48:8,s_parent_single_2000,1,What helped Deborah find peace when grieving deaths of her loved ones?,"yoga, old photos, the roses and dahlias in a flower garden, nature",yoga,0.25,CORRECT
A-MEM/conv-48:9,A-MEM,2,When did Deborah's father pass away?,"January 25, 2023","Two days before January 27, 2023.",0.4444444444444444,CORRECT
SimpleMem/conv-48:9,SimpleMem,2,When did Deborah's father pass away?,"January 25, 2023","Two days prior to January 27, 2023.",0.4,CORRECT
HiGMem/conv-48:9,HiGMem,2,When did Deborah's father pass away?,"January 25, 2023","27 January, 2023",0.6666666666666666,WRONG
LightMem_official/conv-48:11,LightMem_official,3,Is Deborah married?,yes,"Yes, she got married on the beach.",0.2857142857142857,CORRECT
HiGMem/conv-48:11,HiGMem,3,Is Deborah married?,yes,My husband and I,0.0,CORRECT
Mem0/conv-48:13,Mem0,1,What places give Deborah peace?,"sitting in a spot by the window in her Mom's house, sitting by the beach, Bali, forest trail in a nearby park","Nature, her mother's old house, a park with a forest trail, the beach, and yoga.",0.36858974358974356,CORRECT
A-MEM/conv-48:13,A-MEM,1,What places give Deborah peace?,"sitting in a spot by the window in her Mom's house, sitting by the beach, Bali, forest trail in a nearby park","A spot by the window at her old home, a forest trail, a beach, and a spot by the water near her mom's old house.",0.4149159663865547,CORRECT
LangMem/conv-48:13,LangMem,1,What places give Deborah peace?,"sitting in a spot by the window in her Mom's house, sitting by the beach, Bali, forest trail in a nearby park","Natural environments and intimate, secluded spaces like forests, beaches, lakes, hidden coffee shops, and her mother's old house.",0.2574786324786325,CORRECT
SimpleMem/conv-48:13,SimpleMem,1,What places give Deborah peace?,"sitting in a spot by the window in her Mom's house, sitting by the beach, Bali, forest trail in a nearby park","A park with a forest trail, a nearby beach, a garden with flowers in buckets, and a spot by the water near her mom's old house.",0.4137254901960784,CORRECT
LightMem_official/conv-48:13,LightMem_official,1,What places give Deborah peace?,"sitting in a spot by the window in her Mom's house, sitting by the beach, Bali, forest trail in a nearby park","Nature, parks, beaches, and Bali.",0.45833333333333337,CORRECT
HiGMem/conv-48:13,HiGMem,1,What places give Deborah peace?,"sitting in a spot by the window in her Mom's house, sitting by the beach, Bali, forest trail in a nearby park","nature, a spot by the water near my mom's old house, a window",0.16310160427807485,CORRECT
E-Mem/conv-48:13,E-Mem,1,What places give Deborah peace?,"sitting in a spot by the window in her Mom's house, sitting by the beach, Bali, forest trail in a nearby park","Her yoga studio, the beach, her mother's old house, a garden with roses and dahlias, Bali, her bathroom, a cozy nook, and with her pet Susie.",0.4519230769230769,CORRECT
s_parent_single_2000/conv-48:13,s_parent_single_2000,1,What places give Deborah peace?,"sitting in a spot by the window in her Mom's house, sitting by the beach, Bali, forest trail in a nearby park","old home, forest bench, Bali, beach in Bali, location with large statue",0.44642857142857145,CORRECT
Naive/conv-48:14,Naive,1,What were Deborah's mother's hobbies?,"reading, traveling, art, cooking",reading and travel,0.3333333333333333,CORRECT
A-MEM/conv-48:14,A-MEM,1,What were Deborah's mother's hobbies?,"reading, traveling, art, cooking",Reading,0.25,CORRECT
SimpleMem/conv-48:14,SimpleMem,1,What were Deborah's mother's hobbies?,"reading, traveling, art, cooking",Travel,0.25,CORRECT
s_parent_single_2000/conv-48:14,s_parent_single_2000,1,What were Deborah's mother's hobbies?,"reading, traveling, art, cooking","reading books, travel",0.41666666666666663,CORRECT
Mem0/conv-48:15,Mem0,4,What pets does Jolene have?,snakes,A snake named Susie and a lizard named Seraphim.,0.2857142857142857,CORRECT
A-MEM/conv-48:15,A-MEM,4,What pets does Jolene have?,snakes,Jolene has snakes named Susie and Seraphim.,0.2857142857142857,CORRECT
LightMem_official/conv-48:15,LightMem_official,4,What pets does Jolene have?,snakes,Jolene has snakes and cats.,0.4,CORRECT
E-Mem/conv-48:15,E-Mem,4,What pets does Jolene have?,snakes,"Snakes, including one named Susie.",0.33333333333333337,CORRECT
Naive/conv-48:17,Naive,2,When did Jolene buy her pet Seraphim?,in 2022,a year ago,0.0,CORRECT
Mem0/conv-48:17,Mem0,2,When did Jolene buy her pet Seraphim?,in 2022,Last year.,0.0,CORRECT
SimpleMem/conv-48:17,SimpleMem,2,When did Jolene buy her pet Seraphim?,in 2022,A year prior,0.0,CORRECT
HiGMem/conv-48:17,HiGMem,2,When did Jolene buy her pet Seraphim?,in 2022,last year,0.0,CORRECT
Naive/conv-48:18,Naive,3,In what country did Jolene buy snake Seraphim?,In France,Paris,0.0,CORRECT
Mem0/conv-48:18,Mem0,3,In what country did Jolene buy snake Seraphim?,In France,Paris,0.0,CORRECT
LangMem/conv-48:18,LangMem,3,In what country did Jolene buy snake Seraphim?,In France,Paris,0.0,CORRECT
SimpleMem/conv-48:18,SimpleMem,3,In what country did Jolene buy snake Seraphim?,In France,Paris,0.0,CORRECT
HiGMem/conv-48:18,HiGMem,3,In what country did Jolene buy snake Seraphim?,In France,Paris,0.0,CORRECT
s_parent_single_2000/conv-48:18,s_parent_single_2000,3,In what country did Jolene buy snake Seraphim?,In France,Paris,0.0,CORRECT
A-MEM/conv-48:20,A-MEM,1,Which games have Jolene and her partner played together?,"Detroit, Walking Dead, Battlefield 1, It Takes Two, Overcooked 2",Detroit,0.2,CORRECT
SimpleMem/conv-48:20,SimpleMem,1,Which games have Jolene and her partner played together?,"Detroit, Walking Dead, Battlefield 1, It Takes Two, Overcooked 2",Detroit,0.2,CORRECT
LightMem_official/conv-48:20,LightMem_official,1,Which games have Jolene and her partner played together?,"Detroit, Walking Dead, Battlefield 1, It Takes Two, Overcooked 2","Detroit, Takes Two, Overcooked 2, Monster Hunter: World",0.5599999999999999,WRONG
Naive/conv-48:21,Naive,2,"When do Jolene and her partner plan to complete the game ""Walking Dead""?","Saturday after 27 January, 2023",next Saturday,0.28571428571428575,CORRECT
A-MEM/conv-48:21,A-MEM,2,"When do Jolene and her partner plan to complete the game ""Walking Dead""?","Saturday after 27 January, 2023",Next Saturday,0.28571428571428575,CORRECT
SimpleMem/conv-48:21,SimpleMem,2,"When do Jolene and her partner plan to complete the game ""Walking Dead""?","Saturday after 27 January, 2023",Next Saturday.,0.28571428571428575,CORRECT
LightMem_official/conv-48:21,LightMem_official,2,"When do Jolene and her partner plan to complete the game ""Walking Dead""?","Saturday after 27 January, 2023",They plan to complete it next Saturday.,0.16666666666666666,CORRECT
HiGMem/conv-48:21,HiGMem,2,"When do Jolene and her partner plan to complete the game ""Walking Dead""?","Saturday after 27 January, 2023",next Saturday,0.28571428571428575,CORRECT
s_parent_single_2000/conv-48:21,s_parent_single_2000,2,"When do Jolene and her partner plan to complete the game ""Walking Dead""?","Saturday after 27 January, 2023",next Saturday,0.28571428571428575,CORRECT
Mem0/conv-48:24,Mem0,1,What new yoga poses did Deborah try?,"Warrior II, Dancer Pose (Natarajasana), Tree pose",Dancer Pose (Natarajasana) and Tree Pose,0.44047619047619047,CORRECT
LangMem/conv-48:24,LangMem,1,What new yoga poses did Deborah try?,"Warrior II, Dancer Pose (Natarajasana), Tree pose",Dancer Pose (Natarajasana),0.4666666666666666,CORRECT
SimpleMem/conv-48:24,SimpleMem,1,What new yoga poses did Deborah try?,"Warrior II, Dancer Pose (Natarajasana), Tree pose",Warrior II,0.3333333333333333,CORRECT
LightMem_official/conv-48:24,LightMem_official,1,What new yoga poses did Deborah try?,"Warrior II, Dancer Pose (Natarajasana), Tree pose",Tree pose and Dancer pose.,0.41269841269841273,CORRECT
HiGMem/conv-48:24,HiGMem,1,What new yoga poses did Deborah try?,"Warrior II, Dancer Pose (Natarajasana), Tree pose",Dancer Pose (Natarajasana) and a tree pose,0.44047619047619047,CORRECT
s_parent_single_2000/conv-48:25,s_parent_single_2000,4,What are Jolene's favorite books?,"Sapiens, Avalanche by Neal Stephenson","""Sapiens""",0.33333333333333337,CORRECT
Mem0/conv-48:26,Mem0,2,Which book did Jolene read in January 2023?,Avalanche by Neal Stephenson,Avalanche,0.4,CORRECT
SimpleMem/conv-48:26,SimpleMem,2,Which book did Jolene read in January 2023?,Avalanche by Neal Stephenson,Avalanche,0.4,CORRECT
LightMem_official/conv-48:26,LightMem_official,2,Which book did Jolene read in January 2023?,Avalanche by Neal Stephenson,Jolene read 'Avalanche' in January 2023.,0.2,CORRECT
s_parent_single_2000/conv-48:26,s_parent_single_2000,2,Which book did Jolene read in January 2023?,Avalanche by Neal Stephenson,Avalanche,0.4,CORRECT
Naive/conv-48:27,Naive,2,When was Jolene in Bogota?,in summer 2022,last summer,0.4,CORRECT
Mem0/conv-48:27,Mem0,2,When was Jolene in Bogota?,in summer 2022,Last summer,0.4,CORRECT
LightMem_official/conv-48:27,LightMem_official,2,When was Jolene in Bogota?,in summer 2022,Last summer before 2023.,0.28571428571428575,CORRECT
HiGMem/conv-48:27,HiGMem,2,When was Jolene in Bogota?,in summer 2022,last summer,0.4,CORRECT
s_parent_single_2000/conv-48:27,s_parent_single_2000,2,When was Jolene in Bogota?,in summer 2022,last summer,0.4,CORRECT
Naive/conv-48:29,Naive,2,When did Jolene have a mini-retreat to reflect on her career?,"Wednesday before 9 February, 2023",Last Wednesday,0.28571428571428575,CORRECT
Mem0/conv-48:29,Mem0,2,When did Jolene have a mini-retreat to reflect on her career?,"Wednesday before 9 February, 2023",Last Wednesday,0.28571428571428575,CORRECT
SimpleMem/conv-48:29,SimpleMem,2,When did Jolene have a mini-retreat to reflect on her career?,"Wednesday before 9 February, 2023",Last Wednesday,0.28571428571428575,CORRECT
LightMem_official/conv-48:29,LightMem_official,2,When did Jolene have a mini-retreat to reflect on her career?,"Wednesday before 9 February, 2023",2023-02-01,0.0,CORRECT
HiGMem/conv-48:29,HiGMem,2,When did Jolene have a mini-retreat to reflect on her career?,"Wednesday before 9 February, 2023",Last Wednesday,0.28571428571428575,CORRECT
Naive/conv-48:30,Naive,2,When did Jolene have a dinner and drinks with her friends?,"21 February, 2023",22 February 2023,0.6666666666666666,WRONG
LangMem/conv-48:30,LangMem,2,When did Jolene have a dinner and drinks with her friends?,"21 February, 2023",22 February 2023,0.6666666666666666,WRONG
LightMem_official/conv-48:30,LightMem_official,2,When did Jolene have a dinner and drinks with her friends?,"21 February, 2023",Before 22 February 2023,0.5714285714285715,WRONG
Naive/conv-48:31,Naive,2,When was the last photo of Deborah and Karlie taken?,in summer 2022,last summer,0.4,CORRECT
A-MEM/conv-48:31,A-MEM,2,When was the last photo of Deborah and Karlie taken?,in summer 2022,Last summer,0.4,CORRECT
LangMem/conv-48:31,LangMem,2,When was the last photo of Deborah and Karlie taken?,in summer 2022,Last summer,0.4,CORRECT
SimpleMem/conv-48:31,SimpleMem,2,When was the last photo of Deborah and Karlie taken?,in summer 2022,Last summer,0.4,CORRECT
HiGMem/conv-48:31,HiGMem,2,When was the last photo of Deborah and Karlie taken?,in summer 2022,last summer,0.4,CORRECT
s_parent_single_2000/conv-48:31,s_parent_single_2000,2,When was the last photo of Deborah and Karlie taken?,in summer 2022,last summer,0.4,CORRECT
Naive/conv-48:32,Naive,2,When was Deborah in Bali?,in 2022,last year,0.0,CORRECT
Mem0/conv-48:32,Mem0,2,When was Deborah in Bali?,in 2022,Last year,0.0,CORRECT
A-MEM/conv-48:32,A-MEM,2,When was Deborah in Bali?,in 2022,Last year,0.0,CORRECT
LangMem/conv-48:32,LangMem,2,When was Deborah in Bali?,in 2022,Last year (prior to February 2023).,0.0,CORRECT
SimpleMem/conv-48:32,SimpleMem,2,When was Deborah in Bali?,in 2022,Last year,0.0,CORRECT
LightMem_official/conv-48:32,LightMem_official,2,When was Deborah in Bali?,in 2022,In 2022 (last year from Feb 2023).,0.4444444444444445,CORRECT
HiGMem/conv-48:32,HiGMem,2,When was Deborah in Bali?,in 2022,last year,0.0,CORRECT
LightMem_official/conv-48:35,LightMem_official,2,When did Deborah go for her first morning jog in a nearby park?,"24 February, 2023",25 February 2023,0.6666666666666666,WRONG
Naive/conv-48:37,Naive,2,When did Jolene take Seraphim to the park?,"Sunday before 2 March, 2023",Last Sunday,0.28571428571428575,CORRECT
Mem0/conv-48:37,Mem0,2,When did Jolene take Seraphim to the park?,"Sunday before 2 March, 2023",Last Sunday,0.28571428571428575,CORRECT
SimpleMem/conv-48:37,SimpleMem,2,When did Jolene take Seraphim to the park?,"Sunday before 2 March, 2023",Last Sunday,0.28571428571428575,CORRECT
HiGMem/conv-48:37,HiGMem,2,When did Jolene take Seraphim to the park?,"Sunday before 2 March, 2023",last Sunday,0.28571428571428575,CORRECT
E-Mem/conv-48:37,E-Mem,2,When did Jolene take Seraphim to the park?,"Sunday before 2 March, 2023","February 26, 2023",0.25,CORRECT
s_parent_single_2000/conv-48:37,s_parent_single_2000,2,When did Jolene take Seraphim to the park?,"Sunday before 2 March, 2023",last Sunday,0.28571428571428575,CORRECT
A-MEM/conv-48:38,A-MEM,2,When did Deborah start the yoga class in the neighborhood?,"Friday before 13 March, 2023","March 13, 2023",0.7499999999999999,WRONG
LightMem_official/conv-48:38,LightMem_official,2,When did Deborah start the yoga class in the neighborhood?,"Friday before 13 March, 2023","March 13, 2023",0.7499999999999999,WRONG
Mem0/conv-48:39,Mem0,1,What time management techniques do Deborah and Jolene use?,"the Pomodoro Technique - 25 minutes work and 5-minute break, scheduler or to-do list, The Eisenhower Matrix, bullet journal","Planners, schedulers, and bullet journals.",0.35,CORRECT
A-MEM/conv-48:39,A-MEM,1,What time management techniques do Deborah and Jolene use?,"the Pomodoro Technique - 25 minutes work and 5-minute break, scheduler or to-do list, The Eisenhower Matrix, bullet journal",Pomodoro Technique,0.11111111111111112,CORRECT
E-Mem/conv-48:39,E-Mem,1,What time management techniques do Deborah and Jolene use?,"the Pomodoro Technique - 25 minutes work and 5-minute break, scheduler or to-do list, The Eisenhower Matrix, bullet journal",Deborah uses the Eisenhower Matrix and scheduling; Jolene uses the Pomodoro Technique and a bullet journal.,0.24273504273504273,CORRECT
LightMem_official/conv-48:40,LightMem_official,3,Does Deborah live close to the beach or the mountains?,beach,She lives close to the beach.,0.33333333333333337,CORRECT
LightMem_official/conv-48:41,LightMem_official,1,What ways do Deborah and Jolene use to enhance their yoga practice?,"candles, music, essential oils",Essential oils and soft music.,0.35555555555555557,CORRECT
LightMem_official/conv-48:42,LightMem_official,4,What music pieces does Deborah listen to during her yoga practice?,"Savana, Sleep",Savana and instrumental tracks,0.4,CORRECT
A-MEM/conv-48:45,A-MEM,2,When did Jolene finish her robotics project?,May 2023,"Last month (relative to June 6, 2023).",0.22222222222222224,CORRECT
SimpleMem/conv-48:47,SimpleMem,2,When did Jolene do yoga at Talkeetna?,"on 5 June, 2023","June 6, 2023",0.5714285714285715,WRONG
E-Mem/conv-48:47,E-Mem,2,When did Jolene do yoga at Talkeetna?,"on 5 June, 2023",2023-06-05,0.0,CORRECT
LightMem_official/conv-48:49,LightMem_official,4,How long has Jolene been doing yoga and meditation?,about 3 years,Three years,0.4,CORRECT
A-MEM/conv-48:51,A-MEM,2,When did Jolene buy a new aquarium for Seraphim?,"24 June, 2023","The day before yesterday (relative to June 26, 2023).",0.36363636363636365,CORRECT
SimpleMem/conv-48:52,SimpleMem,2,When did Jolene lose a lot of progress in her work?,last week of July 2023,Last week of August 2023.,0.8000000000000002,WRONG
Naive/conv-48:53,Naive,2,When did Jolene adopt her snake Susie?,in 2021,two years ago,0.0,CORRECT
Mem0/conv-48:53,Mem0,2,When did Jolene adopt her snake Susie?,in 2021,Last year,0.0,CORRECT
SimpleMem/conv-48:53,SimpleMem,2,When did Jolene adopt her snake Susie?,in 2021,Two years ago.,0.0,CORRECT
HiGMem/conv-48:53,HiGMem,2,When did Jolene adopt her snake Susie?,in 2021,two years ago,0.0,CORRECT
E-Mem/conv-48:53,E-Mem,2,When did Jolene adopt her snake Susie?,in 2021,"September 15, 2021",0.4,CORRECT
LightMem_official/conv-48:54,LightMem_official,2,Which pet did Jolene adopt first - Susie or Seraphim?,Susie,Susie was adopted first.,0.4,CORRECT
LightMem_official/conv-48:55,LightMem_official,2,Which pet did Jolene adopt more recently - Susie or Seraphim?,Seraphim,Seraphim was adopted more recently.,0.33333333333333337,CORRECT
Naive/conv-48:56,Naive,2,When did Deborah lead a meditation session during the sunset?,"week before 16 August, 2023",16 August 2023,0.7499999999999999,WRONG
Mem0/conv-48:56,Mem0,2,When did Deborah lead a meditation session during the sunset?,"week before 16 August, 2023",Last week,0.28571428571428575,CORRECT
SimpleMem/conv-48:56,SimpleMem,2,When did Deborah lead a meditation session during the sunset?,"week before 16 August, 2023",Last week,0.28571428571428575,CORRECT
LightMem_official/conv-48:56,LightMem_official,2,When did Deborah lead a meditation session during the sunset?,"week before 16 August, 2023",16 August 2023,0.7499999999999999,WRONG
HiGMem/conv-48:56,HiGMem,2,When did Deborah lead a meditation session during the sunset?,"week before 16 August, 2023",last week,0.28571428571428575,CORRECT
E-Mem/conv-48:56,E-Mem,2,When did Deborah lead a meditation session during the sunset?,"week before 16 August, 2023",Last week,0.28571428571428575,CORRECT
s_parent_single_2000/conv-48:56,s_parent_single_2000,2,When did Deborah lead a meditation session during the sunset?,"week before 16 August, 2023",16 August 2023,0.7499999999999999,WRONG
A-MEM/conv-48:57,A-MEM,2,When did Jolene gift her partner a new console?,"17 August, 2023",On the 17th.,0.0,CORRECT
SimpleMem/conv-48:57,SimpleMem,2,When did Jolene gift her partner a new console?,"17 August, 2023",On 2023-08-17,0.0,CORRECT
Naive/conv-48:59,Naive,4,What do Deborah and her husband do together?,"play detective games together, spend time outdoors and explore nature",detective games,0.3636363636363636,CORRECT
Mem0/conv-48:60,Mem0,2,When did Deborah go to a yoga retreat near her mom's place?,"a week before 24 August,2023",Last week,0.3333333333333333,CORRECT
A-MEM/conv-48:60,A-MEM,2,When did Deborah go to a yoga retreat near her mom's place?,"a week before 24 August,2023","Last week (relative to the conversation on August 24, 2023).",0.30769230769230765,CORRECT
LangMem/conv-48:60,LangMem,2,When did Deborah go to a yoga retreat near her mom's place?,"a week before 24 August,2023",Last week prior to Session 21 (24 August 2023).,0.30769230769230765,CORRECT
SimpleMem/conv-48:60,SimpleMem,2,When did Deborah go to a yoga retreat near her mom's place?,"a week before 24 August,2023","Last week (as of August 24, 2023).",0.36363636363636365,CORRECT
LightMem_official/conv-48:60,LightMem_official,2,When did Deborah go to a yoga retreat near her mom's place?,"a week before 24 August,2023","August 17, 2023",0.0,CORRECT
s_parent_single_2000/conv-48:60,s_parent_single_2000,2,When did Deborah go to a yoga retreat near her mom's place?,"a week before 24 August,2023",August 2023 (the preceding week),0.25,CORRECT
Mem0/conv-48:61,Mem0,4,What projects is Jolene planning for next year?,developing renewable energy finding ways to supply clean water to those with limited access,Sustainable water purifier and renewable energy initiatives.,0.3,CORRECT
SimpleMem/conv-48:61,SimpleMem,4,What projects is Jolene planning for next year?,developing renewable energy finding ways to supply clean water to those with limited access,Renewable energy and sustainable community initiatives.,0.21052631578947364,CORRECT
HiGMem/conv-48:61,HiGMem,4,What projects is Jolene planning for next year?,developing renewable energy finding ways to supply clean water to those with limited access,"developing renewable energy, like solar",0.3157894736842105,CORRECT
Mem0/conv-48:62,Mem0,4,Where did Deborah get her cats?,Luna is from the shelter and Max is her mother's cat,From the shelter,0.3636363636363636,CORRECT
A-MEM/conv-48:62,A-MEM,4,Where did Deborah get her cats?,Luna is from the shelter and Max is her mother's cat,She got them from a shelter.,0.2857142857142857,CORRECT
SimpleMem/conv-48:62,SimpleMem,4,Where did Deborah get her cats?,Luna is from the shelter and Max is her mother's cat,She took Max from her mother after her mother passed away.,0.39999999999999997,CORRECT
LightMem_official/conv-48:62,LightMem_official,4,Where did Deborah get her cats?,Luna is from the shelter and Max is her mother's cat,From a shelter and adoption.,0.3333333333333333,CORRECT
s_parent_single_2000/conv-48:62,s_parent_single_2000,4,Where did Deborah get her cats?,Luna is from the shelter and Max is her mother's cat,"shelter, mother",0.3636363636363636,CORRECT
SimpleMem/conv-48:63,SimpleMem,4,How old are Deborah's cats?,Max is 8 years old and Luna is 5 years old,8 years old,0.4615384615384615,CORRECT
LightMem_official/conv-48:63,LightMem_official,4,How old are Deborah's cats?,Max is 8 years old and Luna is 5 years old,"Max is 8, Luna is 3.",0.625,WRONG
LightMem_official/conv-48:64,LightMem_official,4,Does Deborah like cats?,Yes,"Yes, Deborah likes cats.",0.4,CORRECT
HiGMem/conv-48:64,HiGMem,4,Does Deborah like cats?,Yes,"Yes, I really love cats",0.33333333333333337,CORRECT
E-Mem/conv-48:64,E-Mem,4,Does Deborah like cats?,Yes,"Yes, Deborah loves cats.",0.4,CORRECT
s_parent_single_2000/conv-48:65,s_parent_single_2000,2,Which country was Jolene located in during the last week of August 2023?,Brazil,Rio de Janeiro,0.0,CORRECT
Naive/conv-48:66,Naive,2,When did Jolene and her partner return home from Rio de Janeiro?,"29 August, 2023",30 August 2023,0.6666666666666666,WRONG
Mem0/conv-48:67,Mem0,4,What was Jolene doing with her partner in Rio de Janeiro?,"they went on excursions, checked out some cool yoga classes, visited a lot of delicious cafes, visited an old temple",They went on many excursions.,0.3478260869565218,CORRECT
SimpleMem/conv-48:67,SimpleMem,4,What was Jolene doing with her partner in Rio de Janeiro?,"they went on excursions, checked out some cool yoga classes, visited a lot of delicious cafes, visited an old temple",Visiting yoga classes.,0.2857142857142857,CORRECT
s_parent_single_2000/conv-48:67,s_parent_single_2000,4,What was Jolene doing with her partner in Rio de Janeiro?,"they went on excursions, checked out some cool yoga classes, visited a lot of delicious cafes, visited an old temple",yoga classes,0.19999999999999998,CORRECT
Mem0/conv-48:68,Mem0,2,When did Deborah visit Brazil?,2020,Three years ago,0.0,CORRECT
A-MEM/conv-48:68,A-MEM,2,When did Deborah visit Brazil?,2020,Three years ago,0.0,CORRECT
SimpleMem/conv-48:68,SimpleMem,2,When did Deborah visit Brazil?,2020,Three years ago,0.0,CORRECT
LightMem_official/conv-48:68,LightMem_official,2,When did Deborah visit Brazil?,2020,Three years ago in Rio de Janeiro,0.0,CORRECT
HiGMem/conv-48:68,HiGMem,2,When did Deborah visit Brazil?,2020,Three years ago,0.0,CORRECT
Mem0/conv-48:69,Mem0,4,Have Deborah and Jolene been to Rio de Janeiro?,yes,"Yes, both have been to Rio de Janeiro.",0.2222222222222222,CORRECT
A-MEM/conv-48:69,A-MEM,4,Have Deborah and Jolene been to Rio de Janeiro?,yes,"Yes, Deborah has been to Rio de Janeiro.",0.2222222222222222,CORRECT
SimpleMem/conv-48:69,SimpleMem,4,Have Deborah and Jolene been to Rio de Janeiro?,yes,"Yes, both Deborah and Jolene have been to Rio de Janeiro.",0.18181818181818182,CORRECT
LightMem_official/conv-48:69,LightMem_official,4,Have Deborah and Jolene been to Rio de Janeiro?,yes,"Yes, Jolene went to Rio de Janeiro.",0.25,CORRECT
E-Mem/conv-48:69,E-Mem,4,Have Deborah and Jolene been to Rio de Janeiro?,yes,"Yes, both have been to Rio de Janeiro.",0.2222222222222222,CORRECT
LightMem_official/conv-48:71,LightMem_official,2,When did Deborah go to a community meetup?,last week of August 2023,"Last Friday before September 3, 2023",0.3636363636363636,CORRECT
s_parent_single_2000/conv-48:71,s_parent_single_2000,2,When did Deborah go to a community meetup?,last week of August 2023,last Friday (relative to 3 September 2023),0.3333333333333333,CORRECT
HiGMem/conv-48:73,HiGMem,1,Did Jolene teach herself how to play the console?,yes,I taught myself,0.0,CORRECT
A-MEM/conv-48:74,A-MEM,4,What do Deborah and Jolene plan to try when they meet in a new cafe?,coffee and fresh pastries,Fresh pastries.,0.8,WRONG
LightMem_official/conv-48:74,LightMem_official,4,What do Deborah and Jolene plan to try when they meet in a new cafe?,coffee and fresh pastries,They plan to try fresh pastries.,0.4444444444444444,CORRECT
E-Mem/conv-48:74,E-Mem,4,What do Deborah and Jolene plan to try when they meet in a new cafe?,coffee and fresh pastries,Fresh pastries.,0.8,WRONG
Mem0/conv-48:75,Mem0,3,What card game is Deborah talking about?,Exploding Kittens,The cat card game,0.0,CORRECT
SimpleMem/conv-48:75,SimpleMem,3,What card game is Deborah talking about?,Exploding Kittens,The cat card game,0.0,CORRECT
Naive/conv-48:76,Naive,2,When did Jolene and her partner try scuba diving lessons?,"Friday before 17 September, 2023",Last Friday,0.28571428571428575,CORRECT
Mem0/conv-48:76,Mem0,2,When did Jolene and her partner try scuba diving lessons?,"Friday before 17 September, 2023",Last Friday,0.28571428571428575,CORRECT
SimpleMem/conv-48:76,SimpleMem,2,When did Jolene and her partner try scuba diving lessons?,"Friday before 17 September, 2023",Before 2023-09-17,0.28571428571428575,CORRECT
HiGMem/conv-48:76,HiGMem,2,When did Jolene and her partner try scuba diving lessons?,"Friday before 17 September, 2023",last Friday,0.28571428571428575,CORRECT
LightMem_official/conv-48:78,LightMem_official,2,Where did Jolene and her partner spend most of September 2023?,Phuket,Phuket for a meditation retreat,0.4,CORRECT
E-Mem/conv-48:78,E-Mem,2,Where did Jolene and her partner spend most of September 2023?,Phuket,A meditation retreat in Phuket.,0.4,CORRECT
HiGMem/conv-48:79,HiGMem,1,Has Deborah tried surfing?,yes,discovered my love for surfing,0.0,CORRECT
LangMem/conv-48:82,LangMem,1,Which locations does Deborah practice her yoga at?,"at her mother's old home, park, yoga studio, beach","Beach, Bali, forest trails, and near her mother's home.",0.41666666666666663,CORRECT
SimpleMem/conv-48:82,SimpleMem,1,Which locations does Deborah practice her yoga at?,"at her mother's old home, park, yoga studio, beach",Her old home and a neighborhood park.,0.23333333333333334,CORRECT
s_parent_single_2000/conv-48:82,s_parent_single_2000,1,Which locations does Deborah practice her yoga at?,"at her mother's old home, park, yoga studio, beach","living room, beach, nearby park",0.41666666666666663,CORRECT
A-MEM/conv-48:83,A-MEM,1,What kind of professional activities does Jolene participate in to gain more experience in her field?,"present work at virtual conference, attend workshops  and intern at firms","Studying, attending workshops, networking, and pursuing internships.",0.28571428571428575,CORRECT
LangMem/conv-48:83,LangMem,1,What kind of professional activities does Jolene participate in to gain more experience in her field?,"present work at virtual conference, attend workshops  and intern at firms",Attending workshops and networking,0.25,CORRECT
SimpleMem/conv-48:83,SimpleMem,1,What kind of professional activities does Jolene participate in to gain more experience in her field?,"present work at virtual conference, attend workshops  and intern at firms","Studying, attending workshops, and networking.",0.28571428571428575,CORRECT
LightMem_official/conv-48:83,LightMem_official,1,What kind of professional activities does Jolene participate in to gain more experience in her field?,"present work at virtual conference, attend workshops  and intern at firms","Studying, workshops, and networking.",0.16666666666666669,CORRECT
HiGMem/conv-48:83,HiGMem,1,What kind of professional activities does Jolene participate in to gain more experience in her field?,"present work at virtual conference, attend workshops  and intern at firms","studying, attending workshops, and networking",0.28571428571428575,CORRECT
E-Mem/conv-48:83,E-Mem,1,What kind of professional activities does Jolene participate in to gain more experience in her field?,"present work at virtual conference, attend workshops  and intern at firms","Engineering internships, studying, workshops, networking, conference presentations, and volunteer STEM programs.",0.45238095238095244,CORRECT
s_parent_single_2000/conv-48:83,s_parent_single_2000,1,What kind of professional activities does Jolene participate in to gain more experience in her field?,"present work at virtual conference, attend workshops  and intern at firms","studying, attending workshops, networking",0.28571428571428575,CORRECT
Naive/conv-48:84,Naive,1,What kind of engineering projects has Jolene worked on?,"electrical engineering, robotics, sustainable water purifier, productive and affordable aerial surveillance system",sustainable water purifier,0.25,CORRECT
SimpleMem/conv-48:84,SimpleMem,1,What kind of engineering projects has Jolene worked on?,"electrical engineering, robotics, sustainable water purifier, productive and affordable aerial surveillance system",Electrical engineering,0.25,CORRECT
LightMem_official/conv-48:84,LightMem_official,1,What kind of engineering projects has Jolene worked on?,"electrical engineering, robotics, sustainable water purifier, productive and affordable aerial surveillance system","Robotics, water purifier, and solar.",0.45,CORRECT
Mem0/conv-48:85,Mem0,1,Which community activities have Deborah and Anna participated in?,"yoga, running",Yoga class and running group,0.4,CORRECT
LightMem_official/conv-48:85,LightMem_official,1,Which community activities have Deborah and Anna participated in?,"yoga, running",Running group and yoga workshops,0.4,CORRECT
E-Mem/conv-48:85,E-Mem,1,Which community activities have Deborah and Anna participated in?,"yoga, running",Running group and yoga classes.,0.4,CORRECT
Naive/conv-48:86,Naive,1,What gifts has Deborah received?,"an appreciate letter from her community, a flower bouqet from her friend, a motivational quote from a friend",a bouquet of flowers,0.08333333333333333,CORRECT
SimpleMem/conv-48:86,SimpleMem,1,What gifts has Deborah received?,"an appreciate letter from her community, a flower bouqet from her friend, a motivational quote from a friend",A bouquet of flowers and a letter from group members.,0.2828282828282828,CORRECT
LightMem_official/conv-48:86,LightMem_official,1,What gifts has Deborah received?,"an appreciate letter from her community, a flower bouqet from her friend, a motivational quote from a friend",A bouquet of flowers from a friend.,0.4148148148148148,CORRECT
s_parent_single_2000/conv-48:86,s_parent_single_2000,1,What gifts has Deborah received?,"an appreciate letter from her community, a flower bouqet from her friend, a motivational quote from a friend","bouquet of flowers, note",0.08333333333333333,CORRECT
E-Mem/conv-48:88,E-Mem,1,What activities does Deborah pursue besides practicing and teaching yoga?,"biking, going to art shows, running, organizing workshops to practice mindfulness and self-care, surfing, gardening","Walking, mindfulness, photography, gardening, reading, dancing, biking, art shows, music festivals, and caring for pets.",0.49206349206349204,CORRECT
s_parent_single_2000/conv-48:90,s_parent_single_2000,4,What are Jolene's favorite books?,"Sapiens, Avalanche by Neal Stephenson","""Sapiens""",0.33333333333333337,CORRECT
LightMem_official/conv-48:91,LightMem_official,4,What music pieces does Deborah listen to during her yoga practice?,"Savana, Sleep",Savana and instrumental tracks,0.4,CORRECT
Mem0/conv-48:93,Mem0,4,What projects is Jolene planning for next year?,developing renewable energy finding ways to supply clean water to those with limited access,Sustainable water purifier and renewable energy initiatives.,0.3,CORRECT
SimpleMem/conv-48:93,SimpleMem,4,What projects is Jolene planning for next year?,developing renewable energy finding ways to supply clean water to those with limited access,Renewable energy and sustainable community initiatives.,0.21052631578947364,CORRECT
HiGMem/conv-48:93,HiGMem,4,What projects is Jolene planning for next year?,developing renewable energy finding ways to supply clean water to those with limited access,"developing renewable energy, like solar",0.3157894736842105,CORRECT
Mem0/conv-48:94,Mem0,4,Where did Deborah get her cats?,Luna is from the shelter and Max is her mother's cat,From the shelter,0.3636363636363636,CORRECT
A-MEM/conv-48:94,A-MEM,4,Where did Deborah get her cats?,Luna is from the shelter and Max is her mother's cat,She got them from a shelter.,0.2857142857142857,CORRECT
LightMem_official/conv-48:94,LightMem_official,4,Where did Deborah get her cats?,Luna is from the shelter and Max is her mother's cat,From a shelter and adoption.,0.3333333333333333,CORRECT
s_parent_single_2000/conv-48:94,s_parent_single_2000,4,Where did Deborah get her cats?,Luna is from the shelter and Max is her mother's cat,"shelter, mother",0.3636363636363636,CORRECT
LightMem_official/conv-48:95,LightMem_official,4,How old are Deborah's cats?,Max is 8 years old and Luna is 5 years old,"Max is 8, Luna is 3.",0.625,WRONG
Mem0/conv-48:96,Mem0,4,What was Jolene doing with her partner in Rio de Janeiro?,"they went on excursions, checked out some cool yoga classes, visited a lot of delicious cafes, visited an old temple",They went on many excursions.,0.3478260869565218,CORRECT
SimpleMem/conv-48:96,SimpleMem,4,What was Jolene doing with her partner in Rio de Janeiro?,"they went on excursions, checked out some cool yoga classes, visited a lot of delicious cafes, visited an old temple",visiting yoga classes,0.2857142857142857,CORRECT
s_parent_single_2000/conv-48:96,s_parent_single_2000,4,What was Jolene doing with her partner in Rio de Janeiro?,"they went on excursions, checked out some cool yoga classes, visited a lot of delicious cafes, visited an old temple",yoga classes,0.19999999999999998,CORRECT
Mem0/conv-48:97,Mem0,4,Have Deborah and Jolene been to Rio de Janeiro?,yes,"Yes, both have been to Rio de Janeiro.",0.2222222222222222,CORRECT
A-MEM/conv-48:97,A-MEM,4,Have Deborah and Jolene been to Rio de Janeiro?,yes,"Yes, Deborah has been to Rio de Janeiro.",0.2222222222222222,CORRECT
SimpleMem/conv-48:97,SimpleMem,4,Have Deborah and Jolene been to Rio de Janeiro?,yes,"Yes, both Deborah and Jolene have been to Rio de Janeiro.",0.18181818181818182,CORRECT
LightMem_official/conv-48:97,LightMem_official,4,Have Deborah and Jolene been to Rio de Janeiro?,yes,"Yes, Jolene went to Rio de Janeiro.",0.25,CORRECT
E-Mem/conv-48:97,E-Mem,4,Have Deborah and Jolene been to Rio de Janeiro?,yes,"Yes, both have been to Rio de Janeiro.",0.2222222222222222,CORRECT
A-MEM/conv-48:99,A-MEM,4,What do Deborah and Jolene plan to try when they meet in a new cafe?,coffee and fresh pastries,Fresh pastries.,0.8,WRONG
LightMem_official/conv-48:99,LightMem_official,4,What do Deborah and Jolene plan to try when they meet in a new cafe?,coffee and fresh pastries,They plan to try fresh pastries.,0.4444444444444444,CORRECT
E-Mem/conv-48:99,E-Mem,4,What do Deborah and Jolene plan to try when they meet in a new cafe?,coffee and fresh pastries,Fresh pastries.,0.8,WRONG
LangMem/conv-48:101,LangMem,4,When did Jolene buy her pet snake?,A year ago,June 2022,0.0,CORRECT
s_parent_single_2000/conv-48:101,s_parent_single_2000,4,When did Jolene buy her pet snake?,A year ago,2022,0.0,CORRECT
LightMem_official/conv-48:103,LightMem_official,4,Where did Deborah meet her new neighbor Anna?,yoga in the park,At a yoga class on Feb 4.,0.2222222222222222,CORRECT
LangMem/conv-48:105,LangMem,4,"What milestone did Jolene achieve recently on 4 February, 2023?",Design and build a sustainable water purifier for a rural community,Making a difference in a rural area with her engineering project.,0.11764705882352941,CORRECT
LightMem_official/conv-48:106,LightMem_official,4,"What is Jolene's favorite book which she mentioned on 4 February, 2023?","""Sapiens""",She mentioned 'Sapiens' and 'Avalanche'.,0.4,CORRECT
LightMem_official/conv-48:107,LightMem_official,4,What does Deborah bring with her whenever she comes to reflect on her mom?,amulet,She brings an amulet from her mom.,0.2857142857142857,CORRECT
E-Mem/conv-48:107,E-Mem,4,What does Deborah bring with her whenever she comes to reflect on her mom?,amulet,An amulet from her mom.,0.4,CORRECT
Naive/conv-48:108,Naive,4,"What new outlook did Jolene gain after her mini retreat on 9 February, 2023?",A confidence boost,a new outlook,0.0,CORRECT
Mem0/conv-48:108,Mem0,4,"What new outlook did Jolene gain after her mini retreat on 9 February, 2023?",A confidence boost,A new outlook on life.,0.0,CORRECT
A-MEM/conv-48:108,A-MEM,4,"What new outlook did Jolene gain after her mini retreat on 9 February, 2023?",A confidence boost,She gained new insights from reflection.,0.0,CORRECT
LightMem_official/conv-48:108,LightMem_official,4,"What new outlook did Jolene gain after her mini retreat on 9 February, 2023?",A confidence boost,She gained a new outlook on life.,0.0,CORRECT
s_parent_single_2000/conv-48:108,s_parent_single_2000,4,"What new outlook did Jolene gain after her mini retreat on 9 February, 2023?",A confidence boost,A new outlook that she achieved more than she imagined and that it was a real confidence boost.,0.23529411764705882,CORRECT
Mem0/conv-48:111,Mem0,4,How does Jolene plan to involve local engineers in her idea of teaching STEM to underprivileged kids?,As guest speakers for workshops,By teaming up with local schools and centers to do workshops.,0.13333333333333333,CORRECT
A-MEM/conv-48:111,A-MEM,4,How does Jolene plan to involve local engineers in her idea of teaching STEM to underprivileged kids?,As guest speakers for workshops,As guest speakers to show kids their career options.,0.42857142857142855,CORRECT
SimpleMem/conv-48:111,SimpleMem,4,How does Jolene plan to involve local engineers in her idea of teaching STEM to underprivileged kids?,As guest speakers for workshops,By inviting them as guest speakers to show kids career options.,0.37499999999999994,CORRECT
s_parent_single_2000/conv-48:111,s_parent_single_2000,4,How does Jolene plan to involve local engineers in her idea of teaching STEM to underprivileged kids?,As guest speakers for workshops,Invite engineers as guest speakers to show kids their career options.,0.37499999999999994,CORRECT
SimpleMem/conv-48:113,SimpleMem,4,Why did Deborah spend time in the garden?,to find comfort after losing a friend,To feel calming and nostalgic.,0.2,CORRECT
E-Mem/conv-48:116,E-Mem,4,"According to Jolene, what does exercise help her to feel?",connected to her body,"Connected to nature and herself, peaceful, thankful, balanced, and centered.",0.3333333333333333,CORRECT
Mem0/conv-48:120,Mem0,4,What did Jolene and Deb discuss as a helpful strategy for studying and time management?,"breaking tasks into smaller pieces and setting goals, using planners or schedulers","Using planners, schedulers, or bullet journals.",0.4705882352941177,CORRECT
SimpleMem/conv-48:122,SimpleMem,4,What method does Deb suggest Jolene to try for organizing tasks based on importance and urgency?,The Eisenhower Matrix,Prioritizing based on importance and urgency.,0.0,CORRECT
Mem0/conv-48:123,Mem0,4,What did Jolene and Anna discuss while watching the sunset by the sea?,They realized they inspire each other,They discussed each other.,0.6,WRONG
LightMem_official/conv-48:125,LightMem_official,4,What did Deborah buy to enhance her yoga practice besides the props?,candle,A candle to improve atmosphere.,0.4,CORRECT
s_parent_single_2000/conv-48:125,s_parent_single_2000,4,What did Deborah buy to enhance her yoga practice besides the props?,candle,a candle with a sprig of rosemary,0.33333333333333337,CORRECT
LightMem_official/conv-48:128,LightMem_official,4,What album does Deborah recommend for meditation and deep relaxation?,'Sleep',She recommends the album 'Sleep'.,0.4,CORRECT
Mem0/conv-48:130,Mem0,4,What does Deborah find comforting about going to art shows?,It makes her feel like she's still experiencing it with her mom,It reminds her of her mother.,0.3333333333333333,CORRECT
LangMem/conv-48:130,LangMem,4,What does Deborah find comforting about going to art shows?,It makes her feel like she's still experiencing it with her mom,It reminds her of her mom.,0.4444444444444444,CORRECT
Naive/conv-48:131,Naive,4,How does Jolene describe the time spent with her snakes and partner?,Valuable and relaxing,valuable and teaches me to take time and be in tune with myself,0.15384615384615385,CORRECT
A-MEM/conv-48:131,A-MEM,4,How does Jolene describe the time spent with her snakes and partner?,Valuable and relaxing,It brings us closer together.,0.0,CORRECT
LangMem/conv-48:131,LangMem,4,How does Jolene describe the time spent with her snakes and partner?,Valuable and relaxing,"As a calm, supportive, and emotionally regulating presence.",0.0,CORRECT
LightMem_official/conv-48:131,LightMem_official,4,How does Jolene describe the time spent with her snakes and partner?,Valuable and relaxing,She finds it valuable and bonding.,0.28571428571428575,CORRECT
HiGMem/conv-48:131,HiGMem,4,How does Jolene describe the time spent with her snakes and partner?,Valuable and relaxing,valuable and teaches me to take time and be in tune with myself,0.15384615384615385,CORRECT
E-Mem/conv-48:131,E-Mem,4,How does Jolene describe the time spent with her snakes and partner?,Valuable and relaxing,Valuable and calming with snakes; relaxing and bonding with her partner.,0.3636363636363636,CORRECT
s_parent_single_2000/conv-48:131,s_parent_single_2000,4,How does Jolene describe the time spent with her snakes and partner?,Valuable and relaxing,"valuable, teaches me to take time and be in tune with myself, great way for me to relax",0.21052631578947367,CORRECT
A-MEM/conv-48:133,A-MEM,4,What is Jolene currently doing in June 2023?,interning at a well-known engineering firm,Completing a solar-powered vehicle engineering project.,0.20000000000000004,CORRECT
Naive/conv-48:135,Naive,4,How does Jolene feel when spending time with Seraphim?,comforted,calm,0.0,CORRECT
LangMem/conv-48:135,LangMem,4,How does Jolene feel when spending time with Seraphim?,comforted,Warm and appreciative.,0.0,CORRECT
LightMem_official/conv-48:135,LightMem_official,4,How does Jolene feel when spending time with Seraphim?,comforted,She feels peaceful and cheered up.,0.0,CORRECT
HiGMem/conv-48:135,HiGMem,4,How does Jolene feel when spending time with Seraphim?,comforted,cheers me up and brings a sense of peace,0.0,CORRECT
s_parent_single_2000/conv-48:135,s_parent_single_2000,4,How does Jolene feel when spending time with Seraphim?,comforted,"amazing, works wonders for the soul, cheers her up, brings a sense of peace, comforting",0.14285714285714288,CORRECT
LangMem/conv-48:138,LangMem,4,What made being part of the running group easy for Deborah to stay motivated?,helping and pushing each other during runs,Being part of a supportive group,0.0,CORRECT
Naive/conv-48:139,Naive,4,Why did Jolene decide to get a snake as a pet?,fascinated by reptiles and it felt like the perfect pet,She was fascinated by reptiles.,0.4615384615384615,CORRECT
A-MEM/conv-48:139,A-MEM,4,Why did Jolene decide to get a snake as a pet?,fascinated by reptiles and it felt like the perfect pet,She was fascinated by reptiles and found them calming and a great way to connect with nature.,0.2727272727272727,CORRECT
LightMem_official/conv-48:139,LightMem_official,4,Why did Jolene decide to get a snake as a pet?,fascinated by reptiles and it felt like the perfect pet,She felt a snake was the perfect pet.,0.42857142857142855,CORRECT
E-Mem/conv-48:139,E-Mem,4,Why did Jolene decide to get a snake as a pet?,fascinated by reptiles and it felt like the perfect pet,She was fascinated by reptiles and wanted companionship after feeling lonely.,0.33333333333333326,CORRECT
s_parent_single_2000/conv-48:139,s_parent_single_2000,4,Why did Jolene decide to get a snake as a pet?,fascinated by reptiles and it felt like the perfect pet,She was fascinated by reptiles.,0.4615384615384615,CORRECT
Naive/conv-48:142,Naive,4,How does Jolene describe the feeling of finding her snake snuggled under the bed after it got out?,It really showed how much she loves her.,so much love and gratitude,0.3333333333333333,CORRECT
Mem0/conv-48:142,Mem0,4,How does Jolene describe the feeling of finding her snake snuggled under the bed after it got out?,It really showed how much she loves her.,Love and gratitude,0.2,CORRECT
LangMem/conv-48:142,LangMem,4,How does Jolene describe the feeling of finding her snake snuggled under the bed after it got out?,It really showed how much she loves her.,so much love and gratitude,0.3333333333333333,CORRECT
SimpleMem/conv-48:142,SimpleMem,4,How does Jolene describe the feeling of finding her snake snuggled under the bed after it got out?,It really showed how much she loves her.,Love and gratitude,0.2,CORRECT
LightMem_official/conv-48:142,LightMem_official,4,How does Jolene describe the feeling of finding her snake snuggled under the bed after it got out?,It really showed how much she loves her.,"She felt love, gratitude, and calm.",0.3076923076923077,CORRECT
HiGMem/conv-48:142,HiGMem,4,How does Jolene describe the feeling of finding her snake snuggled under the bed after it got out?,It really showed how much she loves her.,so much love and gratitude,0.3333333333333333,CORRECT
E-Mem/conv-48:142,E-Mem,4,How does Jolene describe the feeling of finding her snake snuggled under the bed after it got out?,It really showed how much she loves her.,"Relieved, love, and gratitude.",0.18181818181818182,CORRECT
s_parent_single_2000/conv-48:142,s_parent_single_2000,4,How does Jolene describe the feeling of finding her snake snuggled under the bed after it got out?,It really showed how much she loves her.,so much love and gratitude,0.3333333333333333,CORRECT
LangMem/conv-48:144,LangMem,4,"How did Jolene come to have her pet, Susie?",She adopted her two years ago when feeling lonely.,She adopted her to combat loneliness and seek companionship.,0.35294117647058826,CORRECT
Mem0/conv-48:146,Mem0,4,What kind of yoga routine does Deborah recommend to Jolene?,A gentle flow routine focused on breathing and grounding,gentle flow,0.4444444444444445,CORRECT
HiGMem/conv-48:146,HiGMem,4,What kind of yoga routine does Deborah recommend to Jolene?,A gentle flow routine focused on breathing and grounding,gentle flow,0.4444444444444445,CORRECT
s_parent_single_2000/conv-48:146,s_parent_single_2000,4,What kind of yoga routine does Deborah recommend to Jolene?,A gentle flow routine focused on breathing and grounding,gentle flow,0.4444444444444445,CORRECT
SimpleMem/conv-48:147,SimpleMem,4,What did Jolene design inspired by their love for space and engines?,Notebooks,Notebooks with elements like galaxies and circuitry.,0.2857142857142857,CORRECT
LightMem_official/conv-48:147,LightMem_official,4,What did Jolene design inspired by their love for space and engines?,Notebooks,Jolene designed notebooks inspired by space.,0.2857142857142857,CORRECT
E-Mem/conv-48:147,E-Mem,4,What did Jolene design inspired by their love for space and engines?,Notebooks,Notebooks with elements like galaxies and circuitry.,0.2857142857142857,CORRECT
A-MEM/conv-48:152,A-MEM,4,What is special about the bench at the park near Deborah's house?,It holds special memories of conversations with her mom,It holds special meaning to Deborah.,0.4,CORRECT
HiGMem/conv-48:152,HiGMem,4,What is special about the bench at the park near Deborah's house?,It holds special memories of conversations with her mom,holds special meaning to me,0.2857142857142857,CORRECT
Mem0/conv-48:154,Mem0,4,What feeling does Deborah get when she thinks about the time spent with her mom at their special spot?,peace and gratitude,"nostalgia, longing, and gratitude",0.4,CORRECT
SimpleMem/conv-48:154,SimpleMem,4,What feeling does Deborah get when she thinks about the time spent with her mom at their special spot?,peace and gratitude,"A mix of nostalgia, longing, and gratitude.",0.28571428571428575,CORRECT
LightMem_official/conv-48:155,LightMem_official,4,What habits does Jolene practice to feel balanced?,"yoga, meditation, walks, and mindfulness","Yoga, meditation, and gaming.",0.5714285714285715,WRONG
HiGMem/conv-48:155,HiGMem,4,What habits does Jolene practice to feel balanced?,"yoga, meditation, walks, and mindfulness","routine, schedule for classes, studying, and personal time, self-care activities like yoga and meditation",0.25,CORRECT
E-Mem/conv-48:155,E-Mem,4,What habits does Jolene practice to feel balanced?,"yoga, meditation, walks, and mindfulness","Yoga, meditation, slowing down, bullet journaling, and appreciating small things.",0.30769230769230765,CORRECT
LightMem_official/conv-48:157,LightMem_official,4,How long has Jolene been doing yoga?,3 years,Jolene has been doing yoga for 3 years.,0.4,CORRECT
HiGMem/conv-48:159,HiGMem,4,How did Jolene feel after receiving positive feedback at the virtual conference?,thrilled and rewarded,It was a great experience and confirmed that I'm on the right track.,0.0,CORRECT
Mem0/conv-48:162,Mem0,4,What type of projects is Jolene interested in getting involved in the future?,Sustainable initiatives and developing innovative solutions for environmental issues,Sustainable and community-focused projects,0.18181818181818182,CORRECT
A-MEM/conv-48:162,A-MEM,4,What type of projects is Jolene interested in getting involved in the future?,Sustainable initiatives and developing innovative solutions for environmental issues,Renewable energy and sustainable initiatives,0.3333333333333333,CORRECT
HiGMem/conv-48:162,HiGMem,4,What type of projects is Jolene interested in getting involved in the future?,Sustainable initiatives and developing innovative solutions for environmental issues,"developing renewable energy, like solar, to help communities and reduce dependence on non-renewables, and finding ways to supply clean water to those with limited access",0.06451612903225806,CORRECT
E-Mem/conv-48:162,E-Mem,4,What type of projects is Jolene interested in getting involved in the future?,Sustainable initiatives and developing innovative solutions for environmental issues,"Sustainable initiatives, renewable energy, clean water supply, and STEM education for underprivileged kids.",0.3,CORRECT
LangMem/conv-48:163,LangMem,4,"How did Deborah get Luna, one of her cats?",From the shelter,She adopted her.,0.0,CORRECT
A-MEM/conv-48:166,A-MEM,4,What type of place does Jolene visit to meditate?,A tranquil spot by a pond,A pond with lily pads and a tree.,0.22222222222222224,CORRECT
LangMem/conv-48:166,LangMem,4,What type of place does Jolene visit to meditate?,A tranquil spot by a pond,A nearby pond with lily pads and a tree.,0.2,CORRECT
SimpleMem/conv-48:166,SimpleMem,4,What type of place does Jolene visit to meditate?,A tranquil spot by a pond,A nearby pond with lily pads and a tree.,0.2,CORRECT
Mem0/conv-48:167,Mem0,4,"What was the new plant Jolene got used as a reminder for on 30 August, 2023?",To nurture herself and embrace fresh starts,To focus on growing.,0.2,CORRECT
A-MEM/conv-48:170,A-MEM,4,How did Deborah's mom support her yoga practice when she first started?,attended classes with her,"She was her biggest fan and source of motivation, often coming to her classes with her.",0.31578947368421056,CORRECT
HiGMem/conv-48:170,HiGMem,4,How did Deborah's mom support her yoga practice when she first started?,attended classes with her,She'd often come to my classes with me,0.3333333333333333,CORRECT
s_parent_single_2000/conv-48:170,s_parent_single_2000,4,How did Deborah's mom support her yoga practice when she first started?,attended classes with her,"She was her biggest fan and source of motivation, and often came to her yoga classes with her.",0.3,CORRECT
E-Mem/conv-48:171,E-Mem,4,What was the video game console that Jolene's parents got her at age 10?,nintendo game console,The Nintendo Wii.,0.4,CORRECT
HiGMem/conv-48:174,HiGMem,4,"Why did Jolene have to reschedule their meeting with Deborah on September 8, 2023?",Jolene already had plans,She already has plans for this day.,0.36363636363636365,CORRECT
s_parent_single_2000/conv-48:174,s_parent_single_2000,4,"Why did Jolene have to reschedule their meeting with Deborah on September 8, 2023?",Jolene already had plans,Deborah already had plans for that day,0.5454545454545454,WRONG
LightMem_official/conv-48:175,LightMem_official,4,Where did Jolene and her partner travel for a few weeks in September 2023?,Phuket,Phuket for a meditation retreat,0.4,CORRECT
Mem0/conv-48:177,Mem0,4,How did Jolene feel about her progress in practicing mindfulness and gratitude?,experiencing a new level of joy and happiness,Excited and rewarded.,0.0,CORRECT
A-MEM/conv-48:177,A-MEM,4,How did Jolene feel about her progress in practicing mindfulness and gratitude?,experiencing a new level of joy and happiness,She felt it was great and joyful.,0.16666666666666666,CORRECT
LightMem_official/conv-48:177,LightMem_official,4,How did Jolene feel about her progress in practicing mindfulness and gratitude?,experiencing a new level of joy and happiness,She felt amazing and grateful.,0.0,CORRECT
HiGMem/conv-48:177,HiGMem,4,How did Jolene feel about her progress in practicing mindfulness and gratitude?,experiencing a new level of joy and happiness,incredibly peaceful and thankful,0.0,CORRECT
Naive/conv-48:178,Naive,4,What positive change did Jolene experience during the retreat?,finding inner peace,new outlook,0.0,CORRECT
A-MEM/conv-48:178,A-MEM,4,What positive change did Jolene experience during the retreat?,finding inner peace,"She found inner peace and realized the importance of incorporating relaxation, self-care, and balance into her life.",0.23529411764705882,CORRECT
SimpleMem/conv-48:178,SimpleMem,4,What positive change did Jolene experience during the retreat?,finding inner peace,She gained a new outlook and a confidence boost.,0.0,CORRECT
HiGMem/conv-48:178,HiGMem,4,What positive change did Jolene experience during the retreat?,finding inner peace,"It made me realize the importance of incorporating relaxation, self-care, and balance in life alongside my engineering studies.",0.0,CORRECT
E-Mem/conv-48:178,E-Mem,4,What positive change did Jolene experience during the retreat?,finding inner peace,"Connected to nature and herself, incredibly peaceful and thankful.",0.2,CORRECT
s_parent_single_2000/conv-48:178,s_parent_single_2000,4,What positive change did Jolene experience during the retreat?,finding inner peace,"new outlook, confidence boost, joy and happiness",0.0,CORRECT
Naive/conv-48:180,Naive,4,What did Deborah do with their mom's old friends?,reminisced and looked through photos,reconnected with them,0.0,CORRECT
Mem0/conv-48:180,Mem0,4,What did Deborah do with their mom's old friends?,reminisced and looked through photos,She reconnected with them.,0.0,CORRECT
A-MEM/conv-48:180,A-MEM,4,What did Deborah do with their mom's old friends?,reminisced and looked through photos,She reconnected with them.,0.0,CORRECT
LangMem/conv-48:180,LangMem,4,What did Deborah do with their mom's old friends?,reminisced and looked through photos,She reconnected with them.,0.0,CORRECT
SimpleMem/conv-48:180,SimpleMem,4,What did Deborah do with their mom's old friends?,reminisced and looked through photos,She reconnected with them.,0.0,CORRECT
LightMem_official/conv-48:180,LightMem_official,4,What did Deborah do with their mom's old friends?,reminisced and looked through photos,She reconnected with them.,0.0,CORRECT
LightMem_official/conv-48:182,LightMem_official,4,What does yoga on the beach provide for Deborah?,a peaceful atmosphere,"Peaceful ocean, sand, and fresh air.",0.28571428571428575,CORRECT
E-Mem/conv-48:182,E-Mem,4,What does yoga on the beach provide for Deborah?,a peaceful atmosphere,"It provides the wonderful sound of waves and fresh air, allowing her to chill out and gain perspective.",0.0,CORRECT
LightMem_official/conv-48:183,LightMem_official,4,How does Jolene describe their home room?,little haven for peace and rest,Jolene describes it as her haven for peace.,0.4615384615384615,CORRECT
LightMem_official/conv-48:185,LightMem_official,4,What was Deborah's mom passionate about?,Cooking,Cooking and making amazing meals,0.4,CORRECT
E-Mem/conv-48:185,E-Mem,4,What was Deborah's mom passionate about?,Cooking,"Travel, art, flowers, and cooking.",0.4,CORRECT
Mem0/conv-49:1,Mem0,1,What kinds of things did Evan have broken?,His old Prius and his new Prius.,His Prius and his son's ankle.,0.5454545454545454,WRONG
LangMem/conv-49:1,LangMem,1,What kinds of things did Evan have broken?,His old Prius and his new Prius.,His Prius and his keys.,0.6,WRONG
A-MEM/conv-49:2,A-MEM,1,Where has Evan been on roadtrips with his family?,"Rockies, Jasper",Jasper and Banff,0.3333333333333333,CORRECT
LangMem/conv-49:2,LangMem,1,Where has Evan been on roadtrips with his family?,"Rockies, Jasper",Jasper and Banff,0.3333333333333333,CORRECT
Naive/conv-49:3,Naive,1,How many Prius has Evan owned?,two,2,0.0,CORRECT
LightMem_official/conv-49:3,LightMem_official,1,How many Prius has Evan owned?,two,Evan owned two Priuses.,0.4,CORRECT
s_parent_single_2000/conv-49:3,s_parent_single_2000,1,How many Prius has Evan owned?,two,2,0.0,CORRECT
Naive/conv-49:6,Naive,1,How many roadtrips did Evan take in May 2023?,two,2,0.0,CORRECT
E-Mem/conv-49:6,E-Mem,1,How many roadtrips did Evan take in May 2023?,two,2,0.0,CORRECT
s_parent_single_2000/conv-49:6,s_parent_single_2000,1,How many roadtrips did Evan take in May 2023?,two,2,0.0,CORRECT
Naive/conv-49:7,Naive,1,What new hobbies did Sam consider trying?,"Painting, kayaking, hiking, cooking, running",painting,0.2,CORRECT
Mem0/conv-49:7,Mem0,1,What new hobbies did Sam consider trying?,"Painting, kayaking, hiking, cooking, running",Painting,0.2,CORRECT
A-MEM/conv-49:7,A-MEM,1,What new hobbies did Sam consider trying?,"Painting, kayaking, hiking, cooking, running",Painting,0.2,CORRECT
LangMem/conv-49:7,LangMem,1,What new hobbies did Sam consider trying?,"Painting, kayaking, hiking, cooking, running",Painting,0.2,CORRECT
SimpleMem/conv-49:7,SimpleMem,1,What new hobbies did Sam consider trying?,"Painting, kayaking, hiking, cooking, running",Painting,0.2,CORRECT
A-MEM/conv-49:8,A-MEM,1,What hobby did Evan start practicing a few years ago that he enjoys?,Watercolor painting,Painting,0.6666666666666666,WRONG
SimpleMem/conv-49:8,SimpleMem,1,What hobby did Evan start practicing a few years ago that he enjoys?,Watercolor painting,Painting,0.6666666666666666,WRONG
LightMem_official/conv-49:8,LightMem_official,1,What hobby did Evan start practicing a few years ago that he enjoys?,Watercolor painting,Evan started painting a few years ago.,0.25,CORRECT
HiGMem/conv-49:8,HiGMem,1,What hobby did Evan start practicing a few years ago that he enjoys?,Watercolor painting,painting,0.6666666666666666,WRONG
Naive/conv-49:9,Naive,2,When did Evan go to Jasper with his family?,"weekend before May 24, 2023",Last weekend,0.28571428571428575,CORRECT
LangMem/conv-49:9,LangMem,2,When did Evan go to Jasper with his family?,"weekend before May 24, 2023","May 24, 2023",0.7499999999999999,WRONG
SimpleMem/conv-49:9,SimpleMem,2,When did Evan go to Jasper with his family?,"weekend before May 24, 2023",Last weekend,0.28571428571428575,CORRECT
LightMem_official/conv-49:9,LightMem_official,2,When did Evan go to Jasper with his family?,"weekend before May 24, 2023",Last weekend of May 2023,0.6,WRONG
HiGMem/conv-49:9,HiGMem,2,When did Evan go to Jasper with his family?,"weekend before May 24, 2023",Last weekend,0.28571428571428575,CORRECT
E-Mem/conv-49:9,E-Mem,2,When did Evan go to Jasper with his family?,"weekend before May 24, 2023",Last weekend of May 2023.,0.6,WRONG
A-MEM/conv-49:11,A-MEM,1,What health issue did Sam face that motivated him to change his lifestyle?,Weight problem,Sam faced a poor weight check-up result.,0.25,CORRECT
LangMem/conv-49:11,LangMem,1,What health issue did Sam face that motivated him to change his lifestyle?,Weight problem,Friends mocking his weight,0.3333333333333333,CORRECT
s_parent_single_2000/conv-49:13,s_parent_single_2000,2,When did Evan have his sudden heart palpitation incident that really shocked him up?,first week of June 2023,29 May 2023 to 4 June 2023,0.3333333333333333,CORRECT
Mem0/conv-49:15,Mem0,1,What kind of unhealthy snacks does Sam enjoy eating?,"soda, candy",Sugary treats and candy.,0.25,CORRECT
LightMem_official/conv-49:15,LightMem_official,1,What kind of unhealthy snacks does Sam enjoy eating?,"soda, candy",Sugary drinks and snacks,0.0,CORRECT
Mem0/conv-49:16,Mem0,1,What recurring issue frustrates Sam at the grocery store?,Malfunctioning self-checkout machines.,Self-checkout issues,0.4,CORRECT
s_parent_single_2000/conv-49:16,s_parent_single_2000,1,What recurring issue frustrates Sam at the grocery store?,Malfunctioning self-checkout machines.,issues with the self-checkout,0.3333333333333333,CORRECT
Naive/conv-49:17,Naive,2,When did Sam's friends mock him for being overweight?,Friday before 27 July 2023,Last Friday,0.28571428571428575,CORRECT
Mem0/conv-49:17,Mem0,2,When did Sam's friends mock him for being overweight?,Friday before 27 July 2023,Last Friday,0.28571428571428575,CORRECT
A-MEM/conv-49:17,A-MEM,2,When did Sam's friends mock him for being overweight?,Friday before 27 July 2023,Last Friday,0.28571428571428575,CORRECT
LangMem/conv-49:17,LangMem,2,When did Sam's friends mock him for being overweight?,Friday before 27 July 2023,Session 4 (27 July 2023),0.6,WRONG
HiGMem/conv-49:17,HiGMem,2,When did Sam's friends mock him for being overweight?,Friday before 27 July 2023,last Friday,0.28571428571428575,CORRECT
s_parent_single_2000/conv-49:17,s_parent_single_2000,2,When did Sam's friends mock him for being overweight?,Friday before 27 July 2023,"Friday, 27 July 2023",0.888888888888889,WRONG
A-MEM/conv-49:18,A-MEM,1,What kind of healthy food suggestions has Evan given to Sam?,"flavored seltzer water, dark chocolate with high cocoa content, air-popped popcorn and fruit, veggies, healthy sandwich snacks, energy balls, grilled chicken salad with avocado","Flavored seltzer, air-popped popcorn, fruit, and low-calorie snacks.",0.2857142857142857,CORRECT
LangMem/conv-49:18,LangMem,1,What kind of healthy food suggestions has Evan given to Sam?,"flavored seltzer water, dark chocolate with high cocoa content, air-popped popcorn and fruit, veggies, healthy sandwich snacks, energy balls, grilled chicken salad with avocado",Flavored seltzer with air-popped popcorn or fruit,0.18864468864468864,CORRECT
LightMem_official/conv-49:18,LightMem_official,1,What kind of healthy food suggestions has Evan given to Sam?,"flavored seltzer water, dark chocolate with high cocoa content, air-popped popcorn and fruit, veggies, healthy sandwich snacks, energy balls, grilled chicken salad with avocado",Evan suggested energy balls and snacks.,0.11734693877551021,CORRECT
E-Mem/conv-49:18,E-Mem,1,What kind of healthy food suggestions has Evan given to Sam?,"flavored seltzer water, dark chocolate with high cocoa content, air-popped popcorn and fruit, veggies, healthy sandwich snacks, energy balls, grilled chicken salad with avocado","Swapping soda for seltzer, choosing dark chocolate, eating veggies and fruit, trying homemade cookies and energy balls, and eating a chicken salad.",0.3764172335600907,CORRECT
s_parent_single_2000/conv-49:18,s_parent_single_2000,1,What kind of healthy food suggestions has Evan given to Sam?,"flavored seltzer water, dark chocolate with high cocoa content, air-popped popcorn and fruit, veggies, healthy sandwich snacks, energy balls, grilled chicken salad with avocado",flavored seltzer with some air-popped popcorn or fruit,0.17225631511345796,CORRECT
Mem0/conv-49:19,Mem0,3,"Considering their conversations and personal growth, what advice might Evan and Sam give to someone facing a major life transition or challenge?","Evan and Sam would likely advise embracing small, consistent changes​​, finding stress-relieving activities like hiking​​, painting, and road trips​​, and the importance of friendship and support in navigating challenges​​.","Take small steps, stay positive, and lean on your support system.",0.11764705882352941,CORRECT
A-MEM/conv-49:19,A-MEM,3,"Considering their conversations and personal growth, what advice might Evan and Sam give to someone facing a major life transition or challenge?","Evan and Sam would likely advise embracing small, consistent changes​​, finding stress-relieving activities like hiking​​, painting, and road trips​​, and the importance of friendship and support in navigating challenges​​.","Take it one step at a time, stay resilient, and lean on your support system.",0.05405405405405406,CORRECT
A-MEM/conv-49:20,A-MEM,3,"In light of the health and dietary changes discussed, what would be an appropriate gift for both Evan and Sam to encourage their healthy lifestyles?",a cookbook with healthy recipes or a subscription to a healthy meal delivery service.,A healthy meal kit or fresh produce basket.,0.33333333333333326,CORRECT
Naive/conv-49:21,Naive,1,How does Evan describe the woman and his feelings for her that he met in Canada?,"He says she's cool, incredible, like something out of a movie, and that he feels alive around her. Every moment with her is fun and energetic, also Evan feels really lucky to have someone who gets him.",She's incredible and being with her makes me feel alive.,0.1634965034965035,CORRECT
A-MEM/conv-49:21,A-MEM,1,How does Evan describe the woman and his feelings for her that he met in Canada?,"He says she's cool, incredible, like something out of a movie, and that he feels alive around her. Every moment with her is fun and energetic, also Evan feels really lucky to have someone who gets him.",She's incredible and being with her makes me feel alive.,0.1634965034965035,CORRECT
LangMem/conv-49:21,LangMem,1,How does Evan describe the woman and his feelings for her that he met in Canada?,"He says she's cool, incredible, like something out of a movie, and that he feels alive around her. Every moment with her is fun and energetic, also Evan feels really lucky to have someone who gets him.",Incredible and makes me feel alive.,0.13611111111111113,CORRECT
LightMem_official/conv-49:21,LightMem_official,1,How does Evan describe the woman and his feelings for her that he met in Canada?,"He says she's cool, incredible, like something out of a movie, and that he feels alive around her. Every moment with her is fun and energetic, also Evan feels really lucky to have someone who gets him.",He finds her incredible and energizing.,0.15555555555555556,CORRECT
HiGMem/conv-49:21,HiGMem,1,How does Evan describe the woman and his feelings for her that he met in Canada?,"He says she's cool, incredible, like something out of a movie, and that he feels alive around her. Every moment with her is fun and energetic, also Evan feels really lucky to have someone who gets him.",She's incredible and being with her makes me feel alive,0.1634965034965035,CORRECT
E-Mem/conv-49:21,E-Mem,1,How does Evan describe the woman and his feelings for her that he met in Canada?,"He says she's cool, incredible, like something out of a movie, and that he feels alive around her. Every moment with her is fun and energetic, also Evan feels really lucky to have someone who gets him.","An awesome, incredible Canadian woman he loved at first sight who makes him feel alive.",0.1482546864899806,CORRECT
s_parent_single_2000/conv-49:21,s_parent_single_2000,1,How does Evan describe the woman and his feelings for her that he met in Canada?,"He says she's cool, incredible, like something out of a movie, and that he feels alive around her. Every moment with her is fun and energetic, also Evan feels really lucky to have someone who gets him.","awesome, incredible, makes me feel alive, great, fun, energizing, love at first sight",0.27372549019607845,CORRECT
SimpleMem/conv-49:22,SimpleMem,2,When Evan did meet his future wife?,"week before August 7, 2023.",Last week of August 2023,0.6,WRONG
LightMem_official/conv-49:22,LightMem_official,2,When Evan did meet his future wife?,"week before August 7, 2023.",August 2023 during his trip,0.4000000000000001,CORRECT
E-Mem/conv-49:22,E-Mem,2,When Evan did meet his future wife?,"week before August 7, 2023.",Late July 2023,0.25,CORRECT
SimpleMem/conv-49:23,SimpleMem,2,When did Sam start working out at the gym?,"July 28, 2023","July 27, 2023",0.6666666666666666,WRONG
HiGMem/conv-49:23,HiGMem,2,When did Sam start working out at the gym?,"July 28, 2023","27 July, 2023",0.6666666666666666,WRONG
Mem0/conv-49:25,Mem0,2,Which year did Evan start taking care of his health seriously?,2021,Two years ago,0.0,CORRECT
Naive/conv-49:26,Naive,1,What motivates Evan to take care of his health?,"family, fitness tracker, thirst for adventure on interesting hikes",Family,0.3333333333333333,CORRECT
Mem0/conv-49:26,Mem0,1,What motivates Evan to take care of his health?,"family, fitness tracker, thirst for adventure on interesting hikes",His family,0.2222222222222222,CORRECT
LangMem/conv-49:26,LangMem,1,What motivates Evan to take care of his health?,"family, fitness tracker, thirst for adventure on interesting hikes",Family,0.3333333333333333,CORRECT
LightMem_official/conv-49:26,LightMem_official,1,What motivates Evan to take care of his health?,"family, fitness tracker, thirst for adventure on interesting hikes",Family and thirst for adventure.,0.3333333333333333,CORRECT
E-Mem/conv-49:26,E-Mem,1,What motivates Evan to take care of his health?,"family, fitness tracker, thirst for adventure on interesting hikes","Family, adventure, and past health scares.",0.42857142857142855,CORRECT
SimpleMem/conv-49:28,SimpleMem,1,What kind of writing does Sam do to relax and cope with his health issues?,"journalling, creative writing",Therapeutic writing,0.25,CORRECT
HiGMem/conv-49:29,HiGMem,1,"Who did Evan meet on his trip to Canada, and who did he come back from Canada with?",Evan met the woman he fell in love with and returned with her.,an awesome Canadian woman,0.14285714285714288,CORRECT
E-Mem/conv-49:29,E-Mem,1,"Who did Evan meet on his trip to Canada, and who did he come back from Canada with?",Evan met the woman he fell in love with and returned with her.,An awesome Canadian woman (his new SO).,0.11764705882352942,CORRECT
s_parent_single_2000/conv-49:29,s_parent_single_2000,1,"Who did Evan meet on his trip to Canada, and who did he come back from Canada with?",Evan met the woman he fell in love with and returned with her.,"Canadian woman, new significant other",0.15384615384615385,CORRECT
A-MEM/conv-49:31,A-MEM,3,How might Evan and Sam's experiences with health and lifestyle changes influence their approach to stress and challenges?,"Their experiences likely lead them to view challenges as opportunities for growth and change. They both have embraced healthier lifestyles, indicating a proactive approach to managing stress and challenges.","They view challenges as opportunities for resilience and appreciate small, incremental changes.",0.37837837837837834,CORRECT
SimpleMem/conv-49:31,SimpleMem,3,How might Evan and Sam's experiences with health and lifestyle changes influence their approach to stress and challenges?,"Their experiences likely lead them to view challenges as opportunities for growth and change. They both have embraced healthier lifestyles, indicating a proactive approach to managing stress and challenges.","By prioritizing small, sustainable steps and viewing challenges as manageable through consistent lifestyle adjustments.",0.2564102564102564,CORRECT
E-Mem/conv-49:31,E-Mem,3,How might Evan and Sam's experiences with health and lifestyle changes influence their approach to stress and challenges?,"Their experiences likely lead them to view challenges as opportunities for growth and change. They both have embraced healthier lifestyles, indicating a proactive approach to managing stress and challenges.","By prioritizing long-term well-being over quick results, embracing mistakes as learning opportunities, and using nature to find calm during challenges.",0.2222222222222222,CORRECT
Naive/conv-49:32,Naive,1,What recurring frustration does Evan experience?,Evan consistently misplaces his keys every week.,losing his keys,0.4,CORRECT
LangMem/conv-49:32,LangMem,1,What recurring frustration does Evan experience?,Evan consistently misplaces his keys every week.,Losing his keys weekly,0.36363636363636365,CORRECT
E-Mem/conv-49:32,E-Mem,1,What recurring frustration does Evan experience?,Evan consistently misplaces his keys every week.,Losing his keys.,0.4,CORRECT
LangMem/conv-49:33,LangMem,1,What is the recurring dream that Sam keeps having?,he's flying over a cityscape.,Soaring over skyscrapers,0.28571428571428575,CORRECT
Mem0/conv-49:34,Mem0,1,What accidents has Evan's son faced lately?,"injured at a soccer game, fell off his bike",An ankle injury from a soccer accident last Saturday.,0.09090909090909091,CORRECT
A-MEM/conv-49:34,A-MEM,1,What accidents has Evan's son faced lately?,"injured at a soccer game, fell off his bike",His son had a soccer accident injuring his ankle and a bicycle accident requiring crutches.,0.1875,CORRECT
SimpleMem/conv-49:34,SimpleMem,1,What accidents has Evan's son faced lately?,"injured at a soccer game, fell off his bike",A bike accident and a soccer accident.,0.25,CORRECT
LightMem_official/conv-49:34,LightMem_official,1,What accidents has Evan's son faced lately?,"injured at a soccer game, fell off his bike",Son fell off bike last Tuesday.,0.3,CORRECT
HiGMem/conv-49:34,HiGMem,1,What accidents has Evan's son faced lately?,"injured at a soccer game, fell off his bike","soccer accident, ankle injury, bike accident",0.3333333333333333,CORRECT
E-Mem/conv-49:34,E-Mem,1,What accidents has Evan's son faced lately?,"injured at a soccer game, fell off his bike",He fell off his bike.,0.4444444444444445,CORRECT
Naive/conv-49:35,Naive,2,When was Evan's son injured at soccer?,"Saturday before August 15, 2023.",15 August 2023,0.7499999999999999,WRONG
Mem0/conv-49:35,Mem0,2,When was Evan's son injured at soccer?,"Saturday before August 15, 2023.",Last Saturday,0.28571428571428575,CORRECT
A-MEM/conv-49:35,A-MEM,2,When was Evan's son injured at soccer?,"Saturday before August 15, 2023.",Last Saturday,0.28571428571428575,CORRECT
SimpleMem/conv-49:35,SimpleMem,2,When was Evan's son injured at soccer?,"Saturday before August 15, 2023.","Saturday, August 15, 2023",0.888888888888889,WRONG
HiGMem/conv-49:35,HiGMem,2,When was Evan's son injured at soccer?,"Saturday before August 15, 2023.",last Saturday,0.28571428571428575,CORRECT
Naive/conv-49:36,Naive,1,What kind of foods or recipes has Sam recommended to Evan?,"grilled vegetables, grilled chicken and veggie stir-fry, poutine",grilled chicken and veggie stir-fry,0.4444444444444444,CORRECT
A-MEM/conv-49:36,A-MEM,1,What kind of foods or recipes has Sam recommended to Evan?,"grilled vegetables, grilled chicken and veggie stir-fry, poutine","Grilled chicken and veggie stir-fry, homemade sauce, energy balls, and nutrient-rich cookies.",0.4444444444444444,CORRECT
LightMem_official/conv-49:36,LightMem_official,1,What kind of foods or recipes has Sam recommended to Evan?,"grilled vegetables, grilled chicken and veggie stir-fry, poutine",Grilled chicken veggie stir-fry recipe,0.39153439153439157,CORRECT
HiGMem/conv-49:36,HiGMem,1,What kind of foods or recipes has Sam recommended to Evan?,"grilled vegetables, grilled chicken and veggie stir-fry, poutine","nutrient-packed cookies, energy balls, roasted veg, grilled chicken and veggie stir-fry",0.4444444444444444,CORRECT
E-Mem/conv-49:36,E-Mem,1,What kind of foods or recipes has Sam recommended to Evan?,"grilled vegetables, grilled chicken and veggie stir-fry, poutine","Roasted veg, grilled chicken and veggie stir-fry with homemade sauce, and spinach, avocado, and strawberries.",0.3164983164983165,CORRECT
Naive/conv-49:37,Naive,1,What kind of healthy meals did Sam start eating after getting a health scare?,"salad, grilled salmon and vegetables, grilled chicken and veggie stir-fry, Beef Merlot, fruit bowl, smoothie bowl",grilled chicken and veggie stir-fry,0.2142857142857143,CORRECT
Mem0/conv-49:37,Mem0,1,What kind of healthy meals did Sam start eating after getting a health scare?,"salad, grilled salmon and vegetables, grilled chicken and veggie stir-fry, Beef Merlot, fruit bowl, smoothie bowl",Grilled dishes with veggies,0.13095238095238096,CORRECT
E-Mem/conv-49:37,E-Mem,1,What kind of healthy meals did Sam start eating after getting a health scare?,"salad, grilled salmon and vegetables, grilled chicken and veggie stir-fry, Beef Merlot, fruit bowl, smoothie bowl","Grilled salmon with vegetables, spinach, avocado, and strawberries.",0.18452380952380953,CORRECT
Naive/conv-49:38,Naive,3,What role does nature and the outdoors play in Evan and Sam's mental well-being?,Nature and outdoor activities seem to be significant stress relievers and sources of joy for both Evan and Sam. These activities likely contribute positively to their mental well-being.,"A source of peace, relaxation, and rejuvenation that helps them clear their minds and find joy.",0.2105263157894737,CORRECT
Mem0/conv-49:38,Mem0,3,What role does nature and the outdoors play in Evan and Sam's mental well-being?,Nature and outdoor activities seem to be significant stress relievers and sources of joy for both Evan and Sam. These activities likely contribute positively to their mental well-being.,"Nature provides them with peace, clarity, and rejuvenation.",0.0625,CORRECT
A-MEM/conv-49:38,A-MEM,3,What role does nature and the outdoors play in Evan and Sam's mental well-being?,Nature and outdoor activities seem to be significant stress relievers and sources of joy for both Evan and Sam. These activities likely contribute positively to their mental well-being.,"Nature and the outdoors provide peace, clarity, rejuvenation, and emotional stability for both Evan and Sam.",0.32432432432432434,CORRECT
LangMem/conv-49:38,LangMem,3,What role does nature and the outdoors play in Evan and Sam's mental well-being?,Nature and outdoor activities seem to be significant stress relievers and sources of joy for both Evan and Sam. These activities likely contribute positively to their mental well-being.,"Nature serves as a restorative force that provides inner peace, perspective, and emotional grounding for both individuals.",0.15,CORRECT
SimpleMem/conv-49:38,SimpleMem,3,What role does nature and the outdoors play in Evan and Sam's mental well-being?,Nature and outdoor activities seem to be significant stress relievers and sources of joy for both Evan and Sam. These activities likely contribute positively to their mental well-being.,"Nature serves as a calming, rejuvenating, and essential source of relaxation for both Evan and Sam.",0.3684210526315789,CORRECT
LightMem_official/conv-49:38,LightMem_official,3,What role does nature and the outdoors play in Evan and Sam's mental well-being?,Nature and outdoor activities seem to be significant stress relievers and sources of joy for both Evan and Sam. These activities likely contribute positively to their mental well-being.,Nature calms and rejuvenates both.,0.13793103448275865,CORRECT
E-Mem/conv-49:38,E-Mem,3,What role does nature and the outdoors play in Evan and Sam's mental well-being?,Nature and outdoor activities seem to be significant stress relievers and sources of joy for both Evan and Sam. These activities likely contribute positively to their mental well-being.,"Essential sources of relaxation, stress relief, and rejuvenation.",0.1875,CORRECT
s_parent_single_2000/conv-49:38,s_parent_single_2000,3,What role does nature and the outdoors play in Evan and Sam's mental well-being?,Nature and outdoor activities seem to be significant stress relievers and sources of joy for both Evan and Sam. These activities likely contribute positively to their mental well-being.,"Nature acts as a calming, rejuvenating, and peaceful force that serves as a ""reset button"" for their minds and bodies, helping them relax, revive their souls, and find joy.",0.16326530612244897,CORRECT
Naive/conv-49:42,Naive,1,How did Evan get into painting?,His friend got him into it by gifting him a painting and giving him some advice. The painting inspired Evan.,A friend gave him a painting,0.2857142857142857,CORRECT
LightMem_official/conv-49:42,LightMem_official,1,How did Evan get into painting?,His friend got him into it by gifting him a painting and giving him some advice. The painting inspired Evan.,A friend gave him an inspiring painting.,0.3636363636363636,CORRECT
E-Mem/conv-49:42,E-Mem,1,How did Evan get into painting?,His friend got him into it by gifting him a painting and giving him some advice. The painting inspired Evan.,A friend gave him a painting.,0.2857142857142857,CORRECT
s_parent_single_2000/conv-49:42,s_parent_single_2000,1,How did Evan get into painting?,His friend got him into it by gifting him a painting and giving him some advice. The painting inspired Evan.,A friend gave him a painting,0.2857142857142857,CORRECT
Naive/conv-49:44,Naive,1,What kind of subjects does Evan enjoy painting?,"nature landscapes, portraits, abstract minimalism",Landscapes,0.2222222222222222,CORRECT
Mem0/conv-49:44,Mem0,1,What kind of subjects does Evan enjoy painting?,"nature landscapes, portraits, abstract minimalism",Landscapes,0.2222222222222222,CORRECT
LangMem/conv-49:44,LangMem,1,What kind of subjects does Evan enjoy painting?,"nature landscapes, portraits, abstract minimalism",Nature and landscapes,0.3333333333333333,CORRECT
LightMem_official/conv-49:44,LightMem_official,1,What kind of subjects does Evan enjoy painting?,"nature landscapes, portraits, abstract minimalism",Landscapes and nature,0.3333333333333333,CORRECT
HiGMem/conv-49:44,HiGMem,1,What kind of subjects does Evan enjoy painting?,"nature landscapes, portraits, abstract minimalism",nature,0.2222222222222222,CORRECT
E-Mem/conv-49:44,E-Mem,1,What kind of subjects does Evan enjoy painting?,"nature landscapes, portraits, abstract minimalism","Landscapes, nature, figurative subjects, and emotional states.",0.2222222222222222,CORRECT
s_parent_single_2000/conv-49:44,s_parent_single_2000,1,What kind of subjects does Evan enjoy painting?,"nature landscapes, portraits, abstract minimalism",landscapes,0.2222222222222222,CORRECT
LightMem_official/conv-49:45,LightMem_official,2,Which places in Canada was Evan visiting in July 2023?,"Banff, Rocky Mountains",Banff and Jasper,0.4,CORRECT
Naive/conv-49:46,Naive,3,How do Evan and Sam use creative outlets to cope with life's challenges?,"Evan and Sam use creative activities, like painting and writing, as therapeutic tools to express themselves and cope with stress.","Painting, writing, and drawing.",0.2,CORRECT
A-MEM/conv-49:46,A-MEM,3,How do Evan and Sam use creative outlets to cope with life's challenges?,"Evan and Sam use creative activities, like painting and writing, as therapeutic tools to express themselves and cope with stress.",They use painting and creating a family collage.,0.1739130434782609,CORRECT
LangMem/conv-49:46,LangMem,3,How do Evan and Sam use creative outlets to cope with life's challenges?,"Evan and Sam use creative activities, like painting and writing, as therapeutic tools to express themselves and cope with stress.",Evan uses watercolor painting and Sam uses art appreciation to cope with life's challenges.,0.4666666666666667,CORRECT
SimpleMem/conv-49:46,SimpleMem,3,How do Evan and Sam use creative outlets to cope with life's challenges?,"Evan and Sam use creative activities, like painting and writing, as therapeutic tools to express themselves and cope with stress.","Evan uses painting and writing, while Sam uses journaling and creative writing.",0.4444444444444445,CORRECT
LightMem_official/conv-49:46,LightMem_official,3,How do Evan and Sam use creative outlets to cope with life's challenges?,"Evan and Sam use creative activities, like painting and writing, as therapeutic tools to express themselves and cope with stress.",They use art and journaling.,0.09523809523809523,CORRECT
E-Mem/conv-49:46,E-Mem,3,How do Evan and Sam use creative outlets to cope with life's challenges?,"Evan and Sam use creative activities, like painting and writing, as therapeutic tools to express themselves and cope with stress.",Evan uses watercolor painting and Sam uses writing and drawing.,0.4,CORRECT
s_parent_single_2000/conv-49:46,s_parent_single_2000,3,How do Evan and Sam use creative outlets to cope with life's challenges?,"Evan and Sam use creative activities, like painting and writing, as therapeutic tools to express themselves and cope with stress.","Writing in journals, doing creative writing, running, and painting.",0.24,CORRECT
Naive/conv-49:47,Naive,2,When did Evan go skiing in Banff?,July 2023,last month,0.0,CORRECT
HiGMem/conv-49:47,HiGMem,2,When did Evan go skiing in Banff?,July 2023,last month,0.0,CORRECT
Mem0/conv-49:48,Mem0,1,What new diet and lifestyle change did Sam adopt over time?,"Healthy eating, exercise routine, running, hiking",A healthier diet and exercise routine.,0.16666666666666666,CORRECT
A-MEM/conv-49:48,A-MEM,1,What new diet and lifestyle change did Sam adopt over time?,"Healthy eating, exercise routine, running, hiking","Sam adopted a diet focused on reducing soda and candy intake while increasing consumption of fresh produce, vegetables, and fruit, alongside starting to walk regularly.",0.0,CORRECT
LangMem/conv-49:48,LangMem,1,What new diet and lifestyle change did Sam adopt over time?,"Healthy eating, exercise routine, running, hiking","Reducing soda and candy intake, eating more vegetables, and hiking with friends.",0.225,CORRECT
SimpleMem/conv-49:48,SimpleMem,1,What new diet and lifestyle change did Sam adopt over time?,"Healthy eating, exercise routine, running, hiking",A healthier diet and exercise routine including yoga.,0.125,CORRECT
LightMem_official/conv-49:48,LightMem_official,1,What new diet and lifestyle change did Sam adopt over time?,"Healthy eating, exercise routine, running, hiking","Started diet, exercise, yoga, Weight Watchers",0.16666666666666666,CORRECT
HiGMem/conv-49:48,HiGMem,1,What new diet and lifestyle change did Sam adopt over time?,"Healthy eating, exercise routine, running, hiking",adopting a more nutritious diet and getting regular exercise,0.05555555555555556,CORRECT
E-Mem/conv-49:48,E-Mem,1,What new diet and lifestyle change did Sam adopt over time?,"Healthy eating, exercise routine, running, hiking","Sam adopted a structured diet and exercise routine involving a meal plan, workout schedule, and yoga.",0.0909090909090909,CORRECT
s_parent_single_2000/conv-49:48,s_parent_single_2000,1,What new diet and lifestyle change did Sam adopt over time?,"Healthy eating, exercise routine, running, hiking",adopting a more nutritious diet and getting regular exercise,0.05555555555555556,CORRECT
A-MEM/conv-49:50,A-MEM,1,What kind of hobbies does Evan pursue?,"painting, hiking, reading books, biking, skiing, snowboarding, ice skating, swimming, camping, kayaking",Painting,0.1,CORRECT
E-Mem/conv-49:50,E-Mem,1,What kind of hobbies does Evan pursue?,"painting, hiking, reading books, biking, skiing, snowboarding, ice skating, swimming, camping, kayaking","Painting, lifting weights, kayaking, hiking, playing guitar, yoga, snowshoeing, and beach activities.",0.3,CORRECT
s_parent_single_2000/conv-49:50,s_parent_single_2000,1,What kind of hobbies does Evan pursue?,"painting, hiking, reading books, biking, skiing, snowboarding, ice skating, swimming, camping, kayaking","painting, hiking",0.2,CORRECT
Naive/conv-49:51,Naive,3,"What challenges does Sam face in his quest for a healthier lifestyle, and how does he address them?",Sam faces challenges like maintaining motivation and making dietary changes. He addresses them by enrolling in cooking classes and seeking support from friends like Evan.,"Sam faces challenges such as weight issues, health scares (gastritis, ER visit), stress, boredom, cravings for sugary treats, family pressure, and",0.13953488372093023,CORRECT
Mem0/conv-49:51,Mem0,3,"What challenges does Sam face in his quest for a healthier lifestyle, and how does he address them?",Sam faces challenges like maintaining motivation and making dietary changes. He addresses them by enrolling in cooking classes and seeking support from friends like Evan.,"Sam faces challenges like cravings, family pressure, and the difficulty of breaking old habits, which he addresses by creating meal and workout plans, practicing yoga, seeking doctor advice, and focusing on small, consistent steps.",0.30188679245283023,CORRECT
A-MEM/conv-49:51,A-MEM,3,"What challenges does Sam face in his quest for a healthier lifestyle, and how does he address them?",Sam faces challenges like maintaining motivation and making dietary changes. He addresses them by enrolling in cooking classes and seeking support from friends like Evan.,"Sam faces challenges such as weight issues, guilt over consuming soda and candy, and the difficulty of breaking old habits; he addresses them by committing to a diet, reducing sugar intake, eating healthier foods, and sharing his progress for motivation.",0.27586206896551724,CORRECT
LangMem/conv-49:51,LangMem,3,"What challenges does Sam face in his quest for a healthier lifestyle, and how does he address them?",Sam faces challenges like maintaining motivation and making dietary changes. He addresses them by enrolling in cooking classes and seeking support from friends like Evan.,"Sam faces challenges like stress, boredom, emotional triggers, and social judgment, which he addresses through gradual dietary changes, low-impact exercises, and seeking supportive relationships.",0.4444444444444445,CORRECT
SimpleMem/conv-49:51,SimpleMem,3,"What challenges does Sam face in his quest for a healthier lifestyle, and how does he address them?",Sam faces challenges like maintaining motivation and making dietary changes. He addresses them by enrolling in cooking classes and seeking support from friends like Evan.,"Sam struggles with occasional cravings for sugary drinks, the difficulty of hiking, and health problems taking away from enjoyable experiences; he addresses them by taking the first step, hoping for positive changes through diet and yoga, and finding motivation in nature.",0.3050847457627119,CORRECT
HiGMem/conv-49:51,HiGMem,3,"What challenges does Sam face in his quest for a healthier lifestyle, and how does he address them?",Sam faces challenges like maintaining motivation and making dietary changes. He addresses them by enrolling in cooking classes and seeking support from friends like Evan.,"Sam faces challenges like life's unpredictability, a knee injury, work stress, family pressure, and weight issues. He addresses them by being adaptable, seeking low-impact exercises or physical therapy, consulting a doctor for diet and exercise advice, creating meal and workout plans, attending Weight Watchers, and practicing yoga.",0.28125,CORRECT
E-Mem/conv-49:51,E-Mem,3,"What challenges does Sam face in his quest for a healthier lifestyle, and how does he address them?",Sam faces challenges like maintaining motivation and making dietary changes. He addresses them by enrolling in cooking classes and seeking support from friends like Evan.,"Sam faces weight issues, physical discomfort, family pressure, and cravings, which he addresses through meal plans, workout schedules, doctor consultations, and yoga.",0.18604651162790697,CORRECT
s_parent_single_2000/conv-49:51,s_parent_single_2000,3,"What challenges does Sam face in his quest for a healthier lifestyle, and how does he address them?",Sam faces challenges like maintaining motivation and making dietary changes. He addresses them by enrolling in cooking classes and seeking support from friends like Evan.,"Sam faces challenges including confronting health issues, breaking old habits, occasional cravings for sugary drinks and snacks, and health issues feeling like a weight. He addresses them by trying painting as a hobby, sticking to a diet, making healthier food choices, and considering low-impact exercises like yoga and swimming.",0.30769230769230765,CORRECT
LightMem_official/conv-49:52,LightMem_official,2,Which activity do Evan and Sam plan on doing together during September 2023?,painting,Painting together next Saturday.,0.4,CORRECT
SimpleMem/conv-49:54,SimpleMem,1,What personal health incidents does Evan face in 2023?,"heart palpitations, twisted ankle, twisted ankle",Sudden heart palpitations,0.26666666666666666,CORRECT
HiGMem/conv-49:54,HiGMem,1,What personal health incidents does Evan face in 2023?,"heart palpitations, twisted ankle, twisted ankle",sudden heart palpitation incident,0.2222222222222222,CORRECT
A-MEM/conv-49:55,A-MEM,1,What recurring adventure does Evan have with strangers?,Helping lost tourists and experiencing unexpected adventures in the city.,Helping a lost tourist find their way.,0.42857142857142855,CORRECT
SimpleMem/conv-49:55,SimpleMem,1,What recurring adventure does Evan have with strangers?,Helping lost tourists and experiencing unexpected adventures in the city.,Helping a lost tourist find their way.,0.42857142857142855,CORRECT
LightMem_official/conv-49:55,LightMem_official,1,What recurring adventure does Evan have with strangers?,Helping lost tourists and experiencing unexpected adventures in the city.,Helping lost tourists find their way.,0.42857142857142855,CORRECT
E-Mem/conv-49:55,E-Mem,1,What recurring adventure does Evan have with strangers?,Helping lost tourists and experiencing unexpected adventures in the city.,Helping lost tourists find their way.,0.42857142857142855,CORRECT
s_parent_single_2000/conv-49:55,s_parent_single_2000,1,What recurring adventure does Evan have with strangers?,Helping lost tourists and experiencing unexpected adventures in the city.,Helping a lost tourist find their way,0.42857142857142855,CORRECT
Naive/conv-49:56,Naive,1,What is Sam's persistent problem with his phone?,"His new phone malfunctioning, particularly with the navigation app.",navigation app keeps malfunctioning,0.375,CORRECT
Mem0/conv-49:56,Mem0,1,What is Sam's persistent problem with his phone?,"His new phone malfunctioning, particularly with the navigation app.",Malfunctioning navigation app,0.4285714285714286,CORRECT
SimpleMem/conv-49:56,SimpleMem,1,What is Sam's persistent problem with his phone?,"His new phone malfunctioning, particularly with the navigation app.",navigation app issue,0.28571428571428575,CORRECT
LightMem_official/conv-49:56,LightMem_official,1,What is Sam's persistent problem with his phone?,"His new phone malfunctioning, particularly with the navigation app.",Malfunctioning navigation app,0.4285714285714286,CORRECT
E-Mem/conv-49:56,E-Mem,1,What is Sam's persistent problem with his phone?,"His new phone malfunctioning, particularly with the navigation app.",Navigation app malfunctioning.,0.4285714285714286,CORRECT
s_parent_single_2000/conv-49:56,s_parent_single_2000,1,What is Sam's persistent problem with his phone?,"His new phone malfunctioning, particularly with the navigation app.",navigation app malfunctioning,0.4285714285714286,CORRECT
A-MEM/conv-49:58,A-MEM,2,When did Evan start lifting weights?,October 2022,"One year ago (as of October 8, 2023).",0.2,CORRECT
SimpleMem/conv-49:58,SimpleMem,2,When did Evan start lifting weights?,October 2022,One year ago (from October 2023).,0.25,CORRECT
LightMem_official/conv-49:58,LightMem_official,2,When did Evan start lifting weights?,October 2022,One year ago from October 2023,0.25,CORRECT
SimpleMem/conv-49:59,SimpleMem,2,When did Sam and his friend decide to try kayaking?,"October 14, 2023",On 2023-10-14.,0.0,CORRECT
LightMem_official/conv-49:60,LightMem_official,2,Which new activity does Sam take up in October 2023?,kayaking,Kayaking trip with Evan,0.4,CORRECT
SimpleMem/conv-49:61,SimpleMem,2,What kind of stress was Sam dealing with in October 2023?,work-related stress,Family pressure and work stress.,0.3333333333333333,CORRECT
LightMem_official/conv-49:61,LightMem_official,2,What kind of stress was Sam dealing with in October 2023?,work-related stress,Work stress and family pressure.,0.3333333333333333,CORRECT
E-Mem/conv-49:61,E-Mem,2,What kind of stress was Sam dealing with in October 2023?,work-related stress,"Work, health scare/gastritis, and malfunctioning phone stress.",0.25,CORRECT
s_parent_single_2000/conv-49:61,s_parent_single_2000,2,What kind of stress was Sam dealing with in October 2023?,work-related stress,"work stress, family pressure",0.3333333333333333,CORRECT
Naive/conv-49:62,Naive,1,What health scares did Sam and Evan experience?,"Sam faced a health scare with stomach pains that turned out to be gastritis, prompting him to rethink his health habits. Evan, on the other hand, experienced two separate incidents: a sudden heart palpitation incident and a different event involving a misunderstanding during a medical check-up. These experiences have significantly influenced their perspectives on health and well-being.","Sam: weight issues, gastritis, stomachache; Evan: heart palpitation, knee injury, health scare (misunderstanding), car accident.",0.14366883116883117,CORRECT
LightMem_official/conv-49:62,LightMem_official,1,What health scares did Sam and Evan experience?,"Sam faced a health scare with stomach pains that turned out to be gastritis, prompting him to rethink his health habits. Evan, on the other hand, experienced two separate incidents: a sudden heart palpitation incident and a different event involving a misunderstanding during a medical check-up. These experiences have significantly influenced their perspectives on health and well-being.",Sam: Gastritis; Evan: Heart palpitations.,0.12735042735042734,CORRECT
Naive/conv-49:63,Naive,2,When was Sam in the ER?,"weekend before 17 October, 2023.",17 October 2023,0.7499999999999999,WRONG
LightMem_official/conv-49:63,LightMem_official,2,When was Sam in the ER?,"weekend before 17 October, 2023.",17 October 2023,0.7499999999999999,WRONG
LightMem_official/conv-49:64,LightMem_official,1,Which ailment does Sam have to face due to his weight?,gastritis,Sam has gastritis due to his weight.,0.25,CORRECT
Mem0/conv-49:65,Mem0,3,Does Evan live close to a beach or mountains?,beach,"Yes, he lives close to both.",0.0,CORRECT
LangMem/conv-49:65,LangMem,3,Does Evan live close to a beach or mountains?,beach,Both,0.0,CORRECT
Mem0/conv-49:66,Mem0,2,When did Evan lose his job?,end of October 2023,Last month.,0.0,CORRECT
A-MEM/conv-49:66,A-MEM,2,When did Evan lose his job?,end of October 2023,"Last month (relative to November 9, 2023).",0.18181818181818182,CORRECT
LangMem/conv-49:66,LangMem,2,When did Evan lose his job?,end of October 2023,Last month (relative to Session 16 in November 2023).,0.15384615384615383,CORRECT
E-Mem/conv-49:66,E-Mem,2,When did Evan lose his job?,end of October 2023,9 October 2023,0.5714285714285715,WRONG
A-MEM/conv-49:69,A-MEM,1,Which two significant life events occur in Evan's life in December 2023 with his partner?,his partner gets pregnant and they get married,Pregnancy announcement and marriage.,0.0,CORRECT
LangMem/conv-49:69,LangMem,1,Which two significant life events occur in Evan's life in December 2023 with his partner?,his partner gets pregnant and they get married,Partner's pregnancy and marriage,0.2,CORRECT
SimpleMem/conv-49:69,SimpleMem,1,Which two significant life events occur in Evan's life in December 2023 with his partner?,his partner gets pregnant and they get married,Partner's pregnancy and family marriage announcement,0.16666666666666666,CORRECT
LightMem_official/conv-49:69,LightMem_official,1,Which two significant life events occur in Evan's life in December 2023 with his partner?,his partner gets pregnant and they get married,Marriage and partner's pregnancy,0.2,CORRECT
E-Mem/conv-49:69,E-Mem,1,Which two significant life events occur in Evan's life in December 2023 with his partner?,his partner gets pregnant and they get married,Becoming a parent and getting married.,0.36363636363636365,CORRECT
s_parent_single_2000/conv-49:69,s_parent_single_2000,1,Which two significant life events occur in Evan's life in December 2023 with his partner?,his partner gets pregnant and they get married,"Evan got married, Evan's partner is pregnant",0.36363636363636365,CORRECT
LightMem_official/conv-49:71,LightMem_official,3,Which major holiday season conincides with Evan's wedding?,Christmas,December 2023 holiday season,0.0,CORRECT
LightMem_official/conv-49:72,LightMem_official,1,Which activity did Sam resume in December 2023 after a long time?,hiking,Sam resumed hiking in December 2023.,0.2857142857142857,CORRECT
LightMem_official/conv-49:73,LightMem_official,2,When is Evan planning a big family reunion?,Summer 2024,Next summer (relative to Dec 2023),0.25,CORRECT
s_parent_single_2000/conv-49:75,s_parent_single_2000,2,When did Evan announce his marriage to his extended family?,"January 5, 2024","January 6, 2024",0.6666666666666666,WRONG
Naive/conv-49:77,Naive,1,How does Evan spend his time with his bride after the wedding?,"family get-together, honeymoon in Canada to see snowy landscapes, ski, taste local cuisine and do some snowshoeing","skiing, trying the local cuisine, and enjoying the beautiful views",0.3611111111111111,CORRECT
Mem0/conv-49:77,Mem0,1,How does Evan spend his time with his bride after the wedding?,"family get-together, honeymoon in Canada to see snowy landscapes, ski, taste local cuisine and do some snowshoeing",On a honeymoon in Canada.,0.13636363636363635,CORRECT
LangMem/conv-49:77,LangMem,1,How does Evan spend his time with his bride after the wedding?,"family get-together, honeymoon in Canada to see snowy landscapes, ski, taste local cuisine and do some snowshoeing",On a honeymoon to Canada.,0.13636363636363635,CORRECT
LightMem_official/conv-49:77,LightMem_official,1,How does Evan spend his time with his bride after the wedding?,"family get-together, honeymoon in Canada to see snowy landscapes, ski, taste local cuisine and do some snowshoeing",He plans to ski and eat local food.,0.13667582417582416,CORRECT
E-Mem/conv-49:77,E-Mem,1,How does Evan spend his time with his bride after the wedding?,"family get-together, honeymoon in Canada to see snowy landscapes, ski, taste local cuisine and do some snowshoeing","On a honeymoon in Canada skiing, trying poutine, and enjoying snowy views.",0.20833333333333334,CORRECT
s_parent_single_2000/conv-49:77,s_parent_single_2000,1,How does Evan spend his time with his bride after the wedding?,"family get-together, honeymoon in Canada to see snowy landscapes, ski, taste local cuisine and do some snowshoeing","skiing, trying local cuisine, and enjoying views",0.3611111111111111,CORRECT
A-MEM/conv-49:78,A-MEM,1,Who did Evan tell about his marriage?,"To Sam, to his friends from work, and to his and his wife's families.",Work friends and extended family.,0.22222222222222224,CORRECT
LightMem_official/conv-49:78,LightMem_official,1,Who did Evan tell about his marriage?,"To Sam, to his friends from work, and to his and his wife's families.",Extended family and work friends,0.22222222222222224,CORRECT
E-Mem/conv-49:78,E-Mem,1,Who did Evan tell about his marriage?,"To Sam, to his friends from work, and to his and his wife's families.",Sam,0.2222222222222222,CORRECT
s_parent_single_2000/conv-49:78,s_parent_single_2000,1,Who did Evan tell about his marriage?,"To Sam, to his friends from work, and to his and his wife's families.","extended family, work friends",0.28571428571428575,CORRECT
E-Mem/conv-49:80,E-Mem,2,When did Evan have a drunken night with his friends?,"January 9, 2023","January 9, 2024",0.6666666666666666,WRONG
s_parent_single_2000/conv-49:80,s_parent_single_2000,2,When did Evan have a drunken night with his friends?,"January 9, 2023",9 January 2024,0.6666666666666666,WRONG
Mem0/conv-49:81,Mem0,1,What is a stress reliever for Evan?,"Drawing, traveling, places with a beautiful view, yoga, sunsets or something comfortable for Evan",Painting,0.0,CORRECT
A-MEM/conv-49:81,A-MEM,1,What is a stress reliever for Evan?,"Drawing, traveling, places with a beautiful view, yoga, sunsets or something comfortable for Evan",Painting,0.0,CORRECT
SimpleMem/conv-49:81,SimpleMem,1,What is a stress reliever for Evan?,"Drawing, traveling, places with a beautiful view, yoga, sunsets or something comfortable for Evan",Yoga,0.2,CORRECT
LightMem_official/conv-49:81,LightMem_official,1,What is a stress reliever for Evan?,"Drawing, traveling, places with a beautiful view, yoga, sunsets or something comfortable for Evan","Painting, driving, and yoga.",0.2,CORRECT
E-Mem/conv-49:81,E-Mem,1,What is a stress reliever for Evan?,"Drawing, traveling, places with a beautiful view, yoga, sunsets or something comfortable for Evan","Painting, nature activities, and yoga.",0.2,CORRECT
s_parent_single_2000/conv-49:81,s_parent_single_2000,1,What is a stress reliever for Evan?,"Drawing, traveling, places with a beautiful view, yoga, sunsets or something comfortable for Evan","painting, going for a drive, yoga",0.24444444444444446,CORRECT
Mem0/conv-49:82,Mem0,1,What is a stress reliever for Sam?,"Unhealthy snacks, sweets, yoga, places with beautiful views",Yoga,0.25,CORRECT
LightMem_official/conv-49:82,LightMem_official,1,What is a stress reliever for Sam?,"Unhealthy snacks, sweets, yoga, places with beautiful views",Nature and yoga relieve Sam's stress.,0.08333333333333334,CORRECT
s_parent_single_2000/conv-49:82,s_parent_single_2000,1,What is a stress reliever for Sam?,"Unhealthy snacks, sweets, yoga, places with beautiful views",yoga,0.25,CORRECT
Naive/conv-49:84,Naive,4,How did Evan get into watercolor painting?,friend's advice,His friend got him into it and gave him some advice.,0.33333333333333337,CORRECT
LightMem_official/conv-49:84,LightMem_official,4,How did Evan get into watercolor painting?,friend's advice,A friend gave him an inspiring painting.,0.28571428571428575,CORRECT
E-Mem/conv-49:84,E-Mem,4,How did Evan get into watercolor painting?,friend's advice,His friend got him into it and gave him advice.,0.3636363636363636,CORRECT
A-MEM/conv-49:85,A-MEM,4,What did Evan start doing a few years back as a stress-buster?,watercolor painting,Painting,0.6666666666666666,WRONG
HiGMem/conv-49:85,HiGMem,4,What did Evan start doing a few years back as a stress-buster?,watercolor painting,painting,0.6666666666666666,WRONG
E-Mem/conv-49:85,E-Mem,4,What did Evan start doing a few years back as a stress-buster?,watercolor painting,Painting,0.6666666666666666,WRONG
LightMem_official/conv-49:86,LightMem_official,4,What advice did Evan give Sam about finding a passion?,keep trying new things until something sparks excitement,Evan advised trying new things.,0.4615384615384615,CORRECT
Mem0/conv-49:88,Mem0,4,What did Evan find relaxing about his road trip to Jasper?,"fresh air, peacefulness, cozy cabin surrounded by mountains and forests",The incredible views and peaceful atmosphere.,0.15384615384615383,CORRECT
A-MEM/conv-49:88,A-MEM,4,What did Evan find relaxing about his road trip to Jasper?,"fresh air, peacefulness, cozy cabin surrounded by mountains and forests",Nature really chilled him out.,0.0,CORRECT
LangMem/conv-49:88,LangMem,4,What did Evan find relaxing about his road trip to Jasper?,"fresh air, peacefulness, cozy cabin surrounded by mountains and forests",Peaceful atmosphere,0.1818181818181818,CORRECT
HiGMem/conv-49:89,HiGMem,4,What habit is Sam trying to change in terms of diet?,consuming soda and candy,cutting down on sugary snacks,0.0,CORRECT
s_parent_single_2000/conv-49:89,s_parent_single_2000,4,What habit is Sam trying to change in terms of diet?,consuming soda and candy,sugary drinks and snacks,0.0,CORRECT
A-MEM/conv-49:90,A-MEM,4,What new suggestion did Evan give to Sam regarding his soda and candy consumption?,try flavored seltzer water and dark chocolate with high cocoa content,Try flavored seltzer water instead.,0.5333333333333333,WRONG
SimpleMem/conv-49:90,SimpleMem,4,What new suggestion did Evan give to Sam regarding his soda and candy consumption?,try flavored seltzer water and dark chocolate with high cocoa content,flavored seltzer water,0.4615384615384615,CORRECT
s_parent_single_2000/conv-49:90,s_parent_single_2000,4,What new suggestion did Evan give to Sam regarding his soda and candy consumption?,try flavored seltzer water and dark chocolate with high cocoa content,flavored seltzer water,0.4615384615384615,CORRECT
Mem0/conv-49:92,Mem0,4,What frustrating issue did Sam face at the supermarket?,broken self-checkout machines,Issues with the self-checkout.,0.3333333333333333,CORRECT
Naive/conv-49:95,Naive,4,What does the smartwatch help Evan with?,tracks progress and serves as a constant reminder to keep going,tracks his progress,0.3333333333333333,CORRECT
LightMem_official/conv-49:95,LightMem_official,4,What does the smartwatch help Evan with?,tracks progress and serves as a constant reminder to keep going,It helps him track progress.,0.2857142857142857,CORRECT
HiGMem/conv-49:95,HiGMem,4,What does the smartwatch help Evan with?,tracks progress and serves as a constant reminder to keep going,tracks my progress,0.3333333333333333,CORRECT
Naive/conv-49:97,Naive,4,Why did Evan decide to get the bonsai tree?,motivates him to keep going through tough times,It symbolizes strength and resilience.,0.0,CORRECT
A-MEM/conv-49:97,A-MEM,4,Why did Evan decide to get the bonsai tree?,motivates him to keep going through tough times,To find something that motivates him and makes him happy.,0.35294117647058826,CORRECT
SimpleMem/conv-49:97,SimpleMem,4,Why did Evan decide to get the bonsai tree?,motivates him to keep going through tough times,It symbolizes strength and resilience.,0.0,CORRECT
HiGMem/conv-49:97,HiGMem,4,Why did Evan decide to get the bonsai tree?,motivates him to keep going through tough times,Find something that motivates you and makes you happy,0.125,CORRECT
s_parent_single_2000/conv-49:97,s_parent_single_2000,4,Why did Evan decide to get the bonsai tree?,motivates him to keep going through tough times,It symbolizes strength and resilience.,0.0,CORRECT
LightMem_official/conv-49:98,LightMem_official,4,"According to Sam, what is more important than perfection?",progress,Progress is more important than perfection.,0.2857142857142857,CORRECT
Naive/conv-49:103,Naive,4,"What kind of recipe did Evan request from Sam on 19 August, 2023?",recipes with more vegetables,roasted veg recipe,0.28571428571428575,CORRECT
LightMem_official/conv-49:103,LightMem_official,4,"What kind of recipe did Evan request from Sam on 19 August, 2023?",recipes with more vegetables,Healthy meal recipes,0.28571428571428575,CORRECT
s_parent_single_2000/conv-49:103,s_parent_single_2000,4,"What kind of recipe did Evan request from Sam on 19 August, 2023?",recipes with more vegetables,grilled chicken and veggie stir-fry,0.0,CORRECT
A-MEM/conv-49:105,A-MEM,4,What type of painting classes did Evan start taking in 2023?,watercolor painting classes,Painting classes,0.8,WRONG
Naive/conv-49:106,Naive,4,What did Evan start painting years ago due to being inspired by a friend's gift?,forest scene,watercolor painting,0.0,CORRECT
E-Mem/conv-49:108,E-Mem,4,What type of landscapes does Evan love painting the most?,sunsets over the ocean,"Natural landscapes, specifically sunsets, deserts, and forests.",0.2222222222222222,CORRECT
s_parent_single_2000/conv-49:110,s_parent_single_2000,4,What injury did Evan suffer from in August 2023?,Twisted knee,knee,0.6666666666666666,WRONG
LightMem_official/conv-49:111,LightMem_official,4,What sports activity has Evan been doing to stay active while dealing with the knee injury?,Swimming,Swimming to stay active.,0.4,CORRECT
Mem0/conv-49:112,Mem0,4,What suggestion did Sam give to Evan to help with his knee issue?,Consider low-impact exercises or physical therapy,Sam suggested low-impact exercises.,0.4,CORRECT
LightMem_official/conv-49:112,LightMem_official,4,What suggestion did Sam give to Evan to help with his knee issue?,Consider low-impact exercises or physical therapy,Sam suggested physical therapy.,0.4,CORRECT
LightMem_official/conv-49:113,LightMem_official,4,What did Evan suggest Sam try as a calming hobby?,Painting,Painting or another calming hobby,0.33333333333333337,CORRECT
Mem0/conv-49:114,Mem0,4,What did Evan recommend Sam acquire to get started with painting?,"Acrylic paints, brushes, canvas/paper, palette","Acrylic paints, a canvas or paper, and basic supplies.",0.3333333333333333,CORRECT
LangMem/conv-49:114,LangMem,4,What did Evan recommend Sam acquire to get started with painting?,"Acrylic paints, brushes, canvas/paper, palette",painting supplies,0.28571428571428575,CORRECT
A-MEM/conv-49:116,A-MEM,4,What painting did Evan share with Sam in October?,a cactus in the desert,A sunset painting and a cactus painting.,0.28571428571428575,CORRECT
s_parent_single_2000/conv-49:116,s_parent_single_2000,4,What painting did Evan share with Sam in October?,a cactus in the desert,"sunset painting, cactus painting",0.28571428571428575,CORRECT
s_parent_single_2000/conv-49:117,s_parent_single_2000,4,What kind of writing does Sam enjoy as a form of expression?,creative writing,writing in her journal and doing creative writing,0.4444444444444445,CORRECT
Naive/conv-49:120,Naive,4,What advice did Evan give to Sam to avoid injuries while starting weightlifting?,Find a trainer,Find a trainer who can help you avoid injuries while you build your strength.,0.2666666666666667,CORRECT
A-MEM/conv-49:120,A-MEM,4,What advice did Evan give to Sam to avoid injuries while starting weightlifting?,Find a trainer,Find a trainer who can help you avoid injuries.,0.4,CORRECT
HiGMem/conv-49:120,HiGMem,4,What advice did Evan give to Sam to avoid injuries while starting weightlifting?,Find a trainer,Find a trainer who can help you avoid injuries,0.4,CORRECT
s_parent_single_2000/conv-49:120,s_parent_single_2000,4,What advice did Evan give to Sam to avoid injuries while starting weightlifting?,Find a trainer,Find a trainer who can help you avoid injuries while you build your strength.,0.2666666666666667,CORRECT
LightMem_official/conv-49:122,LightMem_official,4,What digestive issue did Sam experience lately?,Gastritis,Gastritis causing severe stomachache,0.4,CORRECT
HiGMem/conv-49:124,HiGMem,4,What does Evan mention about his progress at the gym to Sam?,gaining strength,I'm seeing some gains,0.3333333333333333,CORRECT
E-Mem/conv-49:124,E-Mem,4,What does Evan mention about his progress at the gym to Sam?,gaining strength,He was at the gym yesterday and is gaining strength.,0.4,CORRECT
Naive/conv-49:127,Naive,4,Why had Evan been going through a tough time lately?,Lost their job due to downsizing,He lost his job,0.4,CORRECT
Mem0/conv-49:127,Mem0,4,Why had Evan been going through a tough time lately?,Lost their job due to downsizing,He lost his job.,0.4,CORRECT
HiGMem/conv-49:127,HiGMem,4,Why had Evan been going through a tough time lately?,Lost their job due to downsizing,lost my job last month,0.3636363636363636,CORRECT
SimpleMem/conv-49:128,SimpleMem,4,How does Evan describe the island he grew up on?,A happy place,A little slice of paradise where he feels peaceful and serene.,0.0,CORRECT
LightMem_official/conv-49:128,LightMem_official,4,How does Evan describe the island he grew up on?,A happy place,He calls it a slice of paradise.,0.0,CORRECT
E-Mem/conv-49:128,E-Mem,4,How does Evan describe the island he grew up on?,A happy place,A little slice of paradise where he feels peaceful and serene.,0.0,CORRECT
Mem0/conv-49:130,Mem0,4,How did Sam suggest Evan view the setback with his broken Prius?,As a chance to explore other ways of staying active and traveling,As an opportunity.,0.16666666666666669,CORRECT
HiGMem/conv-49:130,HiGMem,4,How did Sam suggest Evan view the setback with his broken Prius?,As a chance to explore other ways of staying active and traveling,sometimes these setbacks lead to new opportunities,0.11764705882352941,CORRECT
E-Mem/conv-49:130,E-Mem,4,How did Sam suggest Evan view the setback with his broken Prius?,As a chance to explore other ways of staying active and traveling,Sometimes setbacks lead to new opportunities.,0.125,CORRECT
s_parent_single_2000/conv-49:130,s_parent_single_2000,4,How did Sam suggest Evan view the setback with his broken Prius?,As a chance to explore other ways of staying active and traveling,as a new opportunity,0.15384615384615383,CORRECT
Mem0/conv-49:132,Mem0,4,What did Sam offer Evan regarding yoga?,Support and tips,to provide yoga tips or other assistance,0.22222222222222224,CORRECT
A-MEM/conv-49:132,A-MEM,4,What did Sam offer Evan regarding yoga?,Support and tips,Sam offered to provide yoga tips.,0.25,CORRECT
SimpleMem/conv-49:132,SimpleMem,4,What did Sam offer Evan regarding yoga?,Support and tips,to provide yoga tips or other help anytime Evan needed.,0.16666666666666669,CORRECT
LightMem_official/conv-49:132,LightMem_official,4,What did Sam offer Evan regarding yoga?,Support and tips,Sam offered yoga tips to Evan.,0.25,CORRECT
HiGMem/conv-49:132,HiGMem,4,What did Sam offer Evan regarding yoga?,Support and tips,ongoing support and specific yoga advice,0.28571428571428575,CORRECT
Naive/conv-49:136,Naive,4,"According to Evan, what is important for Sam to believe in concerning his weight?",Your worth is not defined by your weight,your worth,0.4,CORRECT
LightMem_official/conv-49:136,LightMem_official,4,"According to Evan, what is important for Sam to believe in concerning his weight?",Your worth is not defined by your weight,"Believe in oneself, not weight.",0.3076923076923077,CORRECT
LightMem_official/conv-49:138,LightMem_official,4,What did Sam recently start enjoying to clear his head?,running in the mornings,Sam recently started enjoying running.,0.25,CORRECT
A-MEM/conv-49:140,A-MEM,4,How did Evan feel when he painted the piece with the bird flying over it?,a sense of joy and freedom,Joy,0.4,CORRECT
LangMem/conv-49:140,LangMem,4,How did Evan feel when he painted the piece with the bird flying over it?,a sense of joy and freedom,Hopeful,0.0,CORRECT
Naive/conv-49:142,Naive,4,How did Evan describe the process of creating the painting with the bird flying over it?,embracing the creative process without restraint,with a sense of joy and freedom,0.0,CORRECT
Mem0/conv-49:142,Mem0,4,How did Evan describe the process of creating the painting with the bird flying over it?,embracing the creative process without restraint,With a sense of joy and freedom.,0.0,CORRECT
SimpleMem/conv-49:142,SimpleMem,4,How did Evan describe the process of creating the painting with the bird flying over it?,embracing the creative process without restraint,"with a sense of joy and freedom, using spontaneous strokes and bold colors",0.0,CORRECT
HiGMem/conv-49:142,HiGMem,4,How did Evan describe the process of creating the painting with the bird flying over it?,embracing the creative process without restraint,with a sense of joy and freedom,0.0,CORRECT
E-Mem/conv-49:142,E-Mem,4,How did Evan describe the process of creating the painting with the bird flying over it?,embracing the creative process without restraint,With a sense of joy and freedom using spontaneous strokes and bold colors.,0.0,CORRECT
s_parent_single_2000/conv-49:142,s_parent_single_2000,4,How did Evan describe the process of creating the painting with the bird flying over it?,embracing the creative process without restraint,with a sense of joy and freedom,0.0,CORRECT
LangMem/conv-49:143,LangMem,4,What did Evan want to share with his work friends?,getting married,His wedding,0.0,CORRECT
LightMem_official/conv-49:143,LightMem_official,4,What did Evan want to share with his work friends?,getting married,He wanted to share his marriage.,0.0,CORRECT
A-MEM/conv-49:145,A-MEM,4,What did Evan offer to share with Sam after talking about healthy snacks?,the recipes for cookies,More recipes from his cooking class.,0.2222222222222222,CORRECT
LightMem_official/conv-49:151,LightMem_official,4,What movie did Sam watch that motivated him to keep up with his routine?,The Godfather,Sam watched 'Godfather' last night.,0.33333333333333337,CORRECT
LightMem_official/conv-49:152,LightMem_official,4,What activity helped Evan with stress and flexibility?,Yoga,Yoga helped Evan with stress and flexibility.,0.2857142857142857,CORRECT
E-Mem/conv-49:154,E-Mem,4,Why did Evan apologize to his partner?,for a drunken night,Because he had a pee accident near some roses after a drunken night.,0.28571428571428575,CORRECT
LightMem_official/conv-49:155,LightMem_official,4,How does Evan describe being out on the water while kayaking and watching the sunset?,peaceful,He finds it peaceful and unforgettable.,0.33333333333333337,CORRECT
SimpleMem/conv-50:1,SimpleMem,1,What items did Calvin buy in March 2023?,"mansion in Japan, luxury car Ferrari 488 GTB",A new luxury car and a mansion.,0.3650793650793651,CORRECT
LightMem_official/conv-50:1,LightMem_official,1,What items did Calvin buy in March 2023?,"mansion in Japan, luxury car Ferrari 488 GTB",A new car and a mansion,0.29166666666666663,CORRECT
s_parent_single_2000/conv-50:1,s_parent_single_2000,1,What items did Calvin buy in March 2023?,"mansion in Japan, luxury car Ferrari 488 GTB","red sports car, mansion",0.375,CORRECT
Naive/conv-50:2,Naive,2,When did Dave see Aerosmith perform live?,"on the weekend before March 26, 2023",26 March 2023,0.6666666666666666,WRONG
SimpleMem/conv-50:2,SimpleMem,2,When did Dave see Aerosmith perform live?,"on the weekend before March 26, 2023","March 26, 2023",0.6666666666666666,WRONG
E-Mem/conv-50:2,E-Mem,2,When did Dave see Aerosmith perform live?,"on the weekend before March 26, 2023","March 25, 2023",0.4444444444444444,CORRECT
LightMem_official/conv-50:3,LightMem_official,1,Which bands has Dave enjoyed listening to?,"Aerosmith, The Fireworks",Dave enjoys classic rock and Aerosmith.,0.16666666666666669,CORRECT
LightMem_official/conv-50:4,LightMem_official,3,Which country do Calvin and Dave want to meet in?,United States,Japan and Boston (USA),0.0,CORRECT
E-Mem/conv-50:4,E-Mem,3,Which country do Calvin and Dave want to meet in?,United States,The USA,0.0,CORRECT
Naive/conv-50:5,Naive,1,What are Dave's dreams?,"open a car maintenance shop, work on classic cars, build a custom car from scratch",opening a car maintenance shop and working on classic cars,0.49572649572649574,CORRECT
Mem0/conv-50:5,Mem0,1,What are Dave's dreams?,"open a car maintenance shop, work on classic cars, build a custom car from scratch",Restoring things and building a custom car from scratch.,0.39898989898989895,CORRECT
A-MEM/conv-50:5,A-MEM,1,What are Dave's dreams?,"open a car maintenance shop, work on classic cars, build a custom car from scratch",Opening his own shop.,0.16666666666666666,CORRECT
E-Mem/conv-50:5,E-Mem,1,What are Dave's dreams?,"open a car maintenance shop, work on classic cars, build a custom car from scratch",To build a custom car that combines vintage aesthetics with modern technology.,0.21388888888888888,CORRECT
HiGMem/conv-50:7,HiGMem,3,Does Dave's shop employ a lot of people?,Yes,a group of people,0.0,CORRECT
Naive/conv-50:9,Naive,2,When did a mishap occur with Calvin's musical gear and favorite mic?,"On a week before 16 May, 2023",last week,0.25,CORRECT
E-Mem/conv-50:10,E-Mem,2,When did Calvin's place get flooded in Tokyo?,"On a week before 16 May, 2023","The specific date is not recorded, only that it occurred last week relative to May 16, 2023.",0.36363636363636365,CORRECT
LightMem_official/conv-50:11,LightMem_official,1,What mishaps has Calvin run into?,"flooding of his mansion, car accident",Car accident and flooding incident.,0.4583333333333333,CORRECT
HiGMem/conv-50:13,HiGMem,3,Would Calvin enjoy performing at the Hollywood Bowl?,Yes; because he enjoys the rush of performing onstage to large crowds,Concerts are what I live for,0.0,CORRECT
Naive/conv-50:14,Naive,2,When did Calvin meet with the creative team for his new album?,"8 June, 2023",9 June 2023,0.6666666666666666,WRONG
LangMem/conv-50:14,LangMem,2,When did Calvin meet with the creative team for his new album?,"8 June, 2023","June 9, 2023",0.6666666666666666,WRONG
SimpleMem/conv-50:14,SimpleMem,2,When did Calvin meet with the creative team for his new album?,"8 June, 2023",2023-06-08,0.0,CORRECT
Naive/conv-50:15,Naive,1,Why does Dave regularly visit parks?,because it relaxes and calms him,To relax,0.28571428571428575,CORRECT
Mem0/conv-50:15,Mem0,1,Why does Dave regularly visit parks?,because it relaxes and calms him,To relax and admire nature.,0.22222222222222224,CORRECT
LangMem/conv-50:15,LangMem,1,Why does Dave regularly visit parks?,because it relaxes and calms him,To recharge and find mental restoration.,0.0,CORRECT
SimpleMem/conv-50:15,SimpleMem,1,Why does Dave regularly visit parks?,because it relaxes and calms him,To relax and find peace in nature.,0.1818181818181818,CORRECT
LightMem_official/conv-50:15,LightMem_official,1,Why does Dave regularly visit parks?,because it relaxes and calms him,To relax and be surrounded by nature.,0.1818181818181818,CORRECT
HiGMem/conv-50:15,HiGMem,1,Why does Dave regularly visit parks?,because it relaxes and calms him,they recharge me for the entire upcoming week,0.0,CORRECT
E-Mem/conv-50:15,E-Mem,1,Why does Dave regularly visit parks?,because it relaxes and calms him,"To relax, hang out with friends, and capture nature's beauty.",0.28571428571428575,CORRECT
Mem0/conv-50:16,Mem0,2,When did Dave take a trip to mountainous regions?,July 2023,Last month.,0.0,CORRECT
SimpleMem/conv-50:17,SimpleMem,2,When did Calvin have a car incident?,"on the Friday before 21 June, 2023","Friday, 2023-06-16",0.25,CORRECT
E-Mem/conv-50:17,E-Mem,2,When did Calvin have a car incident?,"on the Friday before 21 June, 2023","June 16, 2023",0.4444444444444444,CORRECT
s_parent_single_2000/conv-50:18,s_parent_single_2000,1,How many times has Calvin had to deal with insurance paperwork?,two times,2,0.0,CORRECT
SimpleMem/conv-50:19,SimpleMem,1,Which places or events has Calvin visited in Tokyo?,"music festival, car museum, Shibuya crossing, Shinjuku",Shibuya Crossing and Shinjuku,0.325,CORRECT
s_parent_single_2000/conv-50:19,s_parent_single_2000,1,Which places or events has Calvin visited in Tokyo?,"music festival, car museum, Shibuya crossing, Shinjuku","Tokyo concert, music festival",0.25,CORRECT
A-MEM/conv-50:20,A-MEM,1,Who inspired Dave's passion for car engineering?,His Dad,His dad taking him to a car show when he was 10.,0.3076923076923077,CORRECT
E-Mem/conv-50:20,E-Mem,1,Who inspired Dave's passion for car engineering?,His Dad,Dave's father.,0.0,CORRECT
LangMem/conv-50:21,LangMem,3,Does Calvin wish to become more popular?,Yes; he want's to grow his fanbase,"Yes, he is actively pursuing career advancement by networking to build his fan base.",0.13333333333333333,CORRECT
HiGMem/conv-50:21,HiGMem,3,Does Calvin wish to become more popular?,Yes; he want's to grow his fanbase,grow my fanbase,0.0,CORRECT
E-Mem/conv-50:21,E-Mem,3,Does Calvin wish to become more popular?,Yes; he want's to grow his fanbase,"Yes, Calvin wishes to become more popular.",0.25,CORRECT
HiGMem/conv-50:22,HiGMem,1,Does Calvin want to expand his brand?,yes,expand my brand worldwide,0.0,CORRECT
Naive/conv-50:23,Naive,1,What is Dave's main passion?,auto engineering,cars,0.0,CORRECT
LangMem/conv-50:23,LangMem,1,What is Dave's main passion?,auto engineering,Automotive restoration and engineering.,0.4,CORRECT
LightMem_official/conv-50:23,LightMem_official,1,What is Dave's main passion?,auto engineering,Dave's main passion is working on cars.,0.0,CORRECT
E-Mem/conv-50:23,E-Mem,1,What is Dave's main passion?,auto engineering,Car engineering and car mods.,0.3333333333333333,CORRECT
s_parent_single_2000/conv-50:23,s_parent_single_2000,1,What is Dave's main passion?,auto engineering,working on cars,0.0,CORRECT
Naive/conv-50:25,Naive,2,When did Dave host a card-playing night with his friends?,"on the Friday before 22 August, 2023",Last Friday,0.25,CORRECT
Mem0/conv-50:25,Mem0,2,When did Dave host a card-playing night with his friends?,"on the Friday before 22 August, 2023",Last Friday,0.25,CORRECT
HiGMem/conv-50:25,HiGMem,2,When did Dave host a card-playing night with his friends?,"on the Friday before 22 August, 2023",Last Friday,0.25,CORRECT
E-Mem/conv-50:25,E-Mem,2,When did Dave host a card-playing night with his friends?,"on the Friday before 22 August, 2023","August 18, 2023",0.4444444444444444,CORRECT
Naive/conv-50:26,Naive,2,When did Calvin record a podcast with his friends?,"21 August, 2023",22 August 2023,0.6666666666666666,WRONG
Naive/conv-50:28,Naive,1,What does Calvin do to relax?,"take long drives in his car, embrace nature, fixing cars",long drives,0.16666666666666666,CORRECT
Mem0/conv-50:28,Mem0,1,What does Calvin do to relax?,"take long drives in his car, embrace nature, fixing cars",Works on cars,0.2074074074074074,CORRECT
A-MEM/conv-50:28,A-MEM,1,What does Calvin do to relax?,"take long drives in his car, embrace nature, fixing cars",Driving a red sports car.,0.24444444444444446,CORRECT
LangMem/conv-50:28,LangMem,1,What does Calvin do to relax?,"take long drives in his car, embrace nature, fixing cars",Driving his red sports car and fixing cars.,0.301994301994302,CORRECT
LightMem_official/conv-50:28,LightMem_official,1,What does Calvin do to relax?,"take long drives in his car, embrace nature, fixing cars",He fixes cars and listens to music.,0.2222222222222222,CORRECT
E-Mem/conv-50:28,E-Mem,1,What does Calvin do to relax?,"take long drives in his car, embrace nature, fixing cars",Calvin relaxes by taking long drives and working on cars.,0.23838383838383836,CORRECT
Naive/conv-50:29,Naive,1,What are Dave's hobbies other than fixing cars?,"take a walk, go hiking, listen to favorite albums, live concerts, photography",photography,0.2,CORRECT
Mem0/conv-50:29,Mem0,1,What are Dave's hobbies other than fixing cars?,"take a walk, go hiking, listen to favorite albums, live concerts, photography",Listening to music and attending concerts.,0.14603174603174604,CORRECT
HiGMem/conv-50:29,HiGMem,1,What are Dave's hobbies other than fixing cars?,"take a walk, go hiking, listen to favorite albums, live concerts, photography",photography,0.2,CORRECT
LightMem_official/conv-50:30,LightMem_official,1,What kind of music does Dave listen to?,"classic rock, Japanese music",Dave listens to classic rock.,0.28571428571428575,CORRECT
HiGMem/conv-50:34,HiGMem,2,When did Dave return from San Francisco?,"September 1, 2023","13 September, 2023",0.6666666666666666,WRONG
Mem0/conv-50:35,Mem0,2,When did Calvin book flight tickets to Boston?,last week of August 2023,Last week,0.5714285714285715,WRONG
A-MEM/conv-50:35,A-MEM,2,When did Calvin book flight tickets to Boston?,last week of August 2023,Last week,0.5714285714285715,WRONG
LightMem_official/conv-50:35,LightMem_official,2,When did Calvin book flight tickets to Boston?,last week of August 2023,Before 2 September 2023,0.22222222222222224,CORRECT
HiGMem/conv-50:35,HiGMem,2,When did Calvin book flight tickets to Boston?,last week of August 2023,last week,0.5714285714285715,WRONG
E-Mem/conv-50:35,E-Mem,2,When did Calvin book flight tickets to Boston?,last week of August 2023,Last week,0.5714285714285715,WRONG
Mem0/conv-50:36,Mem0,2,When was Calvin's album released?,"September 11, 2023",On the 11th.,0.0,CORRECT
SimpleMem/conv-50:36,SimpleMem,2,When was Calvin's album released?,"September 11, 2023",2023-09-11,0.0,CORRECT
LightMem_official/conv-50:37,LightMem_official,3,Does Calvin love music tours?,yes,"Yes, Calvin loves music tours.",0.33333333333333337,CORRECT
E-Mem/conv-50:37,E-Mem,3,Does Calvin love music tours?,yes,"Yes, Calvin loves music tours.",0.33333333333333337,CORRECT
Naive/conv-50:38,Naive,2,When did Dave have a great jam session with his band?,"September 14, 2023",15 September 2023,0.6666666666666666,WRONG
A-MEM/conv-50:38,A-MEM,2,When did Dave have a great jam session with his band?,"September 14, 2023",Last night (before 15 September 2023).,0.4444444444444444,CORRECT
LightMem_official/conv-50:38,LightMem_official,2,When did Dave have a great jam session with his band?,"September 14, 2023","Last night before September 15, 2023.",0.4444444444444444,CORRECT
LightMem_official/conv-50:42,LightMem_official,3,"Based on the conversation, did Calvin and Dave have a meeting in Boston between August and November 2023? Answer in yes or no.",No,"No, they did not meet in Boston.",0.25,CORRECT
SimpleMem/conv-50:44,SimpleMem,2,When did Calvin met with local artists in Boston?,"October 3, 2023",2023-10-03,0.0,CORRECT
LangMem/conv-50:45,LangMem,1,What shared activities do Dave and Calvin have?,Working on cars,Music and car restoration,0.3333333333333333,CORRECT
LightMem_official/conv-50:46,LightMem_official,1,What is Dave's favorite activity?,Restoring cars,Fixing broken things to make them awesome.,0.0,CORRECT
Naive/conv-50:49,Naive,1,"When Dave was a child, what did he and his father do in the garage?","tinkering with car engines, restoration and refurbishing cars",restoring an old car,0.47619047619047616,CORRECT
Mem0/conv-50:49,Mem0,1,"When Dave was a child, what did he and his father do in the garage?","tinkering with car engines, restoration and refurbishing cars",restoring an old car,0.47619047619047616,CORRECT
A-MEM/conv-50:49,A-MEM,1,"When Dave was a child, what did he and his father do in the garage?","tinkering with car engines, restoration and refurbishing cars",They restored an old car.,0.41071428571428575,CORRECT
LangMem/conv-50:49,LangMem,1,"When Dave was a child, what did he and his father do in the garage?","tinkering with car engines, restoration and refurbishing cars",Restoring an old car,0.47619047619047616,CORRECT
LightMem_official/conv-50:49,LightMem_official,1,"When Dave was a child, what did he and his father do in the garage?","tinkering with car engines, restoration and refurbishing cars",They restored an old car.,0.41071428571428575,CORRECT
HiGMem/conv-50:49,HiGMem,1,"When Dave was a child, what did he and his father do in the garage?","tinkering with car engines, restoration and refurbishing cars",tinkering with engines,0.42857142857142855,CORRECT
s_parent_single_2000/conv-50:49,s_parent_single_2000,1,"When Dave was a child, what did he and his father do in the garage?","tinkering with car engines, restoration and refurbishing cars",tinkering with engines,0.42857142857142855,CORRECT
Naive/conv-50:51,Naive,2,When did Calvin and Frank Ocean start collaborating?,August 2022,August last year,0.4,CORRECT
HiGMem/conv-50:51,HiGMem,2,When did Calvin and Frank Ocean start collaborating?,August 2022,August last year,0.4,CORRECT
Naive/conv-50:52,Naive,2,When did Calvin plan on travelling to Tokyo the second time?,November 2023,next month,0.0,CORRECT
Mem0/conv-50:52,Mem0,2,When did Calvin plan on travelling to Tokyo the second time?,November 2023,Next month,0.0,CORRECT
HiGMem/conv-50:52,HiGMem,2,When did Calvin plan on travelling to Tokyo the second time?,November 2023,next month after the tour ends,0.0,CORRECT
LangMem/conv-50:53,LangMem,1,Who supports Calvin in tough times?,friends and team,Helpful people around him,0.0,CORRECT
LangMem/conv-50:54,LangMem,1,What does help Calvin stay connected to the creative process?,Calvin stays connected to the creative process by always staying up-to-date on world events and watching documentaries about artists.,"Watching music videos, concerts, and documentaries about artists and their creative process.",0.4347826086956522,CORRECT
HiGMem/conv-50:54,HiGMem,1,What does help Calvin stay connected to the creative process?,Calvin stays connected to the creative process by always staying up-to-date on world events and watching documentaries about artists.,"watching music videos, concerts, and documentaries about artists and their creative process",0.4347826086956522,CORRECT
s_parent_single_2000/conv-50:54,s_parent_single_2000,1,What does help Calvin stay connected to the creative process?,Calvin stays connected to the creative process by always staying up-to-date on world events and watching documentaries about artists.,"Collaborating with others, learning from them, surrounding himself with positive energy and passion, watching music videos, concerts, and documentaries about artists and their creative process, and using a notebook.",0.4347826086956522,CORRECT
SimpleMem/conv-50:55,SimpleMem,2,When did Calvin visit some of the sights in Boston with a former high school friend?,"October 24, 2023","October 25, 2023",0.6666666666666666,WRONG
SimpleMem/conv-50:57,SimpleMem,2,Which hobby did Dave pick up in October 2023?,photography,Buying a vintage camera,0.0,CORRECT
LightMem_official/conv-50:57,LightMem_official,2,Which hobby did Dave pick up in October 2023?,photography,Dave picked up photography.,0.4,CORRECT
Naive/conv-50:58,Naive,1,Which events in Dave's life inspired him to take up auto engineering?,"attending a car show with Dad, working on an old car in a neighbor's garage when he was young, spent a summer restoring an old car with Dad",My dad took me to my first car show when I was 10,0.26111111111111107,CORRECT
Mem0/conv-50:58,Mem0,1,Which events in Dave's life inspired him to take up auto engineering?,"attending a car show with Dad, working on an old car in a neighbor's garage when he was young, spent a summer restoring an old car with Dad",Fixing an old car with his dad,0.46537775949540655,CORRECT
A-MEM/conv-50:58,A-MEM,1,Which events in Dave's life inspired him to take up auto engineering?,"attending a car show with Dad, working on an old car in a neighbor's garage when he was young, spent a summer restoring an old car with Dad",Restoring an old car in a neighbor's garage at age ten.,0.33928571428571425,CORRECT
LangMem/conv-50:58,LangMem,1,Which events in Dave's life inspired him to take up auto engineering?,"attending a car show with Dad, working on an old car in a neighbor's garage when he was young, spent a summer restoring an old car with Dad",His dad taking him to a car show when he was 10.,0.32028619528619523,CORRECT
SimpleMem/conv-50:58,SimpleMem,1,Which events in Dave's life inspired him to take up auto engineering?,"attending a car show with Dad, working on an old car in a neighbor's garage when he was young, spent a summer restoring an old car with Dad",Being taken to his first car show at age 10 and fixing an old car found in a neighbor's garage.,0.2352092352092352,CORRECT
LightMem_official/conv-50:58,LightMem_official,1,Which events in Dave's life inspired him to take up auto engineering?,"attending a car show with Dad, working on an old car in a neighbor's garage when he was young, spent a summer restoring an old car with Dad",Working on cars with his dad.,0.45331139448786506,CORRECT
HiGMem/conv-50:58,HiGMem,1,Which events in Dave's life inspired him to take up auto engineering?,"attending a car show with Dad, working on an old car in a neighbor's garage when he was young, spent a summer restoring an old car with Dad","My dad took me to my first car show when I was 10, and I was wow-ed! I found an old car in a neighbor's garage and asked if I could fix it. That's when my love for car engineering began!",0.3111111111111111,CORRECT
E-Mem/conv-50:58,E-Mem,1,Which events in Dave's life inspired him to take up auto engineering?,"attending a car show with Dad, working on an old car in a neighbor's garage when he was young, spent a summer restoring an old car with Dad","Finding an old car to fix, attending a car show at age 10, and tinkering with engines in his father's garage.",0.37626262626262624,CORRECT
s_parent_single_2000/conv-50:58,s_parent_single_2000,1,Which events in Dave's life inspired him to take up auto engineering?,"attending a car show with Dad, working on an old car in a neighbor's garage when he was young, spent a summer restoring an old car with Dad","finding an old car in a neighbor's garage, his dad taking him to his first car show when he was 10",0.40975364504776274,CORRECT
LightMem_official/conv-50:63,LightMem_official,1,What style of guitars does Calvin own?,"custom-made yellow guitar with an octopus on it, shiny purple guitar",Custom-made with octopus design,0.2727272727272727,CORRECT
HiGMem/conv-50:64,HiGMem,1,What activities has Dave participated in with his friends?,"weekly visits to local parks, countryside roadtrip, celebration of the opening of his car maintenance shop, card-playing nights",hanging out with friends at parks,0.04545454545454545,CORRECT
E-Mem/conv-50:64,E-Mem,1,What activities has Dave participated in with his friends?,"weekly visits to local parks, countryside roadtrip, celebration of the opening of his car maintenance shop, card-playing nights","hanging out at parks, regular walks, road trips, card-nights, music festivals, and conferences",0.05555555555555556,CORRECT
s_parent_single_2000/conv-50:64,s_parent_single_2000,1,What activities has Dave participated in with his friends?,"weekly visits to local parks, countryside roadtrip, celebration of the opening of his car maintenance shop, card-playing nights","card-night, hanging out at parks, regular walks in the park, road trip",0.05555555555555556,CORRECT
Naive/conv-50:65,Naive,2,When did Dave take a photo of a Boston clock tower?,September 2023,last month,0.0,CORRECT
Mem0/conv-50:65,Mem0,2,When did Dave take a photo of a Boston clock tower?,September 2023,Last month,0.0,CORRECT
SimpleMem/conv-50:65,SimpleMem,2,When did Dave take a photo of a Boston clock tower?,September 2023,Last month,0.0,CORRECT
LightMem_official/conv-50:65,LightMem_official,2,When did Dave take a photo of a Boston clock tower?,September 2023,Dave took the photo last month.,0.0,CORRECT
HiGMem/conv-50:65,HiGMem,2,When did Dave take a photo of a Boston clock tower?,September 2023,last month,0.0,CORRECT
E-Mem/conv-50:65,E-Mem,2,When did Dave take a photo of a Boston clock tower?,September 2023,"Last month (relative to October 29, 2023).",0.22222222222222224,CORRECT
Naive/conv-50:69,Naive,2,When did Dave buy a vintage camera?,November 2023,this month,0.0,CORRECT
Mem0/conv-50:69,Mem0,2,When did Dave buy a vintage camera?,November 2023,This month,0.0,CORRECT
LightMem_official/conv-50:69,LightMem_official,2,When did Dave buy a vintage camera?,November 2023,Dave bought it this month.,0.0,CORRECT
HiGMem/conv-50:69,HiGMem,2,When did Dave buy a vintage camera?,November 2023,this month,0.0,CORRECT
Naive/conv-50:70,Naive,2,When did Calvin attend a gala in Boston?,"November 16, 2023",17 November 2023,0.6666666666666666,WRONG
A-MEM/conv-50:70,A-MEM,2,When did Calvin attend a gala in Boston?,"November 16, 2023","November 17, 2023",0.6666666666666666,WRONG
LangMem/conv-50:70,LangMem,2,When did Calvin attend a gala in Boston?,"November 16, 2023","November 17, 2023",0.6666666666666666,WRONG
SimpleMem/conv-50:70,SimpleMem,2,When did Calvin attend a gala in Boston?,"November 16, 2023",On 2023-11-16.,0.0,CORRECT
LightMem_official/conv-50:70,LightMem_official,2,When did Calvin attend a gala in Boston?,"November 16, 2023","Yesterday relative to Nov 17, 2023",0.2222222222222222,CORRECT
A-MEM/conv-50:75,A-MEM,4,"What is Dave's new business venture as of 1 May, 2023?",Car maintenance shop,Teaming up with a local garage.,0.0,CORRECT
Naive/conv-50:76,Naive,4,What type of cars does Dave work on at his shop?,"all kinds of cars, from regular maintenance to full restorations of classic cars",all kinds of cars,0.47058823529411764,CORRECT
Mem0/conv-50:76,Mem0,4,What type of cars does Dave work on at his shop?,"all kinds of cars, from regular maintenance to full restorations of classic cars","All kinds of cars, including classic and vintage models.",0.4761904761904762,CORRECT
A-MEM/conv-50:76,A-MEM,4,What type of cars does Dave work on at his shop?,"all kinds of cars, from regular maintenance to full restorations of classic cars",Classic cars and regular maintenance vehicles.,0.4444444444444444,CORRECT
LangMem/conv-50:76,LangMem,4,What type of cars does Dave work on at his shop?,"all kinds of cars, from regular maintenance to full restorations of classic cars",Restored and modified classic cars,0.3529411764705882,CORRECT
LightMem_official/conv-50:76,LightMem_official,4,What type of cars does Dave work on at his shop?,"all kinds of cars, from regular maintenance to full restorations of classic cars",Classic cars and regular maintenance,0.47058823529411764,CORRECT
HiGMem/conv-50:76,HiGMem,4,What type of cars does Dave work on at his shop?,"all kinds of cars, from regular maintenance to full restorations of classic cars",all kinds of cars,0.47058823529411764,CORRECT
A-MEM/conv-50:78,A-MEM,4,What was the necklace Calvin received meant to remind him of?,why he keeps hustling as a musician,It was a reminder of his passion for music and the amazing friendships he's made.,0.1111111111111111,CORRECT
SimpleMem/conv-50:78,SimpleMem,4,What was the necklace Calvin received meant to remind him of?,why he keeps hustling as a musician,His motivation as a musician.,0.4,CORRECT
LightMem_official/conv-50:79,LightMem_official,4,What does Dave do when he feels his creativity is frozen?,immerse himself in something he loves,Immerse in loved things or take a break.,0.4615384615384615,CORRECT
HiGMem/conv-50:79,HiGMem,4,What does Dave do when he feels his creativity is frozen?,immerse himself in something he loves,"immerse myself in something I love, like concerts or my favorite albums",0.4444444444444444,CORRECT
s_parent_single_2000/conv-50:79,s_parent_single_2000,4,What does Dave do when he feels his creativity is frozen?,immerse himself in something he loves,He immerses himself in concerts or favorite albums and takes a break from music to explore other things.,0.36363636363636365,CORRECT
LangMem/conv-50:80,LangMem,4,How does Calvin plan to jumpstart his inspiration?,explore other things and have some fun,"By watching music videos, concerts, and documentaries about artists.",0.0,CORRECT
E-Mem/conv-50:80,E-Mem,4,How does Calvin plan to jumpstart his inspiration?,explore other things and have some fun,"By staying connected to world events, observing people's struggles, and attending networking events or galas to meet artists.",0.0,CORRECT
s_parent_single_2000/conv-50:80,s_parent_single_2000,4,How does Calvin plan to jumpstart his inspiration?,explore other things and have some fun,"watching music videos, concerts, and documentaries about artists",0.0,CORRECT
Mem0/conv-50:82,Mem0,4,What did Dave open in May 2023?,a car shop,A shop.,0.6666666666666666,WRONG
Naive/conv-50:83,Naive,4,What gives Dave a sense of achievement and purpose?,Fixing up things,Fixing cars,0.4,CORRECT
A-MEM/conv-50:83,A-MEM,4,What gives Dave a sense of achievement and purpose?,Fixing up things,Restoring things.,0.4,CORRECT
LangMem/conv-50:83,LangMem,4,What gives Dave a sense of achievement and purpose?,Fixing up things,Restoration work,0.0,CORRECT
HiGMem/conv-50:83,HiGMem,4,What gives Dave a sense of achievement and purpose?,Fixing up things,fixing stuff up and seeing it turn out better,0.36363636363636365,CORRECT
LightMem_official/conv-50:84,LightMem_official,4,What fuels Calvin's soul?,Performing live,Music touches his soul.,0.0,CORRECT
Naive/conv-50:85,Naive,4,What is Dave doing to relax on weekends?,exploring parks,taking walks,0.0,CORRECT
A-MEM/conv-50:85,A-MEM,4,What is Dave doing to relax on weekends?,exploring parks,Taking walks in the parks.,0.3333333333333333,CORRECT
LangMem/conv-50:85,LangMem,4,What is Dave doing to relax on weekends?,exploring parks,Taking walks in Boston parks.,0.28571428571428575,CORRECT
SimpleMem/conv-50:85,SimpleMem,4,What is Dave doing to relax on weekends?,exploring parks,Taking walks in parks.,0.3333333333333333,CORRECT
LightMem_official/conv-50:85,LightMem_official,4,What is Dave doing to relax on weekends?,exploring parks,Taking walks on weekends.,0.0,CORRECT
E-Mem/conv-50:85,E-Mem,4,What is Dave doing to relax on weekends?,exploring parks,Taking walks in parks.,0.3333333333333333,CORRECT
s_parent_single_2000/conv-50:85,s_parent_single_2000,4,What is Dave doing to relax on weekends?,exploring parks,taking walks,0.0,CORRECT
HiGMem/conv-50:86,HiGMem,4,What sports activity is Calvin planning to try after the tour with Frank Ocean?,Skiing,skis,1.0,WRONG
Naive/conv-50:87,Naive,4,"What was Calvin excited to do after getting his car fixed on 7 July, 2023?",get back on the road,cruising around,0.0,CORRECT
Mem0/conv-50:87,Mem0,4,"What was Calvin excited to do after getting his car fixed on 7 July, 2023?",get back on the road,Driving again.,0.0,CORRECT
SimpleMem/conv-50:87,SimpleMem,4,"What was Calvin excited to do after getting his car fixed on 7 July, 2023?",get back on the road,cruising around,0.0,CORRECT
LightMem_official/conv-50:87,LightMem_official,4,"What was Calvin excited to do after getting his car fixed on 7 July, 2023?",get back on the road,He was excited to cruise around.,0.0,CORRECT
HiGMem/conv-50:87,HiGMem,4,"What was Calvin excited to do after getting his car fixed on 7 July, 2023?",get back on the road,cruising around,0.0,CORRECT
E-Mem/conv-50:87,E-Mem,4,"What was Calvin excited to do after getting his car fixed on 7 July, 2023?",get back on the road,Cruise around,0.0,CORRECT
s_parent_single_2000/conv-50:87,s_parent_single_2000,4,"What was Calvin excited to do after getting his car fixed on 7 July, 2023?",get back on the road,cruising around,0.0,CORRECT
LightMem_official/conv-50:88,LightMem_official,4,What did Calvin and his friends arrange for in the park?,regular walks together,They arranged to take a walk.,0.25,CORRECT
HiGMem/conv-50:88,HiGMem,4,What did Calvin and his friends arrange for in the park?,regular walks together,take a walk,0.4,CORRECT
LightMem_official/conv-50:89,LightMem_official,4,What kind of music has Calvin been creating lately?,experimenting with different genres,Electronic elements and new sounds.,0.0,CORRECT
E-Mem/conv-50:89,E-Mem,4,What kind of music has Calvin been creating lately?,experimenting with different genres,Music focused on capturing people's struggles and emotions as therapy while experimenting with new sounds.,0.22222222222222224,CORRECT
LightMem_official/conv-50:90,LightMem_official,4,How does Calvin describe his process of adding electronic elements to his songs?,gives them a fresh vibe,He finds it exciting and fresh.,0.22222222222222224,CORRECT
Mem0/conv-50:92,Mem0,4,What is Calvin's biggest current goal?,expand his brand worldwide and grow his fanbase,To reach more people through his music.,0.14285714285714285,CORRECT
LangMem/conv-50:92,LangMem,4,What is Calvin's biggest current goal?,expand his brand worldwide and grow his fanbase,Building his fan base,0.18181818181818182,CORRECT
Naive/conv-50:93,Naive,4,What is Dave's advice to Calvin regarding his dreams?,to never forget his dreams,Keep going for your dreams.,0.20000000000000004,CORRECT
SimpleMem/conv-50:93,SimpleMem,4,What is Dave's advice to Calvin regarding his dreams?,to never forget his dreams,Keep chasing his dreams.,0.4444444444444445,CORRECT
E-Mem/conv-50:93,E-Mem,4,What is Dave's advice to Calvin regarding his dreams?,to never forget his dreams,Follow his dreams no matter what others say.,0.3076923076923077,CORRECT
Mem0/conv-50:96,Mem0,4,What type of car did Dave work on during the workshop?,classic muscle car,Ford Mustang,0.0,CORRECT
HiGMem/conv-50:96,HiGMem,4,What type of car did Dave work on during the workshop?,classic muscle car,Ford Mustang,0.0,CORRECT
LightMem_official/conv-50:97,LightMem_official,4,What does Dave say is important for making his custom cars unique?,attention to small details,Dave says details make it unique.,0.2,CORRECT
E-Mem/conv-50:97,E-Mem,4,What does Dave say is important for making his custom cars unique?,attention to small details,"Paying extra attention to details like cleaning, polishing, and protecting.",0.46153846153846156,CORRECT
Naive/conv-50:98,Naive,4,How did the audience in Tokyo react when Calvin sang one of his songs?,Everyone was so into it and sang along,They sang along.,0.4,CORRECT
Mem0/conv-50:98,Mem0,4,How did the audience in Tokyo react when Calvin sang one of his songs?,Everyone was so into it and sang along,The crowd was into the performance.,0.36363636363636365,CORRECT
LangMem/conv-50:98,LangMem,4,How did the audience in Tokyo react when Calvin sang one of his songs?,Everyone was so into it and sang along,The audience loved it.,0.2,CORRECT
SimpleMem/conv-50:98,SimpleMem,4,How did the audience in Tokyo react when Calvin sang one of his songs?,Everyone was so into it and sang along,"They sang along, creating a magical moment.",0.30769230769230765,CORRECT
LightMem_official/conv-50:98,LightMem_official,4,How did the audience in Tokyo react when Calvin sang one of his songs?,Everyone was so into it and sang along,They sang along creating a magical moment.,0.30769230769230765,CORRECT
s_parent_single_2000/conv-50:98,s_parent_single_2000,4,How did the audience in Tokyo react when Calvin sang one of his songs?,Everyone was so into it and sang along,They sang along.,0.4,CORRECT
Mem0/conv-50:100,Mem0,4,Where did Calvin and Frank Ocean record a song together?,In the studio at Calvin's mansion,In a studio.,0.5714285714285715,WRONG
Naive/conv-50:101,Naive,4,What did Calvin and his friends record in August 2023?,a podcast discussing the rap industry,a podcast,0.4,CORRECT
s_parent_single_2000/conv-50:101,s_parent_single_2000,4,What did Calvin and his friends record in August 2023?,a podcast discussing the rap industry,a podcast,0.4,CORRECT
LightMem_official/conv-50:102,LightMem_official,4,Where did Calvin start shooting a video for his new album?,Miami,Miami on an awesome beach,0.4,CORRECT
E-Mem/conv-50:102,E-Mem,4,Where did Calvin start shooting a video for his new album?,Miami,On a beach in Miami.,0.4,CORRECT
LightMem_official/conv-50:103,LightMem_official,4,What design is featured on Calvin's guitar?,octopus,Octopus design by Japanese artist,0.33333333333333337,CORRECT
E-Mem/conv-50:103,E-Mem,4,What design is featured on Calvin's guitar?,octopus,An octopus with a shiny finish.,0.4,CORRECT
Mem0/conv-50:104,Mem0,4,Why did Calvin get his guitar customized with a shiny finish?,unique look,To give the item a unique look that matches his style.,0.3636363636363636,CORRECT
A-MEM/conv-50:104,A-MEM,4,Why did Calvin get his guitar customized with a shiny finish?,unique look,To give it a unique look and match his style.,0.4,CORRECT
LangMem/conv-50:104,LangMem,4,Why did Calvin get his guitar customized with a shiny finish?,unique look,To reflect his unique artistic style.,0.25,CORRECT
SimpleMem/conv-50:104,SimpleMem,4,Why did Calvin get his guitar customized with a shiny finish?,unique look,To match his unique style.,0.28571428571428575,CORRECT
LightMem_official/conv-50:104,LightMem_official,4,Why did Calvin get his guitar customized with a shiny finish?,unique look,To match his personal style.,0.0,CORRECT
HiGMem/conv-50:104,HiGMem,4,Why did Calvin get his guitar customized with a shiny finish?,unique look,"because it gives it a unique look. Plus, it goes with my style.",0.2857142857142857,CORRECT
E-Mem/conv-50:104,E-Mem,4,Why did Calvin get his guitar customized with a shiny finish?,unique look,To give it a unique look and match his style.,0.4,CORRECT
Mem0/conv-50:107,Mem0,4,What emotion does Dave mention feeling when he sees the relief of someone whose car he fixed?,Proud,Satisfaction,0.0,CORRECT
SimpleMem/conv-50:107,SimpleMem,4,What emotion does Dave mention feeling when he sees the relief of someone whose car he fixed?,Proud,Pride,0.0,CORRECT
E-Mem/conv-50:109,E-Mem,4,What is Calvin excited about after the tour?,exploring and growing his brand,Releasing his new album and building his fan base.,0.16666666666666666,CORRECT
Mem0/conv-50:110,Mem0,4,What plans do Calvin and Dave have for when Calvin visits Boston?,Check out Dave's garage and maybe get some ideas for future projects,Dave plans to show Calvin around his garage.,0.2105263157894737,CORRECT
A-MEM/conv-50:110,A-MEM,4,What plans do Calvin and Dave have for when Calvin visits Boston?,Check out Dave's garage and maybe get some ideas for future projects,Dave invites Calvin to catch up and check out his garage.,0.380952380952381,CORRECT
E-Mem/conv-50:110,E-Mem,4,What plans do Calvin and Dave have for when Calvin visits Boston?,Check out Dave's garage and maybe get some ideas for future projects,"Calvin performs, Dave shows him around, visits venues, sees his garage, eats together, and attends the shows.",0.15384615384615383,CORRECT
s_parent_single_2000/conv-50:110,s_parent_single_2000,4,What plans do Calvin and Dave have for when Calvin visits Boston?,Check out Dave's garage and maybe get some ideas for future projects,"Calvin plans to visit Dave's garage to see cool cars and get future project ideas, and they plan to grab food together.",0.3870967741935483,CORRECT
Naive/conv-50:112,Naive,4,How does Dave feel about the reactions of people when they see the finished restoration project?,satisfying and worth the hard work,satisfying,0.4,CORRECT
A-MEM/conv-50:112,A-MEM,4,How does Dave feel about the reactions of people when they see the finished restoration project?,satisfying and worth the hard work,He feels great satisfaction and pride.,0.0,CORRECT
LightMem_official/conv-50:112,LightMem_official,4,How does Dave feel about the reactions of people when they see the finished restoration project?,satisfying and worth the hard work,He finds it makes the work worth it.,0.36363636363636365,CORRECT
HiGMem/conv-50:112,HiGMem,4,How does Dave feel about the reactions of people when they see the finished restoration project?,satisfying and worth the hard work,satisfying,0.4,CORRECT
s_parent_single_2000/conv-50:112,s_parent_single_2000,4,How does Dave feel about the reactions of people when they see the finished restoration project?,satisfying and worth the hard work,satisfied,0.4,CORRECT
LangMem/conv-50:113,LangMem,4,What activity did Calvin enjoy during his summer drives?,feeling the wind blowing through his hair,Enjoying the feeling of the wind and open road.,0.3333333333333333,CORRECT
Mem0/conv-50:115,Mem0,4,What project did Calvin work on to chill out?,A shiny orange car,Restoring his car,0.3333333333333333,CORRECT
LightMem_official/conv-50:115,LightMem_official,4,What project did Calvin work on to chill out?,A shiny orange car,Working on cars to chill out.,0.2222222222222222,CORRECT
Naive/conv-50:117,Naive,4,What does Dave find satisfying about restoring old cars?,Transforming something old and beat-up into something beautiful,bringing them back to life,0.0,CORRECT
LightMem_official/conv-50:117,LightMem_official,4,What does Dave find satisfying about restoring old cars?,Transforming something old and beat-up into something beautiful,He finds the transformation satisfying.,0.18181818181818182,CORRECT
HiGMem/conv-50:117,HiGMem,4,What does Dave find satisfying about restoring old cars?,Transforming something old and beat-up into something beautiful,bringing it back to life,0.0,CORRECT
E-Mem/conv-50:117,E-Mem,4,What does Dave find satisfying about restoring old cars?,Transforming something old and beat-up into something beautiful,"The calm, personal expression, and sense of accomplishment derived from transforming broken cars back to life.",0.09523809523809523,CORRECT
s_parent_single_2000/conv-50:117,s_parent_single_2000,4,What does Dave find satisfying about restoring old cars?,Transforming something old and beat-up into something beautiful,"seeing people react positively to his restored car, the sense of accomplishment, and the feeling of fulfillment from refurbishing cars with his dad",0.0,CORRECT
Naive/conv-50:119,Naive,4,What does working on cars represent for Dave?,Therapy and a way to get away from everyday stress,therapy,0.2222222222222222,CORRECT
Mem0/conv-50:119,Mem0,4,What does working on cars represent for Dave?,Therapy and a way to get away from everyday stress,An oasis of calm,0.0,CORRECT
LangMem/conv-50:119,LangMem,4,What does working on cars represent for Dave?,Therapy and a way to get away from everyday stress,Therapeutic self-expression and a source of deep personal fulfillment.,0.0,CORRECT
SimpleMem/conv-50:119,SimpleMem,4,What does working on cars represent for Dave?,Therapy and a way to get away from everyday stress,An outlet to express himself and connect with himself.,0.13333333333333333,CORRECT
HiGMem/conv-50:119,HiGMem,4,What does working on cars represent for Dave?,Therapy and a way to get away from everyday stress,therapy,0.2222222222222222,CORRECT
E-Mem/conv-50:119,E-Mem,4,What does working on cars represent for Dave?,Therapy and a way to get away from everyday stress,A therapeutic outlet for self-expression and a sanctuary of calm.,0.0,CORRECT
s_parent_single_2000/conv-50:119,s_parent_single_2000,4,What does working on cars represent for Dave?,Therapy and a way to get away from everyday stress,"an outlet to express himself, a little oasis of calm, a way to connect with himself, therapy, a way to get away from everyday stress, a passion, a job, a hobby, a sense of achievement and purpose",0.4444444444444445,CORRECT
Naive/conv-50:120,Naive,4,What does Dave aim to do with his passion for cars?,Take something broken and make it into something awesome,to build a custom car from scratch,0.0,CORRECT
SimpleMem/conv-50:120,SimpleMem,4,What does Dave aim to do with his passion for cars?,Take something broken and make it into something awesome,build a custom car from scratch,0.0,CORRECT
s_parent_single_2000/conv-50:120,s_parent_single_2000,4,What does Dave aim to do with his passion for cars?,Take something broken and make it into something awesome,open a shop and work on classic cars,0.0,CORRECT
LightMem_official/conv-50:121,LightMem_official,4,"What did Calvin recently get that is a ""masterpiece on wheels""?",Ferrari,A new Ferrari last week,0.4,CORRECT
LightMem_official/conv-50:122,LightMem_official,4,Who headlined the music festival that Dave attended in October?,The Fireworks,Dave attended a Fireworks festival in October.,0.2857142857142857,CORRECT
Mem0/conv-50:123,Mem0,4,How does Calvin stay motivated when faced with setbacks?,"Reminds himself of his passion for goals, gets help from others, and takes a break to recharge","By remembering his passion, relying on supportive people, and taking breaks to recharge.",0.4444444444444445,CORRECT
HiGMem/conv-50:123,HiGMem,4,How does Calvin stay motivated when faced with setbacks?,"Reminds himself of his passion for goals, gets help from others, and takes a break to recharge",I remind myself why I'm passionate about my goals. I rely on helpful people around me and take a break to recharge with my favorite activities.,0.4102564102564102,CORRECT
LightMem_official/conv-50:125,LightMem_official,4,Where did Calvin and Dave meet Frank Ocean to start collaborating?,at a festival,Tokyo music festival,0.4,CORRECT
LightMem_official/conv-50:128,LightMem_official,4,What dish does Dave recommend Calvin to try in Tokyo?,ramen,Dave recommends ramen in Tokyo.,0.33333333333333337,CORRECT
LangMem/conv-50:129,LangMem,4,What does Calvin find energizing during the tour?,Performing and connecting with the crowd,Audience energy,0.0,CORRECT
LangMem/conv-50:130,LangMem,4,How does Calvin balance his job and personal life?,Takes it one day at a time,He uses creative work as therapy and relies on supportive people to recharge.,0.0,CORRECT
A-MEM/conv-50:131,A-MEM,4,What inspired Calvin's recent music?,Struggles that people go through,Personal struggles,0.28571428571428575,CORRECT
Naive/conv-50:132,Naive,4,How does Calvin describe his music in relation to capturing feelings?,Express himself and work through his emotions,It's a way for me to express myself and work through my emotions.,0.4705882352941177,CORRECT
Mem0/conv-50:132,Mem0,4,How does Calvin describe his music in relation to capturing feelings?,Express himself and work through his emotions,By digging deeper to capture those feelings.,0.0,CORRECT
A-MEM/conv-50:132,A-MEM,4,How does Calvin describe his music in relation to capturing feelings?,Express himself and work through his emotions,He tries to capture feelings inspired by people's struggles.,0.0,CORRECT
LangMem/conv-50:132,LangMem,4,How does Calvin describe his music in relation to capturing feelings?,Express himself and work through his emotions,Music as a vehicle for emotional expression and connection.,0.30769230769230765,CORRECT
SimpleMem/conv-50:132,SimpleMem,4,How does Calvin describe his music in relation to capturing feelings?,Express himself and work through his emotions,Digging deeper to capture the feelings of people's struggles.,0.0,CORRECT
LightMem_official/conv-50:132,LightMem_official,4,How does Calvin describe his music in relation to capturing feelings?,Express himself and work through his emotions,He captures people's struggles and feelings.,0.0,CORRECT
HiGMem/conv-50:132,HiGMem,4,How does Calvin describe his music in relation to capturing feelings?,Express himself and work through his emotions,to try to capture those feelings,0.0,CORRECT
E-Mem/conv-50:132,E-Mem,4,How does Calvin describe his music in relation to capturing feelings?,Express himself and work through his emotions,A way to dig deeper to capture feelings and work through emotions.,0.37499999999999994,CORRECT
s_parent_single_2000/conv-50:132,s_parent_single_2000,4,How does Calvin describe his music in relation to capturing feelings?,Express himself and work through his emotions,A way for me to express myself and work through my emotions. It's like my own form of therapy.,0.3478260869565218,CORRECT
Naive/conv-50:133,Naive,4,Why did Dave start working on cars?,Fascinated with how machines work,He was fascinated by how machines work and found an old car in a neighbor's garage to fix.,0.4,CORRECT
Mem0/conv-50:133,Mem0,4,Why did Dave start working on cars?,Fascinated with how machines work,Fixing an old car with his dad.,0.1818181818181818,CORRECT
A-MEM/conv-50:133,A-MEM,4,Why did Dave start working on cars?,Fascinated with how machines work,He was fascinated by how machines work after finding and fixing an old car in a neighbor's garage at age ten.,0.3478260869565218,CORRECT
LangMem/conv-50:133,LangMem,4,Why did Dave start working on cars?,Fascinated with how machines work,He was hooked at age 10 after his dad took him to a car show.,0.0,CORRECT
SimpleMem/conv-50:133,SimpleMem,4,Why did Dave start working on cars?,Fascinated with how machines work,He was fascinated by machines since age ten after finding an old car in a neighbor's garage.,0.2,CORRECT
E-Mem/conv-50:133,E-Mem,4,Why did Dave start working on cars?,Fascinated with how machines work,His father taught him mechanics when he was young.,0.0,CORRECT
s_parent_single_2000/conv-50:133,s_parent_single_2000,4,Why did Dave start working on cars?,Fascinated with how machines work,He found an old car in a neighbor's garage at age ten and enjoyed transforming it from broken-down to high-running.,0.0,CORRECT
HiGMem/conv-50:134,HiGMem,4,What is the toughest part of car restoration according to Dave?,Paying extra attention to detail,"It takes a lot of patience, but the payoff is worth it. Paying extra attention to detail isn't easy, but it pays off.",0.3846153846153846,CORRECT
LightMem_official/conv-50:135,LightMem_official,4,What does Calvin believe makes an artist create something extraordinary?,Paying attention to small details,Small details make a difference.,0.4444444444444445,CORRECT
Naive/conv-50:138,Naive,4,How did Calvin feel about performing with someone he admires?,"Unreal, like a dream come true",unreal,0.33333333333333337,CORRECT
HiGMem/conv-50:138,HiGMem,4,How did Calvin feel about performing with someone he admires?,"Unreal, like a dream come true",amazing experience,0.0,CORRECT
LightMem_official/conv-50:139,LightMem_official,4,What realization did the nightclub experience bring to Calvin?,"how much music means to him, it's like his passion and purpose",It revealed music as his passion.,0.4705882352941177,CORRECT
HiGMem/conv-50:139,HiGMem,4,What realization did the nightclub experience bring to Calvin?,"how much music means to him, it's like his passion and purpose",it makes me want to keep pushing my music,0.3,CORRECT
E-Mem/conv-50:139,E-Mem,4,What realization did the nightclub experience bring to Calvin?,"how much music means to him, it's like his passion and purpose",That music is his passion and purpose.,0.4705882352941177,CORRECT
s_parent_single_2000/conv-50:139,s_parent_single_2000,4,What realization did the nightclub experience bring to Calvin?,"how much music means to him, it's like his passion and purpose",Music is his passion and his purpose.,0.4705882352941177,CORRECT
Mem0/conv-50:140,Mem0,4,What do Dave and Calvin agree on regarding their pursuits?,It's fulfilling and motivating,They agreed to keep pushing for their goals.,0.0,CORRECT
A-MEM/conv-50:140,A-MEM,4,What do Dave and Calvin agree on regarding their pursuits?,It's fulfilling and motivating,They agree that hard work and dedication make their pursuits worthwhile.,0.0,CORRECT
E-Mem/conv-50:140,E-Mem,4,What do Dave and Calvin agree on regarding their pursuits?,It's fulfilling and motivating,That their pursuits are fulfilling and motivating.,0.4444444444444444,CORRECT
Mem0/conv-50:142,Mem0,4,What did Calvin do recently at his Japanese house?,Threw a small party for his new album,He held a party.,0.2,CORRECT
Mem0/conv-50:144,Mem0,4,What is Dave's way to share his passion with others?,Through a blog on car mods,Blogging,0.33333333333333337,CORRECT
SimpleMem/conv-50:144,SimpleMem,4,What is Dave's way to share his passion with others?,Through a blog on car mods,By sharing knowledge and helping others unleash creativity.,0.0,CORRECT
LightMem_official/conv-50:144,LightMem_official,4,What is Dave's way to share his passion with others?,Through a blog on car mods,He helps others with their rides.,0.0,CORRECT
s_parent_single_2000/conv-50:147,s_parent_single_2000,4,What tools does Calvin use to boost his motivation for music?,Writing lyrics and notes,"Collaborating with others, learning from them, surrounding himself with positive energy and passion, watching music videos, concerts, and documentaries about artists and their creative process, and using a notebook.",0.0,CORRECT
Mem0/conv-50:148,Mem0,4,What type of content does Dave post on his blog that inspired others to start their own DIY projects?,How he made his car look like a beast,Car mods and restorations,0.18181818181818182,CORRECT
LangMem/conv-50:148,LangMem,4,What type of content does Dave post on his blog that inspired others to start their own DIY projects?,How he made his car look like a beast,Car mods and DIY transformations,0.16666666666666666,CORRECT
SimpleMem/conv-50:148,SimpleMem,4,What type of content does Dave post on his blog that inspired others to start their own DIY projects?,How he made his car look like a beast,Car mods,0.2,CORRECT
Mem0/conv-50:149,Mem0,4,What kind of impact does Dave's blog on car mods have on people?,It inspires others to start their DIY projects,Inspiring,0.2222222222222222,CORRECT
SimpleMem/conv-50:149,SimpleMem,4,What kind of impact does Dave's blog on car mods have on people?,It inspires others to start their DIY projects,Inspires people to find creativity.,0.3076923076923077,CORRECT
HiGMem/conv-50:149,HiGMem,4,What kind of impact does Dave's blog on car mods have on people?,It inspires others to start their DIY projects,helping others unleash their creativity,0.3076923076923077,CORRECT
Naive/conv-50:153,Naive,4,What type of photos does Dave like to capture with his new camera?,"Nature - sunsets, beaches, waves",the beauty of nature,0.28571428571428575,CORRECT
A-MEM/conv-50:153,A-MEM,4,What type of photos does Dave like to capture with his new camera?,"Nature - sunsets, beaches, waves",Scenery,0.0,CORRECT
E-Mem/conv-50:155,E-Mem,4,What did Calvin discuss with the cool artist he met at the gala?,Music and art,"Their favorite artists, art, and how the power of music connects them all.",0.3076923076923077,CORRECT
