reader,id,conv_id,category,question,gold,prediction,official_f1,finish_reason,read_tokens,input_tokens,output_tokens,generation_cache_key
legacy,conv-26:0,conv-26,2,When did Caroline go to the LGBTQ support group?,7 May 2023,7 May 2023,1.0,stop,2029,2140,8,20afa54db76de3977674301ac23204101cd255b133d0d389d29f26dbab8b9130
legacy,conv-26:4,conv-26,1,What is Caroline's identity?,Transgender woman,trans,0.0,stop,2030,2137,2,23e16228c222bc56465a6ae3fb5d6741ddb02dba5b31bcdd9afa50b02da90b44
legacy,conv-26:20,conv-26,2,When did Melanie go to the museum?,5 July 2023,5 July 2023,1.0,stop,2031,2140,8,897cf729167f6190d37d4830decae145e734c965a35772a5dd93bdbe0c521a31
legacy,conv-26:27,conv-26,3,Would Caroline pursue writing as a career option?,"LIkely no; though she likes reading, she wants to be a counselor",unknown,0.0,stop,2031,2141,2,4dba490350fcf1aab4211902272cfef3e0c29e2c15352e825ee786e683e08c46
legacy,conv-26:32,conv-26,1,What LGBTQ+ events has Caroline participated in?,"Pride parade, school speech, support group","LGBTQ conference, LGBTQ support group, LGBTQ+ counseling workshop, LGBTQ activist group, LGBTQ art show",0.26666666666666666,stop,2027,2137,22,5e973a72f736a75ed7430942782fac8da8497c43e61c514b34192e86196b532d
legacy,conv-26:35,conv-26,2,When did Melanie go camping in July?,two weekends before 17 July 2023,"17 July 2023, 6 July 2023, 15 July 2023, 20 July 2023",0.3333333333333333,stop,2048,2157,38,d7c5ebe6b30c5876d28262d06f9d551ab88c408aa68c96edbff1fcb02805237f
legacy,conv-26:60,conv-26,1,What instruments does Melanie play?,clarinet and violin,"clarinet, violin",0.6666666666666666,stop,2048,2155,5,db148868e0713fada2a8f107a21aa2c31c27919cd0f69581e45daa4a57a68d6a
legacy,conv-26:62,conv-26,2,When did Melanie go to the park?,27 August 2023,27 August 2023,1.0,stop,2025,2134,9,6986d4f5d74d1ed12b9d78ce3d2efe2e3e8eeb3cf05433de1a24dbdb687a8553
legacy,conv-26:68,conv-26,2,How long has Melanie been practicing art?,Since 2016,Seven years,0.0,stop,2048,2157,3,78d5b3fda4ecff7a1c1e84363bc8f285837125eb26b82629a2ad92ee5a3ab8e9
legacy,conv-26:69,conv-26,3,What personality traits might Melanie say Caroline has?,"Thoughtful, authentic, driven",Courageous,0.0,stop,2044,2154,4,7c37715723ec58007d7b52c1038216b3fed1f4aef6ede017140562cf6cce0ecd
legacy,conv-26:70,conv-26,1,What transgender-specific events has Caroline attended?,"Poetry reading, conference","transgender poetry reading, transgender conference",0.7333333333333334,stop,2030,2139,8,35094de555bd4ac4ec2405cc3d94a5e8a977eb7a51fd5f0d101f2f789fb4e399
legacy,conv-26:71,conv-26,1,What book did Melanie read from Caroline's suggestion?,"""Becoming Nicole""",unknown,0.0,stop,2031,2142,2,82d0a5a189cb9dea6b1b54ea103b17e9800f96e99775ddb2de05a4ec06cd67aa
legacy,conv-26:72,conv-26,2,When did Melanie's friend adopt a child?,2022,2022,1.0,stop,2043,2153,5,c684326e38fabfad5329a9561d0f7dab038bdc353a2efae22dfe2435dbada47d
legacy,conv-26:74,conv-26,2,When did Melanie's family go on a roadtrip?,The weekend before 20 October 2023,this past weekend,0.25,stop,2043,2155,4,d71321998b15591cf9fb65a66a862078ad4b9bf464d000df2c21cb36945a313d
legacy,conv-26:75,conv-26,1,How many children does Melanie have?,3,3,1.0,stop,2031,2139,2,7532ad8f0af3f19d887f5b160727aab9233c3395f5fd7fd0b8b7405ab327db01
legacy,conv-26:78,conv-26,1,What items has Melanie bought?,"Figurines, shoes",pink sneakers,0.0,stop,2048,2155,3,f58f6fe050aa138acacf82eb4a75a603c6bfb233c34dd68d28f1cb049199cd25
legacy,conv-26:81,conv-26,3,Would Caroline want to move back to her home country soon?,No; she's in the process of adopting children.,unknown,0.0,stop,2030,2143,2,76f9d4ae77385789914f911ec5411e11dee57e3249d033ddeea6cbc5b8a31aeb
legacy,conv-26:84,conv-26,4,How does Melanie prioritize self-care?,"by carving out some me-time each day for activities like running, reading, or playing the violin","Running, reading, or playing her violin",0.47619047619047616,stop,2030,2138,9,df6d29ab44845d3f0840ac9289cde46617f3cfe49c57db4795f4536a63457df4
legacy,conv-26:85,conv-26,4,What are Caroline's plans for the summer?,researching adoption agencies,Planning a special trip for just the two of them to explore nature,0.0,stop,2032,2142,14,8f5066a2912ef231c424f6ec3a9fa5c66c5a48b3b511dbafb3843afd45298d16
legacy,conv-26:86,conv-26,4,What type of individuals does the adoption agency Caroline is considering support?,LGBTQ+ individuals,LGBTQ+ folks,0.5,stop,2032,2146,6,26aa1cd17a69c4aabf74bb30143e68ff7e071fb65b1808d8ff3c841a7b793566
legacy,conv-26:101,conv-26,4,Did Melanie make the black and white bowl in the photo?,Yes,Yes,1.0,stop,2044,2157,2,d60948d210de4e7fa772f552758ad0bd29e3d6f9ff5557637134ed7ce8d86d54
legacy,conv-26:108,conv-26,4,What does Melanie say running has been great for?,Her mental health,"her headspace, mental health, destress, clear my mind",0.5454545454545454,stop,2047,2158,14,6dc1e210e7863924191a1643c8f0bb4130932671e6548ef24804a8dace3e9965
legacy,conv-26:113,conv-26,4,What did Caroline see at the council meeting for adoption?,many people wanting to create loving homes for children in need,so many people wanted to create loving homes for children in need,0.9565217391304348,stop,2036,2148,13,881cc617a9e64b07fc0a1a1467074d49a280ab4017fd79298f25ea48c02cdd2e
legacy,conv-26:115,conv-26,4,Why are flowers important to Melanie?,They remind her to appreciate the small moments and were a part of her wedding decor,"They represent growth, beauty and reminding us to appreciate the small moments.",0.5217391304347826,stop,2046,2154,15,8293870b98a9157b2aa5a45352f653e6e1f8bd038f88925ae24b195628347dd8
legacy,conv-26:120,conv-26,4,Whose birthday did Melanie celebrate recently?,Melanie's daughter,her daughter,0.5,stop,2041,2150,3,7873352d680b1e57f556d43b98fda7e7007b54c45566e8494d59138c678cb9c4
legacy,conv-26:121,conv-26,4,Who performed at the concert at Melanie's daughter's birthday?,Matt Patterson,Matt Patterson,1.0,stop,2047,2160,3,5c51969c23edfa770377b9c7faec24abc6ad55ba9f4c50844bb50e67035b657e
legacy,conv-26:130,conv-26,4,Which  classical musicians does Melanie enjoy listening to?,Bach and Mozart,"Bach, Mozart",1.0,stop,2047,2158,5,972b1fbc276a4d6cc535fc822572f03016d4fb6c74487aeab14df5a6fbd9d1c0
legacy,conv-26:138,conv-26,4,"What kind of painting did Caroline share with Melanie on October 13, 2023?",An abstract painting with blue streaks on a wall.,abstract,0.25,stop,2048,2170,2,048ceade3f93794674393b34ba9f63fbbdc8cc39ab797d9ed1f2b3b17b812d7c
legacy,conv-26:140,conv-26,4,What did the posters at the poetry reading say?,"""Trans Lives Matter""",trans lives matter,1.0,stop,2047,2158,4,ee2ce6f26a78fc53309caac7d3966d5b1053d46b25e6d92928128c8eff958dba
legacy,conv-26:142,conv-26,4,How do Melanie and Caroline describe their journey through life together?,An ongoing adventure of learning and growing.,learning and exploring,0.2857142857142857,stop,2048,2161,4,a8f7f5a874501d4ec2550591ad6669d56e19a4f24203ae6348252229cb891ca8
legacy,conv-26:149,conv-26,4,What do Melanie's family give her?,Strength and motivation,"motivation, support, love, strength",0.6666666666666666,stop,2048,2157,9,fdfab55c0ec93d14d4356e21470c2f849bbc17d72eb7e0de3368181d9879e1e5
legacy,conv-30:0,conv-30,2,When Jon has lost his job as a banker?,"19 January, 2023",19 January 2023,1.0,stop,2048,2159,9,f8f063fd7694ad88169318bceb4860e9b722caf0617235c6304607f79987a566
legacy,conv-30:21,conv-30,2,"When did Jon start reading ""The Lean Startup""?","May, 2023",unknown,0.0,stop,2043,2154,2,d048e2440f9a6bcae6b0d302ba24774e820f31fe3742c11aceec9494bbba40b3
legacy,conv-30:27,conv-30,1,Did Jon and Gina both participate in dance competitions?,Yes,Yes,1.0,stop,2040,2151,2,a54c88e8810ac7ed00a6e436f10c6293715d91462bec4c6d8bbf85fe97d5ca7c
legacy,conv-30:29,conv-30,1,Which cities has Jon visited?,"Paris, Rome","Paris, Rome",1.0,stop,2043,2150,4,34c2569778841dcf3225056bbba69e44a0a7e7a820b22c2f1671bf6d3628a023
legacy,conv-30:30,conv-30,2,When Jon is planning to open his dance studio?,"20 June, 2023",20 June 2023,1.0,stop,2031,2142,9,5ce9b8b4974704833e90a49013b974a07980db6bbca83d875c357b544022bee9
legacy,conv-30:35,conv-30,2,When did Jon start learning marketing and analytics tools?,"July, 2023",9 July 2023,0.8,stop,2043,2154,8,e8d18e731251480b82dcbbbb439223959a2f204175da553211f22a0e77cf3b0d
legacy,conv-30:36,conv-30,2,When did Jon and Gina decide to collaborate to create dance content?,21 July 2023,21 July 2023,1.0,stop,2036,2150,9,11126ea6972f1444742a6f4f11c1cb3b1c2b36d38bd8dac11f1ee94df9f6b294
legacy,conv-30:41,conv-30,4,What was Gina's favorite dancing memory?,Winning first place at a regionals dance competition,winning first place at a regional competition when she was fifteen,0.7058823529411765,stop,2026,2135,13,4ceb034d0ce1b4ee5cdbb867f1135a7299722a35469d1a0cd803cd819c521427
legacy,conv-30:46,conv-30,4,What kind of flooring is Jon looking for in his dance studio?,Marley flooring,Marley flooring,1.0,stop,2048,2162,4,62745abc4aebb4194fc6d2cbdc136b3e493dc64f7fc49375ddd58980f5101b0f
legacy,conv-30:59,conv-30,4,Why did Gina combine her clothing business with dance?,she is passionate about dance and fashion,"She is passionate about dance and fashion, and combining them lets her show her creativity and share her love with others.",0.5,stop,2047,2158,24,a51bf5ac1352388887187fc9b1b6b313129d3d7383fc39f1549fe342ba89e9dd
legacy,conv-30:64,conv-30,4,Where is Gina's fashion internship?,fashion department of an international company,fashion department of an international company,1.0,stop,2048,2156,8,c4373f8b33d9fb477d77de486d95389cec8c6544f54e8bda368fccd3782aa80d
legacy,conv-30:66,conv-30,4,What is Jon offering to the dancers at his dance studio?,One-on-one mentoring and training,one-on-one mentoring and training,1.0,stop,2046,2159,7,5a12b5854cea7a43b231326759b30334b25b39997e2c56288d6afa74d220913e
legacy,conv-30:70,conv-30,4,What is Jon working on opening?,a dance studio,a dance studio,1.0,stop,2033,2141,4,2248204f0b06f8b33110aded9760fa10a89cf4219605cf3842f7e9c9347d8ca2
legacy,conv-30:75,conv-30,4,What does Gina say to Jon about the grand opening?,Let's live it up and make some great memories,Can't wait to have fun at your dance studio!,0.0,stop,2045,2157,12,c7b4cf03887d73add1f7b31d9326454450c8016f930b6ee9ff03f9d15bccb394
legacy,conv-30:77,conv-30,4,What did Gina make a limited edition line of?,Hoodies,hoodie,1.0,stop,2033,2144,3,f16020d270232ca8a073a0ef40e3ec6fe99c44d6777b209d9a6f52b883f033db
legacy,conv-41:6,conv-41,1,Where has Maria made friends?,"homeless shelter, gym, church","church, gym, homeless shelter",1.0,stop,2046,2153,7,f2c19a66a04ae4e07a3f2f5daa06cd2d69e1660907ef8a07cb7e96a575798652
legacy,conv-41:9,conv-41,1,Who gave Maria's family money when she was younger and her family was going through tough times?,Her aunt,her auntie,0.5,stop,2028,2148,4,27dad69e6a10cd1f8fab0be3b2b8f5500a5fbe441d4ee7812d30408181ceb844
legacy,conv-41:15,conv-41,1,What writing classes has Maria taken?,"Poetry, creative writing","creative writing, poetry",1.0,stop,2045,2153,5,679c6e86563925d23e5b611b75347d21756593e9a96f40df2d8b7d7acb754b75
legacy,conv-41:16,conv-41,2,When did John get his degree?,The week before 2 April 2023,March 2023,0.2857142857142857,stop,2034,2142,7,7ed2782b577b7bb8593b48d4598ad3ac6b455b959e458f1df1b8aeabb5e9f4d4
legacy,conv-41:18,conv-41,1,Who did John go to yoga with?,Rob,a colleague,0.0,stop,2034,2143,3,d6346f57aabca35601df78bcc9b26a13510c4f76f021eb8577d19ee7f35814a8
legacy,conv-41:20,conv-41,2,When did John take a road trip to the Pacific Northwest?,2022,2022,1.0,stop,2035,2148,5,08bf68f7a9e89ceead9dce3b5b7d90b57b5236b9707a4de8ae96df1f2f037121
legacy,conv-41:21,conv-41,1,What areas of the U.S. has John been to or is planning to go to?,"Pacific northwest, east coast",East Coast,0.5,stop,2045,2164,3,0498c82e0e43290ca78f2b26b7beb3524ee0b23977ff856eb4df2d37f91d2634
legacy,conv-41:24,conv-41,2,When did John start boot camp with his family?,April.2023,April 2023,0.0,stop,2041,2152,7,915850f463c63b497b95edfb49759979c269a1407263e98fd4725b6808d4db5c
legacy,conv-41:30,conv-41,1,What shelters does Maria volunteer at?,"The homeless shelter, the dog shelter","homeless shelter, local dog shelter",0.9,stop,2046,2154,8,e6e0a2324db668bb5235ffd20d9148bd79cd5170867df39df33e7e3e7a794779
legacy,conv-41:41,conv-41,3,Does John live close to a beach or the mountains?,beach,unknown,0.0,stop,2027,2139,2,1c9c498170a4437e789af765a428e397bd86edc884a459861b22e98c81ce4f6d
legacy,conv-41:46,conv-41,2,When did Maria go hiking with her church friends?,The weekend before 22 July 2023,22 July 2023,0.75,stop,2047,2158,9,d373764f7e522045e4aee1f5801c33e0eb01dcbc0a6db52b525ac20102732397
legacy,conv-41:50,conv-41,3,What attributes describe John?,"Selfless, family-oriented, passionate, rational","Inspiring, motivating, passionate, supportive, community-focused, growth-oriented, resilient, grateful, and family-oriented.",0.3076923076923077,stop,2044,2150,24,32be7ff4ddff2c6ab5f81b6aa97956ff79e107e3c4ac6dd4227dd03d754e0eb7
legacy,conv-41:58,conv-41,2,When did Maria get Coco?,Two weeks before 11 August 2023,28 July 2023,0.2222222222222222,stop,2044,2151,9,961c0f9a0148f215ad1789aa9051345da84ac82b0500468873ffe7ceee8b34a8
legacy,conv-41:67,conv-41,4,How did the extra funding help the school shown in the photo shared by John?,"Enabled needed repairs and renovations, making the learning environment safer and more modern for students.","It enabled needed repairs and renovations, making the learning environment safer and more modern for students.",0.96,stop,2039,2156,19,e79745a0c4cb2104c8ca7d11cd166f6e2f791dc706a4e8c760e66b57ba8fdd1f
legacy,conv-41:79,conv-41,4,How often does John take his kids to the park?,A few times a week,a few times a week,1.0,stop,2047,2159,6,d792e4819c3eac6778bc2fb0646ce30bf8d7060d222b9ea45bbd38dd5438c7f5
legacy,conv-41:80,conv-41,4,What did Maria make for her home to remind her of a trip to England?,painting of a castle on a hill,a painting of a castle on a hill,1.0,stop,2033,2150,9,65db27628f1af162ee15e3e558895fa700a474be7df13a74a1d2e0bc46e7b6c1
legacy,conv-41:83,conv-41,4,What areas is John particularly interested in for policymaking?,education and infrastructure,"education, infrastructure",1.0,stop,2043,2155,4,52d24ee78c9e45ef534a6fc181a2fb9a194632cf6c78da7afefc81734dee55ad
legacy,conv-41:85,conv-41,4,What event did John volunteer at last weekend?,career fair at a local school,community event to raise money for a good cause,0.0,stop,2047,2157,10,17e1ecf5048b5f020e99510fd98f930cf219cd33ff70c9b67b8a9e5b15b89f04
legacy,conv-41:92,conv-41,4,How often does John work out with his family?,Three times a week,Three times a week,1.0,stop,2030,2141,5,d7d5151f2211e63ddb826485d6fba44b4f08fbaeac73f6be8852915fd04d3e10
legacy,conv-41:96,conv-41,4,What did Maria do to feel closer to a community and her faith?,joined a nearby church,"joined a nearby church, bought a cross necklace",0.6666666666666666,stop,2025,2140,10,e088cd4716f029d79488e8b6c84d8c864b7dd519772a0e5218a01f9416c466c5
legacy,conv-41:97,conv-41,4,Why did Maria join a nearby church recently?,to feel closer to a community and her faith,to feel closer to a community and her faith,1.0,stop,2043,2153,10,59ef45852539486c02bd2f2dfe185498f8d0336aea5315b6ab9be35a32217dcd
legacy,conv-41:106,conv-41,4,What important values does John want to teach his kids through adopting a rescue dog?,Responsibility and compassion,responsibility and compassion,1.0,stop,2047,2164,5,53a9c1d6913d7ec7b6f6dbb0abcf499a27ba02ab6d9db161a8b921bd8db2328c
legacy,conv-41:115,conv-41,4,What kind of event did John and his family attend in June 2023?,live music event,live music event,1.0,stop,2047,2166,4,f1de047aa87b5964c555304ea39725c38a7cb62546e04058c35370c7248df820
legacy,conv-41:116,conv-41,4,Why did Maria need to help her cousin find a new place to live?,Her cousin had to leave and find a new place in a hurry.,A car ran a red light and hit them,0.0,stop,2042,2158,10,fba78545913bdf17713247d53ed6617de1fb4bd85f4c70b2eb374088be2ebe5a
legacy,conv-41:117,conv-41,4,What event did John participate in to show support for veterans' rights?,marching event,marching event for veterans' rights,0.5714285714285714,stop,2033,2148,8,46b51042708b3a0922952447882e5a132070f7749f4554c57a3202646791088a
legacy,conv-41:118,conv-41,4,What inspired John to join the marching event for veterans' rights?,Respect for the military and the desire to show support,great respect for the military,0.5454545454545454,stop,2043,2157,6,1e0021dbbecd66092e688b65c18bc40952b53437c4139fa1d61835620ee4ef3f
legacy,conv-41:122,conv-41,4,"What motivated Maria and John to discuss potential solutions for their community on 7 July, 2023?",Flood in John's old area,John's old area was hit by a nasty flood the week before 7 July 2023 (26 June 2023 to 2 July 2023).,0.32,stop,2048,2172,41,9965614e781ec6d5693ca9c1ce41f9ca52d4a9789d1264d4711dec4e1662f10e
legacy,conv-41:137,conv-41,4,What happened to John's job in August 2023?,John lost his job at the mechanical engineering company.,He lost his job at a mechanical engineering company because the company tanked.,0.7368421052631579,stop,2031,2146,16,4bcc1f7870adc40808ad0b2e3c8b9a55aff4718e618ce7d141edd5f1651e3c75
legacy,conv-41:138,conv-41,4,What activity did Maria take up with her friends from church in August 2023?,community work,community work,1.0,stop,2048,2168,3,0ca55f8752d53c763c88cb38ceb0cb9b0b7e500b20f493df6cb53b70c124cf4b
legacy,conv-41:150,conv-41,4,What activities does John's family enjoy doing together?,"going for hikes, hanging out at the park, having picnics, playing board games, having movie nights","hiking, hanging out at the park, having picnics, playing board games, having movie nights, climbing, sliding, playing games",0.8125,stop,2033,2144,29,0e22c8cdc453a3a20bd4c12394aa2bb6ea93b30be486ed7706b46d0c9e34799d
legacy,conv-42:1,conv-42,1,What kind of interests do Joanna and Nate share?,"Watching movies, making desserts","movies, video games",0.3333333333333333,stop,2047,2158,5,29099b156ca8314066dd2b71fae2b773c19f0977847ec6812b8d02649262ac71
legacy,conv-42:2,conv-42,2,"When did Joanna first watch ""Eternal Sunshine of the Spotless Mind?",2019,unknown,0.0,stop,2034,2150,2,bbc92eda4029acc42699d6e8d23ee2fb668233f6867c2b863ba175d4aebeddc0
legacy,conv-42:6,conv-42,2,How long has Nate had his first two turtles?,three years,3 years,0.5,stop,2033,2144,3,0d3cd87e408a483325d0aa7088382342bd4581baae96d49e7daacb610324bc71
legacy,conv-42:11,conv-42,1,What is Joanna allergic to?,"Most reptiles,animals with fur,cockroaches, dairy","reptiles, animals with fur, cockroaches, turtles",0.6666666666666666,stop,2047,2154,14,ca7aa21276943319b91bfeeeb670a484a6089ceb515b05b732c75ea971449da5
legacy,conv-42:24,conv-42,2,When is Nate hosting a gaming party?,"The weekend after 3June, 2022.",19 June 2022,0.2857142857142857,stop,2048,2157,9,737f0097424f04893299d409d6ae1d3a325d6cc4eb56218c8012d0dc79d9aa83
legacy,conv-42:28,conv-42,2,When did Nate make vegan icecream and share it with a vegan diet group?,"The Friday before 24June, 2022.",24 June 2022,0.2857142857142857,stop,2031,2148,9,2cbc0f9e3bdb923c66cef32bbec141376c2df51271fe0350a345f7cf8ba697e3
legacy,conv-42:32,conv-42,2,Where did Joanna travel to in July 2022?,Woodhaven,Woodhaven,1.0,stop,2033,2147,3,c208134d5c7b65eb52cd6f3ad1c6579bf1bd5c987481c7a97150645a4ec94bdf
legacy,conv-42:39,conv-42,2,When did Nate attend a cooking show?,"The Monday before 14September, 2022",14 September 2022,0.2857142857142857,stop,2048,2157,9,2f25fa07d882cfcbdb49c1eddfdbc327260752e89fe7f7da2d13b7a0403d9ec8
legacy,conv-42:41,conv-42,2,When did Joanna make a chocolate tart with raspberries?,"5 October, 2022",Unknown,0.0,stop,2039,2151,2,8f6b10d22c051fa6c8ce5433d5bd7f4db527bc799305762ef42fb5edc43ddd5c
legacy,conv-42:49,conv-42,1,How many times has Joanna's scripts been rejected?,Twice,2,0.0,stop,2035,2146,2,4517a8d07de33e5a61a4c9fada1af10534de4738247aa2c234a2e7ee69a86c14
legacy,conv-42:57,conv-42,2,When did Joanna plan to go over to Nate's and share recipes?,"5 November, 2022.",5 November 2022,1.0,stop,2032,2147,8,691a8af89a1cf6006243c7eb97585b8c68fdc60544f8c6cb53c4451e7719ea3c
legacy,conv-42:61,conv-42,1,What mediums does Nate use to play games?,"Gamecube, PC,Playstation.","video games, board games",0.0,stop,2033,2143,6,3a5dbb92953f815769879d56263506dbb23b81fcca6bfe0120e1d4b8394cae59
legacy,conv-42:63,conv-42,1,What video games does Nate play?,"Valorant, Counter Strike:Global Offensive,Xenoblade Chronicles, StreetFighter, Cyberpunk 2077","Counter-Strike: Global Offensive, Cyberpunk 2077, Street Fighter",0.26666666666666666,stop,2033,2141,18,77c629ad60af46bd35faea6a93f646c0ba34ac4dc64b89e734202570e694dc14
legacy,conv-42:66,conv-42,3,What alternative career might Nate consider after gaming?,"an animalkeeper at a localzoo and workingwith turtles; as heknows a great dealabout turtles andhow to care for them,and he enjoys it.",unknown,0.0,stop,2037,2147,2,f12a29be97a40f8a3805afec7739277a563e0f2822fbb9ab42cb088361704c42
legacy,conv-42:78,conv-42,1,How many video game tournaments has Nate participated in?,nine,unknown,0.0,stop,2040,2151,2,fa5a42b3cf7fd45a77d1473e6e326ded10491e0ecf7d3553f11fe9c471df0005
legacy,conv-42:82,conv-42,1,What recipes has Nate made?,"coconut milk icecream, chocolate and vanilla swirl","vegan ice cream recipes, coconut milk ice cream, lactose-free ice cream using coconut milk, dairy-free chocolate cake with berries, chocolate and vanilla swirl ice cream, dairy-free chocolate coconut cupcakes with raspberry frosting",0.6607142857142857,stop,2039,2146,43,c093273a262bc477f080911145b5589a0ced762f0d844ade8ff3f29d5d6d1ec4
legacy,conv-42:85,conv-42,3,What kind of job is Joanna beginning to preform the duties of because of her movie scripts?,filmmaker.,unknown,0.0,stop,2028,2148,2,1258614c4e0e7ae70adc28ec72bdbe9499105a0b4438d2a7230fffcfc49bf25c
legacy,conv-42:88,conv-42,4,What is one of Joanna's favorite movies?,"""Eternal Sunshineof the Spotless Mind""",Little Women,0.0,stop,2048,2158,3,8f5260fda096fba926116e277e43b6fb5499deb3d19dbc59ceb0364613ca5d35
legacy,conv-42:94,conv-42,4,What is Joanna's third screenplay about?,"loss, identity, and connection","loss, identity, and connection",1.0,stop,2027,2136,7,59667cb181fe893ff8d0d1277d5735a87ffc98ce1d7f798d065cda86e7185369
legacy,conv-42:95,conv-42,4,What is Nate's favorite video game?,Xenoblade Chronicles,Unknown,0.0,stop,2033,2142,2,051092031ed7df4af4af816f9b048372078c190b1c64e2504381992d2afb491e
legacy,conv-42:98,conv-42,4,What genre is Joanna's first screenplay?,drama and romance,drama and romance,1.0,stop,2045,2154,5,f2352a0f8afe7a546128aec11f84d3e0b5b94d683b8de34aa9ecbbecd9a2b9ef
legacy,conv-42:103,conv-42,4,"What did Joanna recently watch and recommend to Nate on February 7, 2022?","""Little Women""",Little Women,1.0,stop,2047,2168,3,37659afe849a5c9c8028fd2fa49b224de4d338a7d661543243604d998738597f
legacy,conv-42:109,conv-42,4,What was Joanna's audition for?,writing gig,a writing gig,1.0,stop,2047,2155,4,61c6edf1d68fc240d82ff454b555910adfd7576aa8715dd8a132e5511f88193a
legacy,conv-42:110,conv-42,4,Why did Nate choose the hair color he did?,Bright and bold - like him,He wanted to stand out from the regular options.,0.0,stop,2039,2150,11,87f41d58d5bf57d7e81297804cfbd5336e6eedee2b9aa2e06759a41cc53f6e62
legacy,conv-42:115,conv-42,4,What kind of films does Joanna enjoy?,Dramas and emotionally-driven films,"dramas, emotionally-driven films, romcoms",0.8571428571428571,stop,2044,2153,12,8ba07d0815c0576664e30d5f9758a91e593d6e9b535c7b03e5835335e38e0b34
legacy,conv-42:116,conv-42,4,Which activity helps Nate escape and stimulates his imagination?,watching fantasy and sci-fi movies,Playing video games,0.0,stop,2026,2137,4,fd11c3e71981ff9374d90e7541e4cb1b42508012cbabb6c61c97d52dfb3a57d2
legacy,conv-42:125,conv-42,4,Who did Nate plan to invite to his gaming party in June 2022?,"Tournament friends, old friends, teammates","old friends, teammates from other tournaments, tournament friends",0.7692307692307693,stop,2047,2166,11,6f8d6d2c37c61956d0113a0b0245e52cd1adaeea9e02fee279f5c018e707b972
legacy,conv-42:127,conv-42,4,What did Joanna write yesterday that appeared on the big screen?,screenplay bits,bits for a screenplay,0.8,stop,2041,2154,5,1efd8ede4d8f8e5e2370ad8886df94df2f29feabe0c0b84b5210d868362c0467
legacy,conv-42:133,conv-42,4,How many people attended the gaming party hosted by Nate in June 2022?,7,7,1.0,stop,2039,2158,2,5b9cf580be4f444b9b64d597b2e40094e5964ff7ad4980e168c9e69f92bc90e4
legacy,conv-42:155,conv-42,4,What is Nate's favorite dish from the cooking show he hosted?,Coconut milk ice cream,Coconut milk ice cream,1.0,stop,2033,2147,6,67c26c58f5a04d430178ec07bf567affc51d2834670555b2521d44acdac5d7fd
legacy,conv-42:158,conv-42,4,What kind of cake did Joanna share a photo of that she likes making for birthdays and special days?,chocolate cake with raspberries,dairy-free chocolate cake with raspberries,0.8888888888888888,stop,2042,2163,9,d93d78869b57be67ec8d566755e07b0f6a249234f3fdfe058cb0e2d37ee01cf7
legacy,conv-42:172,conv-42,4,How does Nate feel about Joanna's ability to bounce back from setbacks?,respect Joanna for being able to bounce back,He really respects her for it.,0.2857142857142857,stop,2027,2142,8,8d266bedf670cb72a3361d5dea1a6b63237288537c52c7e82d5cb64db3301f91
legacy,conv-42:174,conv-42,4,What does Nate rely on for cheer and joy?,his turtles,turtles,0.6666666666666666,stop,2045,2156,3,3abeeabae92902f3ef9454dd5c978e69e5dc7b3fbc4633eba82dd52c5ae9563a
legacy,conv-42:177,conv-42,4,What inspires Joanna to create drawings of her characters?,visuals to help bring the characters alive in her head so she can write better,to help bring them alive in her head so she can write better,0.8888888888888888,stop,2038,2149,14,ee092b4f024dc14edce6937344aa9a02d226b4fc1a959430acdde6f4ba5cb5ce
legacy,conv-42:183,conv-42,4,"What game is Nate currently playing and recommends to others on November 7, 2022?","""Xenoblade Chronicles""",Xeonoblade Chronicles,0.5,stop,2033,2155,6,dbebe3bad1f2d82d6b472306abb93b887192a895a54c0732e8d864445f3beaaa
legacy,conv-42:184,conv-42,4,What did Joanna receive from her brother that brought back childhood memories?,a handwritten letter,a handwritten letter,1.0,stop,2038,2152,4,cd5134f1d3f362750d165f989a36b19b61f203f6f3dff517aedb1223901c4f95
legacy,conv-42:190,conv-42,4,What new content is Nate creating for YouTube?,Gaming videos,gaming content,0.5,stop,2041,2151,4,2bfc702754fe0d4cc8d8b998be823ff3feafbdd717fe651e57674aea90ba8d8b
legacy,conv-42:193,conv-42,4,What inspired Joanna to take a picture of the sunset in the field near Fort Wayne?,The incredible sunset and surrounding beauty,The sunset and the surrounding beauty,0.8571428571428571,stop,2045,2163,7,92c22eddc28aa17587e8c29d8c1942ce2fccccc070e2d634605585f5ab281735
legacy,conv-42:196,conv-42,4,What did Nate take to the beach in Tampa?,turtles,turtles,1.0,stop,2034,2145,3,5bea72fc433ad00f3637343b7568f3c75517c52a29220400db82bc62e197d57b
legacy,conv-43:5,conv-43,3,"Based on Tim's collections, what is a shop that he would enjoy visiting in New York city?",House of MinaLima,unknown,0.0,stop,2035,2156,2,07a1ea2406abf00a5eaf3afbbc945d419f3427243f921cf67052c928a434fb34
legacy,conv-43:7,conv-43,1,Which geographical locations has Tim been to?,"California, London, the Smoky Mountains","New York City, Galway, Ireland, London, UK",0.3333333333333333,stop,2030,2139,13,7e5daf802bb26b7ff9ac571d48e8cfee5b6c8e632e712fe75dc54af932eaa633
legacy,conv-43:22,conv-43,2,When did John meet with his teammates after returning from Chicago?,"August 15, 2023",15 August 2023,1.0,stop,2033,2146,9,8bb60b8c84b920d8ff23b9b787d30be8a8da0a911061ca85d6970bdbc5db073c
legacy,conv-43:25,conv-43,1,What similar sports collectible do Tim and John own?,signed basketball,basketball jerseys,0.5,stop,2028,2140,4,32cf4bd5c23e92a8ede17a66c8b03320068910b24eb6f8033fe57502d4bfe284
legacy,conv-43:32,conv-43,3,Which US states might Tim be in during September 2023 based on his plans of visiting Universal Studios?,California or Florida,Florida,0.5,stop,2046,2170,2,e4d9a76b79b1ea34b67053870259ce6177a3b90e9acb12c0683bc16d5dc1c7df
legacy,conv-43:34,conv-43,3,What could John do after his basketball career?,become a basketball coach since he likes giving back and leadership,"make a positive difference, inspire others, start a foundation, do charity work",0.0,stop,2048,2158,16,74fc352f5e2fc166951cb1c8fe887437531cb8186c73332ae6d413fba0e47dab
legacy,conv-43:35,conv-43,1,What outdoor activities does John enjoy?,"Hiking, surfing","hiking, camping",0.5,stop,2046,2154,5,77e1dbecb17f0aea1bff3e6a77ff98fe1ca61ebaf185e63770d5b61b611c408b
legacy,conv-43:40,conv-43,2,Has Tim been to North Carolina and/or Tennesee states in the US?,Yes,unknown,0.0,stop,2030,2147,2,503a7a8a67f4eec5939efdb78ca7ef35c460d6eb29360c5e851409337b6f9d25
legacy,conv-43:41,conv-43,1,What kind of fiction stories does Tim write?,Fantasy stories with plot twists,fantasy novels,0.2857142857142857,stop,2044,2154,4,104c5c018500ab966ff8f20704b5ced45d7177c15bc5989bd734c8242f0637a5
legacy,conv-43:47,conv-43,2,When did John get married at a greenhouse?,last week of September 2023,25 September 2023 to 1 October 2023,0.3333333333333333,stop,2033,2143,18,22628a2835eec4946d7fdf70041966970be5f8b73c26ac312b9e6c9d08c88795
legacy,conv-43:48,conv-43,1,When did John get an ankle injury in 2023?,"around November 16, 2023",unknown,0.0,stop,2033,2148,2,f6bbb7848fce5a11a485581fde7ea02b95cbf56ddcd69a4afab6d1bfcfa2f601
legacy,conv-43:50,conv-43,1,Which book was John reading during his recovery from an ankle injury?,The Alchemist,Dune,0.0,stop,2025,2139,3,12b04cdbd70ab6a3cdbac51f233e433672552659d22417de3b878909b047483e
legacy,conv-43:58,conv-43,2,When did John attend the Harry Potter trivia?,August 2023.,Last August,0.5,stop,2048,2158,3,97e004b0015c7d25f23f5f6da8d01204d5482cd5c0ef9e0c0ebd2374e58a78b0
legacy,conv-43:68,conv-43,2,What day did Tim get into his study abroad program?,"Januarty 5, 2024",Friday,0.0,stop,2040,2152,2,33b6942c30c949d4ec2181016972238ca2c891fc316991103a6f267a6a706f80
legacy,conv-43:73,conv-43,4,What challenge did John encounter during pre-season training?,fitting into the new team's style of play,Fitting into the new team's style of play,1.0,stop,2030,2141,11,7f8ff31d18382f590d8096e9ea01e099160f50ed64797a762b1876f182dbdcfb
legacy,conv-43:78,conv-43,4,What did John celebrate at a restaurant with teammates?,a tough win,their win,0.5,stop,2047,2158,3,d3f0da8b9f698cfac22176ede2781d6e36d674c8db708e08efc0e4f7d0df880d
legacy,conv-43:89,conv-43,4,What is John's number one goal in his basketball career?,Winning a championship,win a championship,1.0,stop,2046,2159,4,8b656fa51dee0bc45d16329e6ab173772beaee05e037a2198dd377c638f5caac
legacy,conv-43:94,conv-43,4,What is the main intention behind Tim wanting to attend the book conference?,to learn more about literature and create a stronger bond to it,to learn more about literature and create a stronger bond to it,1.0,stop,2027,2142,13,bf9abcbfc69209be0b514cbc41a0a715ec394de1e96debb874ecf1f9a9f801ef
legacy,conv-43:97,conv-43,4,"What special memory does ""Harry Potter and the Philosopher's Stone"" bring to Tim?",Watching it with his family,Watching it with his family,1.0,stop,2042,2161,6,1593795942e2bb422e44ee85ef1e91ae8e20e4841dc239c5279ef54fbaaaa6ec
legacy,conv-43:98,conv-43,4,Which movie does Tim mention they enjoy watching during Thanksgiving?,"""Home Alone""","Home Alone, Elf, The Santa Clause",0.5714285714285714,stop,2036,2148,9,da3675ac663f9b30ad514452386b20299399e5045b94b4f13e56b7bd14c2444b
legacy,conv-43:100,conv-43,4,How long did John and his high school basketball teammates play together?,Four years,four years,1.0,stop,2047,2161,3,9e3c13567f74d97b2bf395f74b135250751551e8301f6f2b55cdd842dd25ff82
legacy,conv-43:102,conv-43,4,"What did John say about NYC, enticing Tim to visit?","It's got so much to check out - the culture, food - you won't regret it.","It's a must-visit! It's got so much to check out - the culture, food - you won't regret it. It's an adventure you'll never forget!",0.7878787878787878,stop,2034,2147,37,04fd57dc4a4ed33639594158a95bd3b7be1521cd137c5c3c8be3e4f7b3d11db2
legacy,conv-43:104,conv-43,4,What spice did John add to the soup for flavor?,sage,sage,1.0,stop,2043,2155,3,843c369edd4cf3e3f75b166823b52a0b4f5f088d10f4c08dec1f5ea0444e1a2f
legacy,conv-43:105,conv-43,4,What is Tim excited to see at Universal Studios?,The Harry Potter stuff,Harry Potter stuff,1.0,stop,2043,2154,4,467a4e86568a0c9a5d512f50636f041dc7ea7ddff68227eef36e2fe42d59b6ae
legacy,conv-43:112,conv-43,4,What was the setting for John and his wife's first dance?,Cozy restaurant,a cozy restaurant,1.0,stop,2047,2161,4,79b5a614c6c105404531dcdf90672a78080f2a8246ab7ec0658dc12ddb83e716
legacy,conv-43:124,conv-43,4,Who is one of Tim's sources of inspiration for writing?,J.K. Rowling,J.K. Rowling,1.0,stop,2048,2161,5,f2d3f3764a6dd8647c75274e4204d5c0d09253c5fb5ad0265464fc967ffb339b
legacy,conv-43:128,conv-43,4,What type of meal does John often cook using a slow cooker?,honey garlic chicken with roasted veg,honey garlic chicken with roasted veg,1.0,stop,2037,2151,8,79eb2e0f90d65964539e4dfa2fd4e22413d5acc4c02acfd2a1db8cf9e62cdbf6
legacy,conv-43:130,conv-43,4,"What was Tim's huge writing issue last week,as mentioned on November 6, 2023?",He got stuck on a plot twist,got stuck on a plot twist,0.9090909090909091,stop,2030,2154,7,03d0c1af9d8b6167d1c6d87e2aa816e6b604714611dfbb06a9bfb2b69757e892
legacy,conv-43:133,conv-43,4,How did John describe the views during their road trip out on the European coastline?,Spectacular,spectacular,1.0,stop,2028,2145,3,dbbc69ef13228fa873adc1671637977a14f83f4a2839069db75414ba559acf1d
legacy,conv-43:143,conv-43,4,What is John trying out to improve his strength and flexibility after recovery from ankle injury?,yoga,yoga,1.0,stop,2047,2165,3,2558db87c8aa3da6de3e21fdad85668b6e5865be6b793a2064a8bc42c39bde49
legacy,conv-43:149,conv-43,4,"What book did Tim just finish reading on 8th December, 2023?","""A Dance with Dragons""",A Dance with Dragons,1.0,stop,2038,2158,5,29094da8708a523823da7d204511b3d33737c25911bcb77a7b17d0103c5bf16e
legacy,conv-43:154,conv-43,4,How did John feel about the atmosphere during the big game against the rival team?,electric and intense,electric,0.6666666666666666,stop,2047,2164,2,0aba27c066dd3e93e819e56653dd6a54700e85f4f57b441e1aab5122c21af8a0
legacy,conv-43:155,conv-43,4,How did John feel after being able to jog without pain?,It was a huge success.,relief,0.0,stop,2047,2160,3,fd56012b4113828699d1066ec536b875c01b2c2531bd7983000829e146b46957
legacy,conv-43:170,conv-43,4,What is the painting of Aragorn a reminder for John to be in everything he does?,be a leader,stay true and be a leader,0.6666666666666666,stop,2042,2161,7,16a233fd8f363c12170070b608abc05a9ba94451d2ea34c04dc5d67b44de62e2
legacy,conv-43:172,conv-43,4,Where will Tim be going for a semester abroad?,Ireland,Ireland,1.0,stop,2037,2148,3,e771da758f9e5ca762d411b88eef95614610be34c03489c6e89c6583e3ee3f8c
legacy,conv-44:0,conv-44,2,Which year did Audrey adopt the first three of her dogs?,2020,unknown,0.0,stop,2048,2161,2,93ceacf477a2a621bf07f66fc64a92c769219e84a0ad8943cf795be6ad901152
legacy,conv-44:4,conv-44,2,When did Audrey make muffins for herself?,The week of April 3rd to 9th,April 2023 (the preceding week),0.4,stop,2046,2156,12,544a87d3d263fde3f9add33a152aa21a7d57e6a0bdc90db2f84db2eb7fb05d94
legacy,conv-44:7,conv-44,2,How many years passed between Audrey adopting Pixie and her other three dogs?,three years,3,0.0,stop,2034,2150,2,45e72dd4e114cf4964420f1014d653ed06f6eb452e16b98d866e00cee12c0eec
legacy,conv-44:17,conv-44,1,How many times did Audrey and Andew plan to hike together?,three times,3,0.0,stop,2033,2147,2,df698969ad7661f0d1a920f41f5c773da5bb0a68921aec050f69f8399974962c
legacy,conv-44:20,conv-44,3,Which meat does Audrey prefer eating more than others?,chicken,Chicken,1.0,stop,2041,2152,2,81201049564eeb59a716f334c9fac185674af8f78a0594e72a075ec2a5a14fff
legacy,conv-44:22,conv-44,2,Where did Andrew go during the first weekend of August 2023?,camping with girlfriend,unknown,0.0,stop,2048,2165,2,8efa73d509aa25fd7db7085d97629b445996344a9c8d2c2bca35f5dc35e3af3d
legacy,conv-44:24,conv-44,1,Did Audrey and Andrew grow up with a pet dog?,Yes,unknown,0.0,stop,2039,2151,2,3d26526d31b40366892bf27a0633a7da499c30a64b50b140141557ab1b4d7664
legacy,conv-44:26,conv-44,1,What is the biggest stressor in Andrew's life besides not being able to hike frequently?,work,Work,1.0,stop,2044,2163,2,bcbd9b5cbeab473d0557a4a261ea5ae45d620a8c0e703c2d473e0ec6fcf8c839
legacy,conv-44:28,conv-44,1,What is something that Audrey often dresses up her dogs with?,Hats,party hats,0.6666666666666666,stop,2032,2145,3,c343c630154faf150cf8e7aeae337d70ac8cd5ca422fc9516b8020a08118f9d5
legacy,conv-44:41,conv-44,1,What are the breeds of Audrey's dogs?,Mongrel mixed with Lab for Pepper and Panda. Mongrel mixed with Chihuahua for Precious and Pixie.,"Jack Russell mixes, Chihuahua mixes",0.25,stop,2044,2154,9,7506dcbc475d02ef2870fac8f7ee5649abe8c1f171eb821ce6aa04b3007fbf73
legacy,conv-44:47,conv-44,2,How many months passed between Andrew adopting Buddy and Scout,one month,3,0.0,stop,2040,2151,2,d47bfcd055c15649cccb81059f79ef4955f12352621f629e2824ae7d54d17683
legacy,conv-44:51,conv-44,1,What items has Audrey bought or made for her dogs?,"dog tags, toys, dog beds, collars","toys, personalized wooden keychain tags, new beds, party hats",0.4583333333333333,stop,2048,2160,15,e5ce61589bcd6b2edd87b9541e401b603235c656eb1c2eff77fc71243d76cd57
legacy,conv-44:64,conv-44,4,What kind of flowers does Audrey have a tattoo of?,sunflowers,sunflowers,1.0,stop,2034,2146,3,fad11e91db372d11bf5d11a9bb74c7396684a8ebada670d078ce940949ab52a1
legacy,conv-44:72,conv-44,4,Why did Audrey think positive reinforcement training is important for pets?,To have pets learn how to behave in a positive way,She believes punishment is never the proper way for pets and doesn't want to hurt them.,0.25,stop,2027,2140,19,b90c68a9865c04a9942a3942d666bab7978749d05a8b6ce50b9a307fcdd669b7
legacy,conv-44:80,conv-44,4,"What dish is one of Audrey's favorite dishes that includes garlic and is shared with Andrew on 3 July, 2023?",Roasted Chicken,Roasted Chicken,1.0,stop,2037,2166,4,9eda20c658acae86a6c50100a3c720cf54d591dc0185ae4f3fb05c8261a0414e
legacy,conv-44:84,conv-44,4,What are some of the personalities of Audrey's four fur babies?,"oldest is relaxed, second is playful, third can be naughty but loves cuddles, youngest is full of life","The oldest one is the most relaxed, the second one is always ready for a game, the third one can be naughty but loves a good cuddle, and the youngest one is full of life and always up for an adventure.",0.6938775510204082,stop,2033,2147,47,5dc45fd8d11c7c4b942f1be36587f99c474684ddc1b997c46b502a8eabb28497
legacy,conv-44:88,conv-44,4,What advice did Audrey give to Andrew regarding grooming Toby?,"Grooming slowly and gently, paying attention to sensitive areas like ears and paws. And remember to stay patient and positive throughout the grooming process.","Groom slowly and gently, pay attention to sensitive areas like ears and paws, and stay patient and positive throughout the process.",0.9142857142857143,stop,2039,2151,27,65b8c1660276cfedbf37a8bb583fa6a1bd9e94e6d6040c4416f6330858ceb845
legacy,conv-44:90,conv-44,4,What did Audrey organize with the neighbors' dogs?,a doggy playdate,doggy playdate,1.0,stop,2032,2143,5,3af71637a3230b3184427c99a8165b3508c28e8c8f083ede5cc292280f606d12
legacy,conv-44:92,conv-44,4,How does Audrey describe the new beds for her dogs?,Super cozy and comfy,Super cozy and comfy,1.0,stop,2041,2153,5,4595b9e29d173bfd54f4512c0185a98b7b2d503f66d311975741d32c83f6229d
legacy,conv-44:97,conv-44,4,What did Andrew suggest as a way to reduce carbon footprint?,biking or using public transport,biking or using public transport,1.0,stop,2030,2143,7,979af65679db2882b0b48c36a021cd4b9940980285fe99fe6ff64c7fa764096a
legacy,conv-44:99,conv-44,4,"What did Audrey do with her pups over the weekend before 4th October, 2023?",Took them to the beach,took her dogs to the beach,0.6666666666666666,stop,2041,2164,7,9f7c8bd9650981fd7f8d3d8b3cf041b58701b3d643c3ac1f7cb0c8f6baad9f81
legacy,conv-44:100,conv-44,4,What was the reason Audrey couldn't walk her dogs for a period of time?,Knee injury,knee injury,1.0,stop,2047,2164,4,8ca1c4ea5c9bd23f25a3029e792ea190b71d4fed7b366602c1a57ce92b056895
legacy,conv-44:105,conv-44,4,What type of games do Audrey's dogs like to play at the park?,Fetch and Frisbee,"Fetch, Frisbee",1.0,stop,2042,2158,6,65e9485af1d0c08fa0e0b036687ab2e80a3d6b6b9ca27feb6ad0bfce080ebdc8
legacy,conv-44:109,conv-44,4,What kind of experiences are Audrey's dogs the best companions for?,Exploring the great outdoors,"adventures, exploring new places, socializing, getting exercise, playing, hiking, puzzles, training, hide-and-seek",0.13333333333333333,stop,2046,2160,27,2a3a60daaa96dd296f95eb7e98a292c6e03273698b0d1ff1f78d14fa22973736
legacy,conv-47:3,conv-47,1,Do both James and John have pets?,No,No,1.0,stop,2047,2156,2,13ac825b8c73f68dc7a24b896884ef3f18605608bf3cb215ac96fe01a0e5450d
legacy,conv-47:4,conv-47,2,When did John resume playing drums in his adulthood?,February 2022,unknown,0.0,stop,2045,2156,2,3d7c322771e8b3df16964593aa3d7ec9d7c69c133caa7aa0bd68a0b21609f702
legacy,conv-47:10,conv-47,2,When did James adopt Ned?,first week of April 2022,April 2022,0.5714285714285714,stop,2044,2151,7,edcc1f4750ecd1bff19c70cd748ba52a73482cb782ba22e9828e86d775b5a840
legacy,conv-47:16,conv-47,3,What is the game with different colored cards that was John talking about with James?,UNO,unknown,0.0,stop,2042,2159,2,57d1ffd0e495fe3e8461ac6f432fda69b654567c0e6cacc0a87116604b870b8a
legacy,conv-47:20,conv-47,1,How many charity tournaments has John organized till date?,two,1,0.0,stop,2026,2137,2,f38af939fc4ad970a5bfcb024dbe2f5132726b4f43c05785efa5b34572618840
legacy,conv-47:25,conv-47,3,Are John and James fans of the same football team?,"No, James is a Liverpool fan and John is a Manchester City fan.",No,0.18181818181818182,stop,2031,2143,2,32f40f0ff691757158b6825a3e2d731b42f008a14bfa2095cd94585a5726ca73
legacy,conv-47:26,conv-47,1,Which countries has James visited?,"Italy, Mexico, Turkey, Canada, Greenland","Italy, Turkey, Mexico, Japan, Nuuk",0.6,stop,2048,2155,11,147ac44ec89fc4c21960293b9d3c0edabedf9b208c7e3a9a3526228332622488
legacy,conv-47:33,conv-47,3,Did John and James study together?,Yes,unknown,0.0,stop,2043,2151,2,58c0874e5b94ab6771b01d42337e56a2742f735cb520df7878f078cc15468d0f
legacy,conv-47:34,conv-47,1,Which countries did James visit in July 2022?,"Canada, Greenland",Nuuk,0.0,stop,2048,2162,3,f46f2e393e5ee6d053142b70661f3fda2b807ffdc636130dc6c446ed941958b7
legacy,conv-47:41,conv-47,2,When did James meet Samantha?,"August 9, 2022",10 August 2022,0.6666666666666666,stop,2029,2136,9,6a8f12526b09905abe3a31b77d1ac6db57acf2136a5f8c58fc61c018bf833062
legacy,conv-47:42,conv-47,2,When did James take his 3 dogs to the beach?,"August 9, 2022",9 August 2022,1.0,stop,2036,2149,8,26b98bb3d5cb0292d4c8ae82144a722f97d1fd78b3dca07d5f1a00ca1d03252b
legacy,conv-47:48,conv-47,2,"When did James, Samantha and John go to the baseball game together?","September 11, 2022",unknown,0.0,stop,2033,2148,2,3367aca899693c29dea033ee39ff6f9be36e08aa11f0319ff7e8b09483ee1e70
legacy,conv-47:50,conv-47,2,When did James start taking cooking classes?,"September 2, 2022",2 September 2022,1.0,stop,2046,2155,8,5260006600802b659955cf163f676e45ffdee2b4eca0ec7d9104320da708630f
legacy,conv-47:53,conv-47,2,How long did it take for James to complete his Witcher-inspired game?,six months,unknown,0.0,stop,2029,2145,2,cfcd7a6eadbc25a146ce5573070e1e32c0d3a53df73218ce00b3b74fce32707e
legacy,conv-47:72,conv-47,4,"What instrument is John learning to play as of 27 March, 2022?",Drums,drums,1.0,stop,2026,2147,3,1d6329c1661cc2531e2b264d961bfd86e64a217df43e5168586c16ad0abbd413
legacy,conv-47:76,conv-47,4,How does James communicate with his gaming team?,voice chat,voice chat,1.0,stop,2047,2157,3,5b6766965cc943067cb662d71b8b21942fbb53fecf27cddc933299657cda138f
legacy,conv-47:78,conv-47,4,What did James adopt in April 2022?,a pup,a pup,1.0,stop,2047,2160,3,35084b22ab27be7afd461ae3c9018424ef4749a1543dcee21b91f2f21108b809
legacy,conv-47:81,conv-47,4,What inspired James to create the game character in the virtual world?,Appearance of a woman he saw during a walk,a walk with his dogs approximately 6 April 2022,0.13333333333333333,stop,2046,2160,15,90ca06649b434099bf8a8673a88ff0104b5569783e9f8aaa1095ce5073cdf591
legacy,conv-47:83,conv-47,4,What impresses John about Japan?,Technologically advanced megacities and tasty street food,"megacities, technologically advanced screens, huge screens on the buildings, tasty street food",0.7058823529411765,stop,2046,2154,19,2cfe4fad9931d38ceefed0df4d704a42c62086c851a7dbbbecc97339b8c88930
legacy,conv-47:84,conv-47,4,What kind of assignment was giving John a hard time at work?,Coding assignment,coding,0.6666666666666666,stop,2033,2147,2,af484782a1cde8115fecbb28c6df48f551821c1635314c1bc5e3957d199e1063
legacy,conv-47:87,conv-47,4,What type of pizza is John's favorite?,Hawaiian,Hawaiian,1.0,stop,2039,2149,4,77c645bc35e4b1728a8084b49105cc9c89a3d3b263869058302d993bc974f5a5
legacy,conv-47:88,conv-47,4,"What did John organize with his friends on May 8, 2022?",A tournament for CS:GO,CS:GO tournament,0.8,stop,2047,2166,5,08c5bb589d385c39c191266ceb4092a2bc3d5d52ed2ce463183efdf4db05b9d5
legacy,conv-47:89,conv-47,4,What did John and his friends do with the remaining money after helping the dog shelter?,Bought groceries and cooked food for the homeless,They used it to buy groceries and cook food for the homeless.,0.625,stop,2030,2148,14,7a5ae8007f38df6568214d5dc7ad37c4487bdf3f5a329dc7e8b6c906726dcf64
legacy,conv-47:104,conv-47,4,Where did James plan to visit after Toronto?,Vancouver,Vancouver,1.0,stop,2046,2156,3,ae874dc3d2adcfcaf7097ebc6b2fa8163e9a67813264be5b1ac78ae1468f7a9f
legacy,conv-47:110,conv-47,4,What game genre did John start exploring instead of shooters?,strategy and RPG games,strategy and RPG games,1.0,stop,2040,2152,5,c1c9363395dc24c5f7ccccaf61542b7cd11a3737ff1402142148bab6977c1d54
legacy,conv-47:124,conv-47,4,Why did James sign up for a cooking class?,He wanted to learn something new,to learn something new,0.8,stop,2047,2158,5,09c6a255974b5d1c07aa06fcbdca731c880c7bbaf9349a2bbdb9c98a8b0af99d
legacy,conv-47:133,conv-47,4,What type of game is John's upcoming mobile game?,2D adventure,2D adventure game,0.8,stop,2029,2141,5,efdcba2093b5f88552d2d65c46b84acad1face24ab5fd98f14153abbb2e6b4a8
legacy,conv-47:137,conv-47,4,What kind of games is James excited to play with his new video card?,RPGs,RPGs,1.0,stop,2036,2152,4,c04d3bc78f2f82c93805d76143e7fc95122bb3a4e3d50bf5fbc4a2a6fd948e18
legacy,conv-47:140,conv-47,4,What did James lose progress on due to a power outage?,a game,the game,1.0,stop,2045,2158,3,c1c3748502f9919a679afc3fb34d78fd231fa809831aec596a949062f9f7666e
legacy,conv-47:142,conv-47,4,"What was the purpose of the gaming tournament organized by John on 31 October, 2022?",To raise money for a children's hospital,raising money for a children's hospital,0.9090909090909091,stop,2044,2168,8,7ef64d8daa491c17ff242a8797f4a4d38237bc5249bce193255ceb5c65740c71
legacy,conv-48:2,conv-48,2,When did Deborah`s mother pass away?,a few years before 2023,a few years ago,0.5714285714285714,stop,2031,2140,5,3141b462d512a7d3bcaf6a13bf39c2b0ce43bbbcea321fc2b656b0845cacb60c
legacy,conv-48:4,conv-48,2,When did Jolene's mom gift her a pendant?,in 2010,2010,0.6666666666666666,stop,2028,2141,5,cc00679c44a46d9b64bb5a9d8b0adf867e36195f80e5d40273a650b3f99533b7
legacy,conv-48:14,conv-48,1,What were Deborah's mother's hobbies?,"reading, traveling, art, cooking","reading books, travel, flowers, cooking, art",0.9166666666666666,stop,2036,2145,11,9b31e5774f209641a984998074b945a76c769b1852a32f3d6abaccc84fdad759
legacy,conv-48:19,conv-48,1,How many times has Jolene been to France?,two times,unknown,0.0,stop,2031,2143,2,430eefedb475bff1ecc751df1504fce46efc25f2720eff8718e1a825284725bb
legacy,conv-48:25,conv-48,4,What are Jolene's favorite books?,"Sapiens, Avalanche by Neal Stephenson","""Sapiens""",0.3333333333333333,stop,2035,2145,5,76fb0427db36c62e25f9918acf2db4cc9a8f6590f1097707261bf2d3ad62dc6b
legacy,conv-48:26,conv-48,2,Which book did Jolene read in January 2023?,Avalanche by Neal Stephenson,Avalanche,0.4,stop,2039,2155,4,40a0db92439cbe43408662d856884e7d70e87762f8c8fb85782551e5b4810bf2
legacy,conv-48:29,conv-48,2,When did Jolene have a mini-retreat to reflect on her career?,"Wednesday before 9 February, 2023",Wednesday prior to 9 February 2023,0.7272727272727273,stop,2038,2155,12,ac00b93d6329728121278ff3ce67ab42ca26495d3d1de351de111c9eddd37710
legacy,conv-48:36,conv-48,3,How old is Jolene?,likely no more than 30; since she's in school,unknown,0.0,stop,2046,2154,2,a246c6c9e469d5c69b0de94b4556711acd2840f26c4d3bd7b0699ffc81ecdcc5
legacy,conv-48:40,conv-48,3,Does Deborah live close to the beach or the mountains?,beach,Unknown,0.0,stop,2042,2154,2,0e309317b8fce113cd4b228ac42ca4f6311c7b415bf9f0f4b757f06309431c97
legacy,conv-48:44,conv-48,2,When did Deborah go to an art show with Anna?,"on 9 April, 2023",unknown,0.0,stop,2047,2159,2,bbbb844dd6ffafe08d145f819ae38702bef05e2a29b24f1d9d14623e60e08a03
legacy,conv-48:45,conv-48,2,When did Jolene finish her robotics project?,May 2023,unknown,0.0,stop,2027,2138,2,f2dc7c4ba5c759af545be8300d3c24ba0cf4930b5f1e85e3ae96a37715176acc
legacy,conv-48:56,conv-48,2,When did Deborah lead a meditation session during the sunset?,"week before 16 August, 2023",16 August 2023,0.75,stop,2047,2159,9,d307cdfb86592aec4a95df8940ad6f9679ff6e2976140aec076925483ff920ea
legacy,conv-48:67,conv-48,4,What was Jolene doing with her partner in Rio de Janeiro?,"they went on excursions, checked out some cool yoga classes, visited a lot of delicious cafes, visited an old temple",yoga classes,0.2,stop,2024,2139,4,fb4c225175b37dbfcb7062b062f30b97d045ffae692b58fae76ffdb475dd4243
legacy,conv-48:73,conv-48,1,Did Jolene teach herself how to play the console?,yes,Yes,1.0,stop,2030,2143,2,e67aa2991b9a107217e09a3f5c8a3be08433c8d70005149510d0c9391d862b92
legacy,conv-48:74,conv-48,4,What do Deborah and Jolene plan to try when they meet in a new cafe?,coffee and fresh pastries,fresh pastries,0.8,stop,2048,2167,4,efc9d710bd5b51b80abb46cb61ffb2d8b6b708b802fd8c0bc77660fce341b35e
legacy,conv-48:76,conv-48,2,When did Jolene and her partner try scuba diving lessons?,"Friday before 17 September, 2023",16 September 2023,0.5,stop,2031,2146,9,755fea196933d010a2fd18bd1a1f1f2f03c451e728649e9b61d9f485c5245321
legacy,conv-48:87,conv-48,1,Which countries has Deborah traveled to?,"Thailand, Brazil","Bali, Rio de Janeiro, Phuket",0.0,stop,2046,2154,9,2489b00a4251c585cd9a553c485be1796a876a580da5d4e178f0569e44270783
legacy,conv-48:91,conv-48,4,What music pieces does Deborah listen to during her yoga practice?,"Savana, Sleep","""Savana"", ""Sleep""",1.0,stop,2035,2148,7,92e9a2b3e59691608266e672ded8e0b940bad526f78f3ee174cfdd1b19a8053b
legacy,conv-48:100,conv-48,4,"What project did Jolene finish last week before 23 January, 2023?",an electrical engineering project,electrical engineering project,1.0,stop,2040,2162,5,2fe3d0f1b9713171809b6661703c50bf66f3d6c250b070bde17d6c4d356c1eb2
legacy,conv-48:103,conv-48,4,Where did Deborah meet her new neighbor Anna?,yoga in the park,yoga in the park,1.0,stop,2041,2151,6,6ff97657febdf5056d0d8d72b4a6af424915f030ec56ecb9044e8c0d1b9f83a6
legacy,conv-48:123,conv-48,4,What did Jolene and Anna discuss while watching the sunset by the sea?,They realized they inspire each other,They inspire each other,0.8,stop,2041,2158,5,3402a82d7464e085df6a1f161f6d78fd1f81d0631f8f10bc1e42110aad429608
legacy,conv-48:125,conv-48,4,What did Deborah buy to enhance her yoga practice besides the props?,candle,a candle,1.0,stop,2025,2139,3,db9f7bd2f306c9fda3355dd622d290c2e7e0b76bb477a2dc6c0070f04c5aaf11
legacy,conv-48:130,conv-48,4,What does Deborah find comforting about going to art shows?,It makes her feel like she's still experiencing it with her mom,It's like her mom is still experiencing it together with her even though she's gone.,0.7407407407407407,stop,2042,2154,19,8328ec5ac9967a459fc1cd159fcd8fc54ca1937309a69dd1435a3935332c2d55
legacy,conv-48:131,conv-48,4,How does Jolene describe the time spent with her snakes and partner?,Valuable and relaxing,"valuable, teaches me to take time and be in tune with myself, brings us closer together",0.11764705882352941,stop,2037,2153,20,48191f39dabcd54a26d79feb808c9d6f46f7eb51747128caaae752ecd7c5b1b6
legacy,conv-48:143,conv-48,4,Why does Deborah take her cats out for a run in the park every day?,Exercise and nature are important to her,Exercise and nature are really important to her.,0.9230769230769231,stop,2047,2164,10,c1046a3a1721b84185b8bbc088b1575649d5bc189f7bfb4be6f26d63577a06c9
legacy,conv-48:152,conv-48,4,What is special about the bench at the park near Deborah's house?,It holds special memories of conversations with her mom,"It holds special memories for Deborah and her mom, where they used to chat about dreams and life.",0.48,stop,2043,2158,21,d5a795ebc5db66d9c934712dd934b16a377ab35e577fa4da501e260ddd674b1d
legacy,conv-48:155,conv-48,4,What habits does Jolene practice to feel balanced?,"yoga, meditation, walks, and mindfulness","yoga, meditation",0.6666666666666666,stop,2041,2153,5,fd4ce94d32ff6424092ab49a487461c0e688d48fa2e07c9a4baadd349f4ed72e
legacy,conv-48:156,conv-48,4,Which yoga pose is Jolene a fan of for rest and calmness?,savasana (the corpse pose),savasana,0.5,stop,2032,2149,4,95d9a97195d08be57117cea9c988be7aa6272b2d0d0fcbe7a84bd5c89ee9cb8d
legacy,conv-48:158,conv-48,4,What did Jolene participate in recently that provided her with a rewarding experience?,presenting at a virtual conference,virtual conference,0.6666666666666666,stop,2036,2153,3,953c9308c69affca58a23bc6c8b57ec1e238ece0f9fb3f6c79905d21e27bddd3
legacy,conv-48:165,conv-48,4,"What type of classes did Jolene and her partner check out during their trip to Rio de Janeiro on 30 August, 2023?",Yoga classes,yoga,0.6666666666666666,stop,2048,2181,3,1c9f98df10782a9292ee959c600a4236b968394c2e559509a1314652a17d1b7d
legacy,conv-48:166,conv-48,4,What type of place does Jolene visit to meditate?,A tranquil spot by a pond,a nearby tranquil spot,0.5714285714285714,stop,2047,2161,5,a1b2fd355736184764e7836c1505471266aec273b8aff722afc0625b55f86c78
legacy,conv-48:167,conv-48,4,"What was the new plant Jolene got used as a reminder for on 30 August, 2023?",To nurture herself and embrace fresh starts,to nurture herself and embrace fresh starts,1.0,stop,2037,2164,8,273f18cf72db2932789b5c3343d91b36306baa16ed8cb3c2e2a5c0f6808378b3
legacy,conv-48:172,conv-48,4,What was one of Jolene's favorite games to play with her mom on the nintendo wii game system?,Monster Hunter: World,Monster Hunter: World,1.0,stop,2036,2161,5,589d45775391434fcf5a19828e0a224ac4faf605cb7625165fc4e408880792df
legacy,conv-48:174,conv-48,4,"Why did Jolene have to reschedule their meeting with Deborah on September 8, 2023?",Jolene already had plans,Deborah already has plans for Wednesday,0.4,stop,2046,2171,8,9b06dcd5f90e19e5f3b4ee5462c47fcc8c5590c261646042892ed54722624bbb
legacy,conv-48:177,conv-48,4,How did Jolene feel about her progress in practicing mindfulness and gratitude?,experiencing a new level of joy and happiness,Jolene is experiencing a new level of joy and happiness.,0.8571428571428571,stop,2027,2143,14,65e2591b5d57230c81d9e905771bac20243b273ba6e18b0d957e1c07bfa85acd
legacy,conv-48:178,conv-48,4,What positive change did Jolene experience during the retreat?,finding inner peace,"new outlook, confidence boost, achieved more than imagined, accomplished something with engineering project",0.0,stop,2046,2159,17,a5c293cad46f590090781f87b8ba0cb52385e2b7fb3e548839bf405c887b0f1d
legacy,conv-48:179,conv-48,4,What did Jolene recently play that she described to Deb?,a card game about cats,Walking Dead,0.0,stop,2027,2141,3,9fece76119ef67587889f232906fb41dadad9fc5f2c9638ca82d6b48b3857255
legacy,conv-49:2,conv-49,1,Where has Evan been on roadtrips with his family?,"Rockies, Jasper","Jasper, the Rockies, Banff",1.0,stop,2034,2147,9,0b5c4f8ae36f1a17f686600f7c47683c6172a1f33a70391cf79e3ebe0e400de9
legacy,conv-49:3,conv-49,1,How many Prius has Evan owned?,two,2,0.0,stop,2036,2145,2,7d277b3d91fb5b13c40fb99fd0619fb8d361dc784f3423b2af6dcf3dd59095fc
legacy,conv-49:5,conv-49,3,Which country was Evan visiting in May 2023?,Canada,Canada,1.0,stop,2041,2155,2,b4eb1bb14ab9d68e7dde449e57d369f114d043bca855cb382c151aa0fd41a1ac
legacy,conv-49:9,conv-49,2,When did Evan go to Jasper with his family?,"weekend before May 24, 2023",Last weekend (relative to 24 May 2023),0.6666666666666666,stop,2047,2158,16,561fe4b4451b27e5040252e3f45d62ab74d6fa689eba01822d67490ca11120ef
legacy,conv-49:19,conv-49,3,"Considering their conversations and personal growth, what advice might Evan and Sam give to someone facing a major life transition or challenge?","Evan and Sam would likely advise embracing small, consistent changes​​, finding stress-relieving activities like hiking​​, painting, and road trips​​, and the importance of friendship and support in navigating challenges​​.","Stay positive, take small steps, stay consistent, don't give up, embrace the journey, and surround yourself with supportive people.",0.1951219512195122,stop,2039,2164,27,1879db1e3f4f28539c2e03ea3917e596a510d8e1923c1b85b7a88980b9e11ae8
legacy,conv-49:22,conv-49,2,When Evan did meet his future wife?,"week before August 7, 2023.",unknown,0.0,stop,2032,2141,2,2054f63eba232a116284c2f56b874a0a63cd3a32b6e308da7016853700a5e324
legacy,conv-49:40,conv-49,2,When did Evan start taking painting classes?,"Few days before 19 August, 2023.",a few days ago (relative to 19 August 2023),0.7142857142857143,stop,2048,2157,18,9eb3de38cbb35c12a6299039492de448b650814e547157ab351f51cb32a6cc7c
legacy,conv-49:41,conv-49,2,Which classes did Evan join in mid-August 2023?,painting classes,painting classes,1.0,stop,2034,2150,4,07717950369a26a8cfcb3ca224967f5078e4e40f4a4a75f2cc80b726229cc5bf
legacy,conv-49:44,conv-49,1,What kind of subjects does Evan enjoy painting?,"nature landscapes, portraits, abstract minimalism",landscapes,0.2222222222222222,stop,2033,2143,4,fa9c82b9cada4be73eecec652043698f1b847dd5fbbf9c6e8e425e04f64c907b
legacy,conv-49:47,conv-49,2,When did Evan go skiing in Banff?,July 2023,July 2023,1.0,stop,2047,2157,7,228c2db34d8aeefd00ae72d008ff050358be525311b619f0932fe2e5746ca033
legacy,conv-49:48,conv-49,1,What new diet and lifestyle change did Sam adopt over time?,"Healthy eating, exercise routine, running, hiking","reducing soda and candy intake, eating more veggies and fruit, cutting down on sugary snacks, adopting a balanced diet, starting low-impact exercises, and focusing on well-being",0.18333333333333335,stop,2043,2156,38,64df3568aed933a6f2a11adbb8d15bc880751251188cfd353f29293dbcd1500a
legacy,conv-49:56,conv-49,1,What is Sam's persistent problem with his phone?,"His new phone malfunctioning, particularly with the navigation app.",navigation app malfunctioning,0.42857142857142855,stop,2029,2140,5,162f492b0e9e8ff762b100a4afa5dec28821930a1fd7c594cbd70885cc48dd6f
legacy,conv-49:59,conv-49,2,When did Sam and his friend decide to try kayaking?,"October 14, 2023",14 October 2023,1.0,stop,2025,2138,9,e3738423dbe3a927ba63be19911ae98232901cd661caedd44ef3ab75783957ae
legacy,conv-49:62,conv-49,1,What health scares did Sam and Evan experience?,"Sam faced a health scare with stomach pains that turned out to be gastritis, prompting him to rethink his health habits. Evan, on the other hand, experienced two separate incidents: a sudden heart palpitation incident and a different event involving a misunderstanding during a medical check-up. These experiences have significantly influenced their perspectives on health and well-being.","Sam: weight was a serious health risk, discomfort limiting movement; Evan: health scare requiring hospital visit, suspicious finding during check-up",0.14593786697982278,stop,2042,2152,27,66ce933b38af78c7373a4ba7353f12a850723c315585089cc4585ed6c66a507e
legacy,conv-49:78,conv-49,1,Who did Evan tell about his marriage?,"To Sam, to his friends from work, and to his and his wife's families.","extended family, work friends",0.2857142857142857,stop,2026,2135,6,3311e185d31213c19a36aa085d27507f4c8426335f08a53cb356e32509136404
legacy,conv-49:89,conv-49,4,What habit is Sam trying to change in terms of diet?,consuming soda and candy,soda and candy,0.8,stop,2035,2148,5,d03741952b6d4edc31b1225f65e0020e1111cfbfe7c11a37ab2d9b9e1808824e
legacy,conv-49:91,conv-49,4,What did Sam agree to try instead of soda and candy?,flavored seltzer water and dark chocolate with high cocoa content,"flavored seltzer water, dark chocolate",0.7142857142857143,stop,2047,2160,10,922ba716755d1bb4b7c6d9b1b8d42136aaf1f7bc8b38453283baf37049f8cf7d
legacy,conv-49:98,conv-49,4,"According to Sam, what is more important than perfection?",progress,progress,1.0,stop,2042,2154,2,f85ae902eea39773f3d517e422b97ac24fbb9b0303a628d033258e4e7ec4bb2e
legacy,conv-49:102,conv-49,4,"What dish did Sam make on 18 August, 2023 that turned out flavorful?",grilled dish with salmon and vegetables,unknown,0.0,stop,2044,2166,2,242f6b58392d837344e3c52dd61413f6a0e6665c350ed6684db62fe2ab0447f8
legacy,conv-49:117,conv-49,4,What kind of writing does Sam enjoy as a form of expression?,creative writing,"Journal writing, creative writing",0.6666666666666666,stop,2031,2145,6,6e39c2d11958a96d1dbc82b949060487368987d37cd5bca0cd179728d4a7a4f6
legacy,conv-49:119,conv-49,4,What activity did Evan start one year ago?,lifting weights,lifting weights,1.0,stop,2047,2157,3,66b88ac3f2e1f0e61cfed585fb2418f003efa02987fa5fb3655d5116c8313fae
legacy,conv-49:122,conv-49,4,What digestive issue did Sam experience lately?,Gastritis,gastritis,1.0,stop,2036,2145,4,4aaad749fac76664e8118a00da08a42208f840e7a20f85354d4ad47f2a48c8b1
legacy,conv-49:123,conv-49,4,What adventurous theme is emerging in Evan's life as mentioned by Sam?,helping lost tourists,interesting hikes,0.0,stop,2047,2162,3,49a4cb9261df0beb7301cc7d0c999fcbbc469ec1422742dfef25a2bdb5344f8d
legacy,conv-49:124,conv-49,4,What does Evan mention about his progress at the gym to Sam?,gaining strength,Gaining strength,1.0,stop,2030,2144,4,709de2f7e3276f49700e47e99fe26a397e5700f909a408dbb3927301a826aa4f
legacy,conv-49:132,conv-49,4,What did Sam offer Evan regarding yoga?,Support and tips,yoga tips,0.5,stop,2029,2138,4,b333a59b06cdabf728f98a4384a15b87f789d75688adda925b4d804984f9c30e
legacy,conv-49:139,conv-49,4,What did Sam suggest Evan should do with his keys?,put a GPS sensor on them,put a GPS sensor on his keys,0.7272727272727273,stop,2038,2150,8,7eee7998cc58d9f5036a70f68a4283fc85a2fdb18f3548a79be5074d4a5aac2f
legacy,conv-49:146,conv-49,4,"What did Evan and his partner share with their extended family on January 5, 2024?",their marriage,his marriage,0.5,stop,2028,2151,3,e136bc72f725ebb02425e0a7b09be497e830bba451b634e94ec21229456ce4d7
legacy,conv-49:148,conv-49,4,What sports activity did Evan and his partner try in a recent weekend?,Snowshoeing,snowshoeing,1.0,stop,2032,2147,5,ffb6ab035fdf9fdbdd002788868a245def53594423678a428fbd3572842fd8c7
legacy,conv-49:149,conv-49,4,What advice did Evan suggest Sam seek from a doctor?,diet plan and low-impact exercises,"balanced diet plan, low-impact exercises",0.8888888888888888,stop,2038,2150,9,13e3c10475d6561c998adc97e6edfecca8d375e1242038fa47320981c8b7d339
legacy,conv-50:2,conv-50,2,When did Dave see Aerosmith perform live?,"on the weekend before March 26, 2023",26 March 2023,0.6666666666666666,stop,2048,2158,9,9bb402047113373058f9f697750cad6431a02ff272e4f20db6bc10aeddf8ecc1
legacy,conv-50:5,conv-50,1,What are Dave's dreams?,"open a car maintenance shop, work on classic cars, build a custom car from scratch","open a shop, work on classic cars",0.6296296296296297,stop,2036,2143,9,5fe49bb93948c2f574e4ef2410830f4e9f6521529b26014be6eb52cd8d59e285
legacy,conv-50:17,conv-50,2,When did Calvin have a car incident?,"on the Friday before 21 June, 2023",21 June 2023,0.6666666666666666,stop,2045,2154,9,3461053b2b3b9fc3d446a78ff6c7e010ff6ad7c1fdfa31f3884b88817aef431e
legacy,conv-50:28,conv-50,1,What does Calvin do to relax?,"take long drives in his car, embrace nature, fixing cars","long drives, working on cars, fixing cars, listening to vinyl, watching music videos, concerts, and documentaries",0.5,stop,2048,2156,23,22ae93464f70e4f4bceab5fdcaa7c3cc7645526882c69fe9a571842d3c4b357e
legacy,conv-50:34,conv-50,2,When did Dave return from San Francisco?,"September 1, 2023",1 September 2023,1.0,stop,2030,2139,8,0fdd002e2fcfa30874370c404a54939ff31ea9b924e63eb620e6d1e66379e5e2
legacy,conv-50:37,conv-50,3,Does Calvin love music tours?,yes,Yes,1.0,stop,2048,2155,2,61d82ba2074f89ef5bc03a186bf16837437e440bcc57d8d894d3b387eccb13fe
legacy,conv-50:41,conv-50,1,Which of their family member do Calvin and Dave have nostalgic memories about?,Dad,"Calvin's dad, Dave's dad",0.6666666666666666,stop,2047,2162,9,7b6125a1bf295500d1c69a2b977d73da9feb5f7e3fc444c5c899b44289f8bec2
legacy,conv-50:51,conv-50,2,When did Calvin and Frank Ocean start collaborating?,August 2022,August 2022,1.0,stop,2047,2157,7,42432223fa9cacff2043bfb8bd9ddae930b824db45c8e8400d0c5348be7e377c
legacy,conv-50:52,conv-50,2,When did Calvin plan on travelling to Tokyo the second time?,November 2023,19 October 2023,0.4,stop,2038,2151,9,5015c0a6b6d8136a9416bb9a5985cfa24e40d6ec8247fb2a8222268ac4aa8049
legacy,conv-50:59,conv-50,1,How many Ferraris does Calvin own?,two,1,0.0,stop,2034,2143,2,9f901d62e945f20a6a66cb7e511c9663b55773d4fd30d47f2fc7d057ac80effb
legacy,conv-50:60,conv-50,1,What gifts has Calvin received from his artist friends?,"gold chain, custom-made guitar with an octopus on it","gold necklace with a diamond pendant, custom guitar with an octopus design",0.41558441558441556,stop,2041,2152,15,febce4ccb4940368c58c8fe3232df2d2fcd1cfe2c35d56336d723e6eb4776422
legacy,conv-50:66,conv-50,1,Do all of Dave's car restoration projects go smoothly?,No,Unknown,0.0,stop,2047,2159,2,87ad203d53f97c7944336eba9356d6b6154f02711fc580ee030fc4dd3b05b101
legacy,conv-50:68,conv-50,2,When did Dave find the car he repaired and started sharing in his blog?,last week of October 2023,2 November 2023,0.25,stop,2035,2151,8,0bb7a98262ebf6eec0048c7f3cf9dacb1d364fd211e653bba2077406ab482cf1
legacy,conv-50:80,conv-50,4,How does Calvin plan to jumpstart his inspiration?,explore other things and have some fun,taking a break from music and exploring other things,0.46153846153846156,stop,2036,2147,10,872ceca540e2703111e0a616e0b02ad5b848864bfae0c5db2f8a53eb6b81365b
legacy,conv-50:85,conv-50,4,What is Dave doing to relax on weekends?,exploring parks,taking walks,0.0,stop,2036,2146,3,249fd6259b48436ef037cbf7d4a537f6e70a1ba7f6c3fe4a3f749f905eabd7b1
legacy,conv-50:90,conv-50,4,How does Calvin describe his process of adding electronic elements to his songs?,gives them a fresh vibe,It's been an exciting process of self-discovery and growth.,0.0,stop,2030,2145,14,677a728cd62c34697705a9cc5977d9d54516e30288fa4f8395b74d36b2aca95c
legacy,conv-50:91,conv-50,4,What car brand does Calvin own that he is proud of?,Ferrari,Ferrari,1.0,stop,2047,2160,3,ba9304b9242b3d7eb779f3f56ecfde6ea9b99c95574b994ba2a8cf1bd8776c83
legacy,conv-50:93,conv-50,4,What is Dave's advice to Calvin regarding his dreams?,to never forget his dreams,Stay focused and keep going.,0.0,stop,2042,2154,7,79353c75a69877421f5e9cb15219a4de385657e654eb4a3a9bbc0c403475099c
legacy,conv-50:97,conv-50,4,What does Dave say is important for making his custom cars unique?,attention to small details,small details,0.6666666666666666,stop,2027,2141,3,862aa492b8643f678d6eb61310d7a4de4079e0a8de932ba1cc2e2fe1668dd762
legacy,conv-50:102,conv-50,4,Where did Calvin start shooting a video for his new album?,Miami,Miami,1.0,stop,2041,2154,2,675306b3b389fdd19e34636f0b4ee89799f0f9111f38635137c3ede47ff4acc0
legacy,conv-50:104,conv-50,4,Why did Calvin get his guitar customized with a shiny finish?,unique look,to give it a unique look,0.5714285714285714,stop,2029,2142,7,65df43a0da45e741cb9384d10acced1bc1628846f8327010d7c9f3202f9ff29e
legacy,conv-50:107,conv-50,4,What emotion does Dave mention feeling when he sees the relief of someone whose car he fixed?,Proud,proud,1.0,stop,2030,2149,3,b67b2be765134071d9d0ffc94893c2297792a2904a977aca00929c068a56e35b
legacy,conv-50:110,conv-50,4,What plans do Calvin and Dave have for when Calvin visits Boston?,Check out Dave's garage and maybe get some ideas for future projects,"Calvin plans to visit Dave's garage, grab food together, explore Boston, try delicious food, visit popular attractions, and Dave plans to catch one of Calvin's shows and cheer him on.",0.10256410256410256,stop,2041,2155,40,31eaa25d348641dd6b7a25f7019dd4298a5f4218ef9850b277f76218092ad2f7
legacy,conv-50:117,conv-50,4,What does Dave find satisfying about restoring old cars?,Transforming something old and beat-up into something beautiful,"seeing the end result, knowing he did it together with his dad, bringing old cars back to life, and seeing people's reactions",0.07407407407407407,stop,2034,2145,27,83081779a396333225463cfeb55c317741aa7176a927a1c8b6bd905441067dd3
legacy,conv-50:118,conv-50,4,What do Calvin and Dave use to reach their goals?,Hard work and determination,hard work and determination,1.0,stop,2042,2154,5,0347f94a050ef88ecdcc53ce62bf08498776a9ae8158100331e77fa4491c28c8
legacy,conv-50:133,conv-50,4,Why did Dave start working on cars?,Fascinated with how machines work,He found an old car in a neighbor's garage at age ten and asked if he could fix it.,0.0,stop,2035,2144,22,8e7aa6941e035ce7a5313dbc9ad53b1e15a042abdb1568788c67f0064e05677d
legacy,conv-50:135,conv-50,4,What does Calvin believe makes an artist create something extraordinary?,Paying attention to small details,Paying attention to small details,1.0,stop,2032,2144,7,28d0e622a2ed96d12bcd956d0f10a24bb658dd408c4bd4cf6055cbd24509a7f8
legacy,conv-50:137,conv-50,4,When did Calvin first get interested in cars?,at an early age,unknown,0.0,stop,2033,2143,2,1dcd5a418ab6708cf63d8d54bc77eb1eba94f6f71898bb53a7e3e04b867d122f
legacy,conv-50:147,conv-50,4,What tools does Calvin use to boost his motivation for music?,Writing lyrics and notes,"notebook, vinyl",0.0,stop,2034,2147,5,3d3dcc3a16c0ba252e6a10002d35a8ad505005eb76d6c32289baac56f8efea85
legacy,conv-50:153,conv-50,4,What type of photos does Dave like to capture with his new camera?,"Nature - sunsets, beaches, waves","sunsets, beaches, waves",0.8571428571428571,stop,2048,2163,7,503a6ce571f2a76fc35af87f88ba4206202a1e4e0c70825c0faa8596b104a582
grounded,conv-26:0,conv-26,2,When did Caroline go to the LGBTQ support group?,7 May 2023,7 May 2023,1.0,stop,2029,2190,8,459a43d7746e7d043032f21af1ed8883261b514eda96f0e6ab24e5ff4eeb97fe
grounded,conv-26:4,conv-26,1,What is Caroline's identity?,Transgender woman,Trans,0.0,stop,2030,2187,2,810ee078eac180884b40b31dec0075da17f441d6a496a25f7771c6347096e3a7
grounded,conv-26:20,conv-26,2,When did Melanie go to the museum?,5 July 2023,5 July 2023,1.0,stop,2031,2190,8,0fb8a3d244a22e10e781e1b66068955ccde736cfb7435f299a0f746a6744bde2
grounded,conv-26:27,conv-26,3,Would Caroline pursue writing as a career option?,"LIkely no; though she likes reading, she wants to be a counselor",Unknown,0.0,stop,2031,2191,2,0348209c65d198a76e236c56cd54cf40952b87b09397b12c5836c0e566035c16
grounded,conv-26:32,conv-26,1,What LGBTQ+ events has Caroline participated in?,"Pride parade, school speech, support group","LGBTQ conference, LGBTQ support group, LGBTQ+ counseling workshop, LGBTQ activist group, LGBTQ art show",0.26666666666666666,stop,2027,2187,22,b7a6fb65c47c0a6009a65454824273f7a2120cf39b0d015d4ba17628fb9548df
grounded,conv-26:35,conv-26,2,When did Melanie go camping in July?,two weekends before 17 July 2023,"17 July 2023, 6 July 2023, 15 July 2023, 20 July 2023",0.3333333333333333,stop,2048,2207,38,9a31b5b86b9dd602aa96b692bb946c11f01652b17a88570903f55c82c3c7afd9
grounded,conv-26:60,conv-26,1,What instruments does Melanie play?,clarinet and violin,"clarinet, violin",0.6666666666666666,stop,2048,2205,5,868724cb600c0ff229ac60796c0dd8b03704e768f09d737af6fca2cf3524ecde
grounded,conv-26:62,conv-26,2,When did Melanie go to the park?,27 August 2023,27 August 2023,1.0,stop,2025,2184,9,115ec408302573054a2b78bc62a88f8228bb85010c24cb9a2c6bd1b7e106841d
grounded,conv-26:68,conv-26,2,How long has Melanie been practicing art?,Since 2016,Seven years,0.0,stop,2048,2207,3,fa5f4a263cf2e9bcf5c6a45340320688c74db4e0c16a52e1c9e0d3cb3aae0492
grounded,conv-26:69,conv-26,3,What personality traits might Melanie say Caroline has?,"Thoughtful, authentic, driven","Courageous, inspiring",0.0,stop,2044,2204,6,d383ed950df66e574852229e63f453d928ae905ad8c18a725e89fc6b7f5269a3
grounded,conv-26:70,conv-26,1,What transgender-specific events has Caroline attended?,"Poetry reading, conference","transgender poetry reading, transgender conference",0.7333333333333334,stop,2030,2189,8,25e98f8954dd59732c955eb0161b992abada6a0039e06f6bda5d349a2ffc0c7d
grounded,conv-26:71,conv-26,1,What book did Melanie read from Caroline's suggestion?,"""Becoming Nicole""",Unknown,0.0,stop,2031,2192,2,35f25249049abae80884de5c3e9f537a833279e34d4ed3c58494b0547e4a3244
grounded,conv-26:72,conv-26,2,When did Melanie's friend adopt a child?,2022,2022,1.0,stop,2043,2203,5,93285230b82c7fedd9bb5680f2ff5bda423c6d86014dddf966bd88a9eace523e
grounded,conv-26:74,conv-26,2,When did Melanie's family go on a roadtrip?,The weekend before 20 October 2023,This past weekend (relative to 20 October 2023),0.6153846153846154,stop,2043,2205,17,c0cfd50389af24b880d1b80541b811cde0b98ccab20232d0754ad8060276b0ca
grounded,conv-26:75,conv-26,1,How many children does Melanie have?,3,3,1.0,stop,2031,2189,2,aa4ea66061032a7a5bc34225b20ce7fa9df68e337b73c4b3f97a25719b05124c
grounded,conv-26:78,conv-26,1,What items has Melanie bought?,"Figurines, shoes",pink sneakers,0.0,stop,2048,2205,3,85742e763f43f66ba5f7d55124e2ac58698709176c7a84d121ed7a3ec2683001
grounded,conv-26:81,conv-26,3,Would Caroline want to move back to her home country soon?,No; she's in the process of adopting children.,Unknown,0.0,stop,2030,2193,2,5445e3a53bfcfaae83251c7e0c1efff35f6d773359000c49a8e7feb6c69fba82
grounded,conv-26:84,conv-26,4,How does Melanie prioritize self-care?,"by carving out some me-time each day for activities like running, reading, or playing the violin","Running, reading, or playing her violin",0.47619047619047616,stop,2030,2188,9,dd7dbfa4c17567bdab76b7df2ecfecd6df171516477bdd21f023ee00a1fd6b8c
grounded,conv-26:85,conv-26,4,What are Caroline's plans for the summer?,researching adoption agencies,Planning a special trip for just Caroline and Melanie to explore nature.,0.0,stop,2032,2192,14,13274a925cc4597854224b730df0dd02a08bb18c527412dfb1cf6e14213d6b44
grounded,conv-26:86,conv-26,4,What type of individuals does the adoption agency Caroline is considering support?,LGBTQ+ individuals,LGBTQ+ folks,0.5,stop,2032,2196,6,82d8e9c41eba0bd5dbb62c2295e2a17046bcddbcc8791e554e9f85f4f058b1a1
grounded,conv-26:101,conv-26,4,Did Melanie make the black and white bowl in the photo?,Yes,Yes,1.0,stop,2044,2207,2,239fd30702cc62555a9053d2282f534f261e6819c753aa4eaf206118afaf6b14
grounded,conv-26:108,conv-26,4,What does Melanie say running has been great for?,Her mental health,"her headspace, her mental health, and to destress and clear her mind",0.46153846153846156,stop,2047,2208,17,aed2f35dd5161b06505bc0b586fbeda93faf5276bdf01c090591ec6f967ee414
grounded,conv-26:113,conv-26,4,What did Caroline see at the council meeting for adoption?,many people wanting to create loving homes for children in need,Inspiring and emotional stories of people wanting to create loving homes for children in need.,0.8,stop,2036,2198,18,162099e63a5792d38383c3cfd0c47bb9faa247f70bd7a5aff7b0513a413464ae
grounded,conv-26:115,conv-26,4,Why are flowers important to Melanie?,They remind her to appreciate the small moments and were a part of her wedding decor,"They represent growth, beauty, and remind her to appreciate the small moments; they were an important part of her wedding decor and always remind her of that day.",0.7027027027027027,stop,2046,2204,33,c5efbbd6eafa64a25d31c9f978804a613c4ef5fd13e63c5bd6b3745d7ace63b1
grounded,conv-26:120,conv-26,4,Whose birthday did Melanie celebrate recently?,Melanie's daughter,Her daughter,0.5,stop,2041,2200,3,a06cb542608987b34db57080ea60f4586f5d7e0f8606529c3c2c000ca6a84769
grounded,conv-26:121,conv-26,4,Who performed at the concert at Melanie's daughter's birthday?,Matt Patterson,Matt Patterson,1.0,stop,2047,2210,3,83202796eb8e0de72c99742e4f4ff23f3bb7a1ec023c26e2b590de2cbfcee1ec
grounded,conv-26:130,conv-26,4,Which  classical musicians does Melanie enjoy listening to?,Bach and Mozart,"Bach, Mozart",1.0,stop,2047,2208,5,b834b86b6355afe6f811250e1a94d59df002046f3578e4fe787859f96f9acd9a
grounded,conv-26:138,conv-26,4,"What kind of painting did Caroline share with Melanie on October 13, 2023?",An abstract painting with blue streaks on a wall.,Abstract,0.25,stop,2048,2220,2,216dc74b6da9ef25c33d2ab85b2a9138dc0ed8e2afe01ab9a81b288ec3db5d02
grounded,conv-26:140,conv-26,4,What did the posters at the poetry reading say?,"""Trans Lives Matter""",trans lives matter,1.0,stop,2047,2208,4,6435028727729f9b12c94e325dce7be47f7a33934ca1795a65e386c7eb13653c
grounded,conv-26:142,conv-26,4,How do Melanie and Caroline describe their journey through life together?,An ongoing adventure of learning and growing.,As an ongoing adventure of learning and growing.,0.9090909090909091,stop,2048,2211,10,bef10eca156695c3d3b9d68447a1bd0ad2a84e4a9880088eef308bff594b8fbb
grounded,conv-26:149,conv-26,4,What do Melanie's family give her?,Strength and motivation,"motivation, support, love, strength",0.6666666666666666,stop,2048,2207,9,e0f2613f3b0be2c0fe91e301720748446624d380ffa8f2ffe528406dd2aeae44
grounded,conv-30:0,conv-30,2,When Jon has lost his job as a banker?,"19 January, 2023",19 January 2023,1.0,stop,2048,2209,9,007aa842e90ed2bce01632917a8644049ffdb1dde244fb4d9a31375394adbcda
grounded,conv-30:21,conv-30,2,"When did Jon start reading ""The Lean Startup""?","May, 2023",Unknown,0.0,stop,2043,2204,2,9225da2d8e97563abd6040cb22a71b29b77b1f559920d31f86dc322b61592daf
grounded,conv-30:27,conv-30,1,Did Jon and Gina both participate in dance competitions?,Yes,Yes,1.0,stop,2040,2201,2,1eeada628bb3a4a633ccd435aeb8b334f9c8cd8efd0d0eeeb42cc57f19162e79
grounded,conv-30:29,conv-30,1,Which cities has Jon visited?,"Paris, Rome","Paris, Rome",1.0,stop,2043,2200,4,27f688e901f68fc128f50ca368af565e8d1f2d468e8e07b90c7100670b048b0e
grounded,conv-30:30,conv-30,2,When Jon is planning to open his dance studio?,"20 June, 2023",20 June 2023,1.0,stop,2031,2192,9,cb425bdcf7a19319afc4766102a63728ff0c3eddbd8eb8dfcdd5013b2208a694
grounded,conv-30:35,conv-30,2,When did Jon start learning marketing and analytics tools?,"July, 2023",9 July 2023,0.8,stop,2043,2204,8,39dae0e8fed1fd1d3487b87998c02e37434e469f5cb4f8be1621eb370cd42943
grounded,conv-30:36,conv-30,2,When did Jon and Gina decide to collaborate to create dance content?,21 July 2023,21 July 2023,1.0,stop,2036,2200,9,3297ff8791a8839095f7921d677d869b4f15d0a676df27c91c48e9ac18688a2b
grounded,conv-30:41,conv-30,4,What was Gina's favorite dancing memory?,Winning first place at a regionals dance competition,Winning first place at a regional competition when she was fifteen,0.7058823529411765,stop,2026,2185,13,a3ab9067ec269603c70b700822b6aec81d2e575847507cf50ccadf54abaf4d25
grounded,conv-30:46,conv-30,4,What kind of flooring is Jon looking for in his dance studio?,Marley flooring,Marley flooring,1.0,stop,2048,2212,4,64dc71672fd6799195d6405266ca11d06aa82b58b4ebc1051cf76bc422f7fe4b
grounded,conv-30:59,conv-30,4,Why did Gina combine her clothing business with dance?,she is passionate about dance and fashion,"To show her creativity, share her love for dance and fashion with others, and add dance-inspired items to her store.",0.16666666666666666,stop,2047,2208,25,4b7978c8346a6cdc84560448983f51cacb7949e6f8f84c44d1b86b08b344065c
grounded,conv-30:64,conv-30,4,Where is Gina's fashion internship?,fashion department of an international company,an international company,0.5714285714285714,stop,2048,2206,4,44cd5c9ac429e646248ee29a0aea5c62cc2b2386736acc77350c71da33db2093
grounded,conv-30:66,conv-30,4,What is Jon offering to the dancers at his dance studio?,One-on-one mentoring and training,"dance classes, workshops, one-on-one mentoring, and training",0.6666666666666666,stop,2046,2209,13,66bcfafdda72361e7acbb33d2e02e30a87ebbbf77472122b9cbb1a70aae3bd00
grounded,conv-30:70,conv-30,4,What is Jon working on opening?,a dance studio,a dance studio,1.0,stop,2033,2191,4,da8e49ff2277975f56b71e925ed6e8d0093618165fa08ed1777be82e91c9ce7a
grounded,conv-30:75,conv-30,4,What does Gina say to Jon about the grand opening?,Let's live it up and make some great memories,Can't wait to have fun at your dance studio!,0.0,stop,2045,2207,12,2fe9abca5f33be11d27191a599f98757d515ecbfc5e4b740fa8c806d6011b36e
grounded,conv-30:77,conv-30,4,What did Gina make a limited edition line of?,Hoodies,hoodies,1.0,stop,2033,2194,3,d7558b03da01436a43edf9f77731e69a14bcf460f87c583f1d2a386e69648194
grounded,conv-41:6,conv-41,1,Where has Maria made friends?,"homeless shelter, gym, church","Church, gym, homeless shelter",1.0,stop,2046,2203,7,ebb10594d8091e9bb883e49ebea1a6c04e76c4e59c4ceed2464627726015b857
grounded,conv-41:9,conv-41,1,Who gave Maria's family money when she was younger and her family was going through tough times?,Her aunt,Maria's aunt,0.5,stop,2028,2198,4,af2d83858fc5e2d3db87e53042d7ad64565f71dd6e3f7a73174a517b6d609e3b
grounded,conv-41:15,conv-41,1,What writing classes has Maria taken?,"Poetry, creative writing","creative writing, poetry",1.0,stop,2045,2203,5,feb0a3403d68e0fce09505e4698abfd8bd81d055a0ca713554c9a34f1aaea503
grounded,conv-41:16,conv-41,2,When did John get his degree?,The week before 2 April 2023,March 2023,0.2857142857142857,stop,2034,2192,7,46f0dcb35902cb5dbdd11efecb3b585c8af21ae8ba34f3d25876169e28f5d859
grounded,conv-41:18,conv-41,1,Who did John go to yoga with?,Rob,A colleague,0.0,stop,2034,2193,3,ccfdb435d040621c92b1593fb93731ec693874747a5a662a9be756ddd521eda7
grounded,conv-41:20,conv-41,2,When did John take a road trip to the Pacific Northwest?,2022,2022,1.0,stop,2035,2198,5,1bc3bd9369d36051d124833e5cbd662d14cdd3b5e58507336abe7e648306821c
grounded,conv-41:21,conv-41,1,What areas of the U.S. has John been to or is planning to go to?,"Pacific northwest, east coast",East Coast,0.5,stop,2045,2214,3,8be642aa79295382a5fef6d990aa174138d905c173f47a4e34938a01bd00f351
grounded,conv-41:24,conv-41,2,When did John start boot camp with his family?,April.2023,April 2023,0.0,stop,2041,2202,7,2231f13219529efce9c50a9e23bfc4c14486d46e4b38dfcbea8876a0d324438b
grounded,conv-41:30,conv-41,1,What shelters does Maria volunteer at?,"The homeless shelter, the dog shelter","homeless shelter, local dog shelter",0.9,stop,2046,2204,8,524e87ad523b1c4a5ed8a37652a7d69f2b1d5f9d5a67c598474696b891b2ef05
grounded,conv-41:41,conv-41,3,Does John live close to a beach or the mountains?,beach,Unknown,0.0,stop,2027,2189,2,468e2e598b520e0d8e4df915ffc1fdb40e9f9434922f386ddd3e81ead935b8b4
grounded,conv-41:46,conv-41,2,When did Maria go hiking with her church friends?,The weekend before 22 July 2023,Last weekend (relative to 22 July 2023),0.6666666666666666,stop,2047,2208,16,854d8074e071a655df60d60b82e7cd68e66fa9944800e42972775450fc80c7d7
grounded,conv-41:50,conv-41,3,What attributes describe John?,"Selfless, family-oriented, passionate, rational","Inspiring, community-focused, motivated, growth-oriented, compassionate, and supportive.",0.0,stop,2044,2200,17,8d10ed14aa42b667eba6b5e4d021c041eb98f73103ee74ddb17977e84139ab30
grounded,conv-41:58,conv-41,2,When did Maria get Coco?,Two weeks before 11 August 2023,28 July 2023,0.2222222222222222,stop,2044,2201,9,c82a55bab81cb6200c994f6d1e1e09a00032c79f08ad32d998cf2a63ed0c62f4
grounded,conv-41:67,conv-41,4,How did the extra funding help the school shown in the photo shared by John?,"Enabled needed repairs and renovations, making the learning environment safer and more modern for students.","It enabled needed repairs and renovations, making the learning environment safer and more modern for students.",0.96,stop,2039,2206,19,3983560be78f0754bf7b951ab3bc52f31936183ab8f99a3334c5a4bed37ed919
grounded,conv-41:79,conv-41,4,How often does John take his kids to the park?,A few times a week,A few times a week,1.0,stop,2047,2209,6,5d9d8ca5e109e5a639ef67a183a36de20885cea5a86da234c3001be975b6b244
grounded,conv-41:80,conv-41,4,What did Maria make for her home to remind her of a trip to England?,painting of a castle on a hill,A painting of a castle on a hill,1.0,stop,2033,2200,9,9c72841b8890a4889bd973d3dd78266e2e8428e3bee3a60f8c5e8472af219aee
grounded,conv-41:83,conv-41,4,What areas is John particularly interested in for policymaking?,education and infrastructure,"education, infrastructure",1.0,stop,2043,2205,4,6b99205c16c633bb248801d374d10c0cc930af635a61692a2a911455f18fd7d5
grounded,conv-41:85,conv-41,4,What event did John volunteer at last weekend?,career fair at a local school,5K charity run,0.0,stop,2047,2207,5,857e5dc213c5d95b340b601e24ac7584d8332f83b218338edafc49f640efcb27
grounded,conv-41:92,conv-41,4,How often does John work out with his family?,Three times a week,Three times a week,1.0,stop,2030,2191,5,f8329c7f5cefff411ae3c15065b1c2915e8f8767d2fcb0bb468e76605f545055
grounded,conv-41:96,conv-41,4,What did Maria do to feel closer to a community and her faith?,joined a nearby church,"Joined a nearby church, bought a cross necklace",0.6666666666666666,stop,2025,2190,10,9ded163b42beec0efb30634357f5dc70c3396a9f50276bdd2238d783cca6e0f7
grounded,conv-41:97,conv-41,4,Why did Maria join a nearby church recently?,to feel closer to a community and her faith,To feel closer to a community and her faith.,1.0,stop,2043,2203,11,fed46c9154e144f48e3ab1d14607e319d5a5da024c4f62ebdd683ad1a9fb9277
grounded,conv-41:106,conv-41,4,What important values does John want to teach his kids through adopting a rescue dog?,Responsibility and compassion,"responsibility, compassion",1.0,stop,2047,2214,5,e1e67d1bf39a5852a685d4cbf94051e61027df7c2b4599f11b542770ce01082a
grounded,conv-41:115,conv-41,4,What kind of event did John and his family attend in June 2023?,live music event,Live music event,1.0,stop,2047,2216,4,cad5409f9e790523ad296ddd960b7d2a8753b6218d254cf6f5101709bb252196
grounded,conv-41:116,conv-41,4,Why did Maria need to help her cousin find a new place to live?,Her cousin had to leave and find a new place in a hurry.,Because her cousin had to leave in a hurry after a car ran a red light and hit them.,0.56,stop,2042,2208,21,412deb7e4ec40986295c003a5cb66a098b686ee64080891f795b23a9ebcc116d
grounded,conv-41:117,conv-41,4,What event did John participate in to show support for veterans' rights?,marching event,Marching event,1.0,stop,2033,2198,4,379e00fb51b863dd19583daea32189be717b073bc5f625ca8549457b5c3ce50f
grounded,conv-41:118,conv-41,4,What inspired John to join the marching event for veterans' rights?,Respect for the military and the desire to show support,His great respect for the military and his desire to show his support.,0.7777777777777778,stop,2043,2207,15,ca72e56229901bd7905539d031cb3ef9f965e56c5ce97426e86d107711c173cf
grounded,conv-41:122,conv-41,4,"What motivated Maria and John to discuss potential solutions for their community on 7 July, 2023?",Flood in John's old area,"A nasty flood that hit John's old area the week before 7 July 2023, which ruined many homes due to poor infrastructure.",0.32,stop,2048,2222,31,8a1124a933471bfda9cd4bbc9b2b20f0e372e02e12ef7ea06acb1cb25eef6021
grounded,conv-41:137,conv-41,4,What happened to John's job in August 2023?,John lost his job at the mechanical engineering company.,He lost his job at a mechanical engineering company because the company tanked.,0.7368421052631579,stop,2031,2196,16,99c00fb071f40a307d764169c539e65186f68bcb9efc5ad0ce540c3952ed5632
grounded,conv-41:138,conv-41,4,What activity did Maria take up with her friends from church in August 2023?,community work,community work,1.0,stop,2048,2218,3,bb905755b06285dc704278f59479fad49635c88920098ed113bfa7207ae7504e
grounded,conv-41:150,conv-41,4,What activities does John's family enjoy doing together?,"going for hikes, hanging out at the park, having picnics, playing board games, having movie nights","hiking, hanging out at the park, having picnics, playing board games, having movie nights, climbing, sliding, playing games",0.8125,stop,2033,2194,29,a06e652cc0185beee3dddf612a22f470d17d0df1599f0a22231d37925d965b49
grounded,conv-42:1,conv-42,1,What kind of interests do Joanna and Nate share?,"Watching movies, making desserts","Movies, video games",0.3333333333333333,stop,2047,2208,5,288c2bb48303f11ddaa867576c107572cf498293d5661d510fabab83d5156979
grounded,conv-42:2,conv-42,2,"When did Joanna first watch ""Eternal Sunshine of the Spotless Mind?",2019,unknown,0.0,stop,2034,2200,2,32b549751fe15d3cfe863b20af208bb0080e8025d9c4a4629b2984836239197d
grounded,conv-42:6,conv-42,2,How long has Nate had his first two turtles?,three years,3 years,0.5,stop,2033,2194,3,2fdefc92c4c3be6883e7c00efa506d030ee4c44c0d499903dd79657d2b425c8b
grounded,conv-42:11,conv-42,1,What is Joanna allergic to?,"Most reptiles,animals with fur,cockroaches, dairy","most reptiles, animals with fur, cockroaches, turtles",0.75,stop,2047,2204,14,fa1db4abc1cfb11c5114b8309069e95e69cbd583d9ee4a278b3243cef5ed42a1
grounded,conv-42:24,conv-42,2,When is Nate hosting a gaming party?,"The weekend after 3June, 2022.",24 June 2022,0.2857142857142857,stop,2048,2207,9,dad97da2f8f500ee678cfc03d9638ee115d7fb9dcca9347369149daa5d3cd6cf
grounded,conv-42:28,conv-42,2,When did Nate make vegan icecream and share it with a vegan diet group?,"The Friday before 24June, 2022.",23 June 2022,0.2857142857142857,stop,2031,2198,9,3547801ff592c8aa67e6194be6c3c9f9f735b54cd9efcb4e5b252c7318a4d1c3
grounded,conv-42:32,conv-42,2,Where did Joanna travel to in July 2022?,Woodhaven,Woodhaven,1.0,stop,2033,2197,3,72c2a1839b7ba96d8aa6258f4e3839d66784c6a42bc7d8ec18afde4ed07c8106
grounded,conv-42:39,conv-42,2,When did Nate attend a cooking show?,"The Monday before 14September, 2022",14 September 2022,0.2857142857142857,stop,2048,2207,9,c272393c41b3b9f9c8799350884f55b886a91e32e5506cf7c07ffc342d2449d8
grounded,conv-42:41,conv-42,2,When did Joanna make a chocolate tart with raspberries?,"5 October, 2022",Unknown,0.0,stop,2039,2201,2,cd0973093dea5399bf5eb3e98ea49745e5df818019cbe4eb0733a955cc142cc8
grounded,conv-42:49,conv-42,1,How many times has Joanna's scripts been rejected?,Twice,2,0.0,stop,2035,2196,2,0cff9ae70db35bfeebe5a758f54cddad83663a550dcd15eafb073a1317b82249
grounded,conv-42:57,conv-42,2,When did Joanna plan to go over to Nate's and share recipes?,"5 November, 2022.",5 November 2022,1.0,stop,2032,2197,8,cd83055db666685b6a3bfcdb63149980073500c592f81c4e9e86fe96d14b3267
grounded,conv-42:61,conv-42,1,What mediums does Nate use to play games?,"Gamecube, PC,Playstation.","Video games, board games",0.0,stop,2033,2193,6,7eb59b59cdd1ed547426883814d0f46828d2351db8802ab617419636032c9fa9
grounded,conv-42:63,conv-42,1,What video games does Nate play?,"Valorant, Counter Strike:Global Offensive,Xenoblade Chronicles, StreetFighter, Cyberpunk 2077","Counter-Strike: Global Offensive, Street Fighter, Cyberpunk 2077",0.26666666666666666,stop,2033,2191,18,022b289ddf0b0b3feef3ede9e06dfd38d7773755f52aa743d2a49f6829270fa8
grounded,conv-42:66,conv-42,3,What alternative career might Nate consider after gaming?,"an animalkeeper at a localzoo and workingwith turtles; as heknows a great dealabout turtles andhow to care for them,and he enjoys it.",Publishing his own screenplay,0.0,stop,2037,2197,6,8323617db5e1e7784c47b6feb32121bf62c2337dfceed761bef6692b797d5492
grounded,conv-42:78,conv-42,1,How many video game tournaments has Nate participated in?,nine,unknown,0.0,stop,2040,2201,2,fc38910275455b54b9ee785c04a0f26ca8c505abe1fd3377a30942f900af4cf0
grounded,conv-42:82,conv-42,1,What recipes has Nate made?,"coconut milk icecream, chocolate and vanilla swirl","vegan ice cream recipes, coconut milk ice cream, lactose-free ice cream using coconut milk, dairy-free chocolate cake with berries, chocolate and vanilla swirl ice cream, dairy-free chocolate coconut cupcakes with raspberry frosting, cookies, pies, cakes",0.6607142857142857,stop,2039,2196,49,3a7814b259e628b9df8270362be1a9e4cdda6fe6c541ed05f3aa064fc9bf5531
grounded,conv-42:85,conv-42,3,What kind of job is Joanna beginning to preform the duties of because of her movie scripts?,filmmaker.,Screenwriter,0.0,stop,2028,2198,3,234af43dcedd39e1375879d3f21e9988dc4fdb86dd93c1ffcd2c00cfe17e0ea1
grounded,conv-42:88,conv-42,4,What is one of Joanna's favorite movies?,"""Eternal Sunshineof the Spotless Mind""",Little Women,0.0,stop,2048,2208,3,483e2203e70a43b6b41e421650b08e596e9fc18e4ff8036a21ad26e31159385d
grounded,conv-42:94,conv-42,4,What is Joanna's third screenplay about?,"loss, identity, and connection","loss, identity, and connection",1.0,stop,2027,2186,7,f77dfcec252dcdc2bf2ea1d5f99de2adc088adfccc384378400d2121ed81fb24
grounded,conv-42:95,conv-42,4,What is Nate's favorite video game?,Xenoblade Chronicles,Unknown,0.0,stop,2033,2192,2,5f0ad90ea4fc9705b9970321ee452848f1983f0195be64bd77ff016a86628920
grounded,conv-42:98,conv-42,4,What genre is Joanna's first screenplay?,drama and romance,Drama and romance,1.0,stop,2045,2204,5,7fb76519e3bfba3bd38c61aa1d4bcb4ebd7d70d94fc5b1bdd9dc005739bd6d85
grounded,conv-42:103,conv-42,4,"What did Joanna recently watch and recommend to Nate on February 7, 2022?","""Little Women""",Little Women,1.0,stop,2047,2218,3,f4a1ee72a7fecb10bee49fa7aed1d2840d59085e9f1c85301959489ac74281ea
grounded,conv-42:109,conv-42,4,What was Joanna's audition for?,writing gig,a writing gig,1.0,stop,2047,2205,4,06b416be2e6ca34550aaa3ce30c50a777271e8fcb8689e87fcd3f84e75d9e222
grounded,conv-42:110,conv-42,4,Why did Nate choose the hair color he did?,Bright and bold - like him,He wanted to stand out from regular options.,0.0,stop,2039,2200,10,2f0b6dfb177d5d0c61c2e8aaaac5db8edb617b483d22c11385378bbd044c6cd6
grounded,conv-42:115,conv-42,4,What kind of films does Joanna enjoy?,Dramas and emotionally-driven films,"dramas, emotionally-driven films, romcoms",0.8571428571428571,stop,2044,2203,12,fe8b1dd9b2677a60eb296ebd8e5ed2130cd94c20bee91d2ba2ed49c841aa7159
grounded,conv-42:116,conv-42,4,Which activity helps Nate escape and stimulates his imagination?,watching fantasy and sci-fi movies,Playing video games,0.0,stop,2026,2187,4,0ecc776d4e11ce979cdfb25239bcb2f0238680aca837589feff9e9021193b7a3
grounded,conv-42:125,conv-42,4,Who did Nate plan to invite to his gaming party in June 2022?,"Tournament friends, old friends, teammates","old friends, teammates from other tournaments, tournament friends",0.7692307692307693,stop,2047,2216,11,7e8a89f7e17257b7dcb93f962c7684e422539d59d5279cb0964247e855bbb10c
grounded,conv-42:127,conv-42,4,What did Joanna write yesterday that appeared on the big screen?,screenplay bits,bits for a screenplay,0.8,stop,2041,2204,5,bd5aaded8adc52ef53df1d45b487f76e6c8359a05c0832c73ddc44d5a32938a6
grounded,conv-42:133,conv-42,4,How many people attended the gaming party hosted by Nate in June 2022?,7,7,1.0,stop,2039,2208,2,5511830e1b3102148e4e041ce5e0d9c139f215318eae6aeb67229e01490ceafc
grounded,conv-42:155,conv-42,4,What is Nate's favorite dish from the cooking show he hosted?,Coconut milk ice cream,Coconut milk ice cream,1.0,stop,2033,2197,6,a4d1d8b637d1221465389af0d8552fb37a49c544c2ed83715927c0775ad2770d
grounded,conv-42:158,conv-42,4,What kind of cake did Joanna share a photo of that she likes making for birthdays and special days?,chocolate cake with raspberries,Dairy-free chocolate cake with raspberries,0.8888888888888888,stop,2042,2213,9,c8f974ac6d15ed097b082258f1dc7b85d12e0096adb373fa49f572f25722b658
grounded,conv-42:172,conv-42,4,How does Nate feel about Joanna's ability to bounce back from setbacks?,respect Joanna for being able to bounce back,He respects her for it.,0.3076923076923077,stop,2027,2192,7,08a82bdcbe4d5dfec8e2ab13cf085ee67e808e2beac56fb6f35e808c173e771a
grounded,conv-42:174,conv-42,4,What does Nate rely on for cheer and joy?,his turtles,turtles,0.6666666666666666,stop,2045,2206,3,587b888b4ec981a5ec7105d5a550957c41de9f7800132fcc5ba72cb0218e7fb8
grounded,conv-42:177,conv-42,4,What inspires Joanna to create drawings of her characters?,visuals to help bring the characters alive in her head so she can write better,To help bring them alive in her head so she can write better.,0.8888888888888888,stop,2038,2199,15,9e2951da3287c129b32e122389cb35ebc4013a7ebdb4d6aba598e364b5a4550f
grounded,conv-42:183,conv-42,4,"What game is Nate currently playing and recommends to others on November 7, 2022?","""Xenoblade Chronicles""",Xeonoblade Chronicles,0.5,stop,2033,2205,6,68f047e211a8538d4105fe317e6b3c10a71cb16b23680b89b1a54a3cb4d8ada6
grounded,conv-42:184,conv-42,4,What did Joanna receive from her brother that brought back childhood memories?,a handwritten letter,A handwritten letter,1.0,stop,2038,2202,4,f8e3ed2a8e358a0f58d9820c35ce46f120a6ce7f1ebadfcd52a7dddf782b4b96
grounded,conv-42:190,conv-42,4,What new content is Nate creating for YouTube?,Gaming videos,gaming content,0.5,stop,2041,2201,4,181f73debc85b09073a683d8f9a9ee3ab9a45df16bface3d4bfc1a9cae4621a7
grounded,conv-42:193,conv-42,4,What inspired Joanna to take a picture of the sunset in the field near Fort Wayne?,The incredible sunset and surrounding beauty,The sunset and the surrounding beauty,0.8571428571428571,stop,2045,2213,7,2261f5fc2a18244498c88ee40de873b83478895fd99335a9cd6fbee81a75fc9d
grounded,conv-42:196,conv-42,4,What did Nate take to the beach in Tampa?,turtles,turtles,1.0,stop,2034,2195,3,d9bb0bc3aac0e4002bba3f14f79ae165aa1b44d371afeb67c63a485836f89caa
grounded,conv-43:5,conv-43,3,"Based on Tim's collections, what is a shop that he would enjoy visiting in New York city?",House of MinaLima,Bookstore,0.0,stop,2035,2206,3,52e1a0c313fec81b7165ec6ef634ce931fe28e2aeda80cccf79f2cc5d582565c
grounded,conv-43:7,conv-43,1,Which geographical locations has Tim been to?,"California, London, the Smoky Mountains","London, Galway, Ireland",0.3333333333333333,stop,2030,2189,7,5e89f9903e95db64598b2e0562b1b9c8dbe151f6912a354c95664e0a01d00673
grounded,conv-43:22,conv-43,2,When did John meet with his teammates after returning from Chicago?,"August 15, 2023",15 August 2023,1.0,stop,2033,2196,9,ee857bb81b4ae1bdfc6fdac4a0d6039cf705876a45563532ce6619be75002b49
grounded,conv-43:25,conv-43,1,What similar sports collectible do Tim and John own?,signed basketball,Basketball jerseys,0.5,stop,2028,2190,4,8e1699af62402bd7d855ffa3cf6a220686fab31a504d9bbcf8121cb5b2730d18
grounded,conv-43:32,conv-43,3,Which US states might Tim be in during September 2023 based on his plans of visiting Universal Studios?,California or Florida,Florida,0.5,stop,2046,2220,2,3b837b219e91b982c630217103a624f1b70f99a0cf0dcbd6dd441f534077c0d7
grounded,conv-43:34,conv-43,3,What could John do after his basketball career?,become a basketball coach since he likes giving back and leadership,"make a positive difference, inspire others, start a foundation, do charity work",0.0,stop,2048,2208,16,7a76081f36b7647ea1502c605ca81ee5b8239e4f605630397c87118abc3771b2
grounded,conv-43:35,conv-43,1,What outdoor activities does John enjoy?,"Hiking, surfing","Hiking, camping",0.5,stop,2046,2204,5,2a5dc1dbca4a099a488fd6837fb7967fb0b64c0f9057e102c751290843a02b0c
grounded,conv-43:40,conv-43,2,Has Tim been to North Carolina and/or Tennesee states in the US?,Yes,Unknown,0.0,stop,2030,2197,2,548ef64d2116de77fc0cf9e6d60471a2eb8880ea9b686ad3d00e55d80596b802
grounded,conv-43:41,conv-43,1,What kind of fiction stories does Tim write?,Fantasy stories with plot twists,Fantasy,0.3333333333333333,stop,2044,2204,3,703102b0ebbbc7c910c7a6d50eee1b5d4207b624732755ea46d2e14c5fecb399
grounded,conv-43:47,conv-43,2,When did John get married at a greenhouse?,last week of September 2023,25 September 2023 to 1 October 2023,0.3333333333333333,stop,2033,2193,18,4d19dfd4c1b79754acd016ee9106b34ce4951e4917c3356e9f7cd8590df70c83
grounded,conv-43:48,conv-43,1,When did John get an ankle injury in 2023?,"around November 16, 2023",Unknown,0.0,stop,2033,2198,2,1fab13d16d24c73a9d57f28e806501f645bb2c86075affd964ac23929afe7667
grounded,conv-43:50,conv-43,1,Which book was John reading during his recovery from an ankle injury?,The Alchemist,Dune,0.0,stop,2025,2189,3,1f1d6a7c8d89364cc838af62502ee9244ef1ff817968f745833e484a6c8f32c9
grounded,conv-43:58,conv-43,2,When did John attend the Harry Potter trivia?,August 2023.,Last August,0.5,stop,2048,2208,3,98c65cf52c8ecd035d2b31f0edacf6337db3823c75af4887190da035dd1c7083
grounded,conv-43:68,conv-43,2,What day did Tim get into his study abroad program?,"Januarty 5, 2024","Friday, 7 January 2024",0.2857142857142857,stop,2040,2202,11,b56e13540b6c0bb3bb92efd9f45517c0012aff26616fe3b57cbf680e4c03aa83
grounded,conv-43:73,conv-43,4,What challenge did John encounter during pre-season training?,fitting into the new team's style of play,Fitting into the new team's style of play,1.0,stop,2030,2191,11,b549918198e068c1f15653d342853280540658aa2f571d6b59ab2911c2e3273e
grounded,conv-43:78,conv-43,4,What did John celebrate at a restaurant with teammates?,a tough win,their win,0.5,stop,2047,2208,3,084094fa0d798ea9d2459b3846bbfa407d54157a9b391bb9adf34839db644b1e
grounded,conv-43:89,conv-43,4,What is John's number one goal in his basketball career?,Winning a championship,Winning a championship,1.0,stop,2046,2209,5,b9c6d8ede34c5adf8f2e975084309b7d37dec174917e96eae13700bb04b5add3
grounded,conv-43:94,conv-43,4,What is the main intention behind Tim wanting to attend the book conference?,to learn more about literature and create a stronger bond to it,To learn more about literature and create a stronger bond to it.,1.0,stop,2027,2192,14,758e934048f6fb1bd6ea929258fab0e49f47bff1525e8ace2e3b5858e2c6d0be
grounded,conv-43:97,conv-43,4,"What special memory does ""Harry Potter and the Philosopher's Stone"" bring to Tim?",Watching it with his family,Watching it with his family,1.0,stop,2042,2211,6,c32f6fb7f410b4a9dcebdca50b34ab638134141d18574e85401ddb3f3cb5a35f
grounded,conv-43:98,conv-43,4,Which movie does Tim mention they enjoy watching during Thanksgiving?,"""Home Alone""","Home Alone, Elf, The Santa Clause",0.5714285714285714,stop,2036,2198,9,bcf1185abfbf494adddc231f811c754faae20921fb4611598fd587a0d87c45ea
grounded,conv-43:100,conv-43,4,How long did John and his high school basketball teammates play together?,Four years,four years,1.0,stop,2047,2211,3,2138cb62f60db653f3f5ae631482f34f4132cc9940fbfabbebbf4482f2389c02
grounded,conv-43:102,conv-43,4,"What did John say about NYC, enticing Tim to visit?","It's got so much to check out - the culture, food - you won't regret it.",It was amazing. Everywhere you go there's something new and exciting. Exploring the city and trying all the restaurants was awesome. It's a must-visit!,0.1875,stop,2034,2197,34,71af142ca54e4108029d3862d23f706fdf4a7db3c7ea5e5ae2fc01ba799fda00
grounded,conv-43:104,conv-43,4,What spice did John add to the soup for flavor?,sage,sage,1.0,stop,2043,2205,3,ce02780da3a5e96a0226712a2c8f82d68b0de941903fc00e65568a8b110e1b3b
grounded,conv-43:105,conv-43,4,What is Tim excited to see at Universal Studios?,The Harry Potter stuff,Harry Potter stuff,1.0,stop,2043,2204,4,0b3dbe16008c5a35a21b4a9fbce734b1932a7067b8ddd7957708cf6637f7d2a7
grounded,conv-43:112,conv-43,4,What was the setting for John and his wife's first dance?,Cozy restaurant,a cozy restaurant,1.0,stop,2047,2211,4,a0305f83bb1df1c5a09dafef28bced715c8c19d7b40f90ced84f0ab2b111ddce
grounded,conv-43:124,conv-43,4,Who is one of Tim's sources of inspiration for writing?,J.K. Rowling,J.K. Rowling,1.0,stop,2048,2211,5,95053f840c243b3a2002ebf5197e42c2cba7a34dec9cb4ae07cbda38daa16577
grounded,conv-43:128,conv-43,4,What type of meal does John often cook using a slow cooker?,honey garlic chicken with roasted veg,Honey garlic chicken with roasted vegetables,0.8333333333333334,stop,2037,2201,8,492b225c9272c6596f798941023ef5d6de0d7a13b5c5b673d78da2f8dd8f8745
grounded,conv-43:130,conv-43,4,"What was Tim's huge writing issue last week,as mentioned on November 6, 2023?",He got stuck on a plot twist,getting stuck on a plot twist,0.7272727272727273,stop,2030,2204,7,3ea5a7fddf2d7780ddfb8af34b17c915380e841c93a0cb395f45a80c9609fc8a
grounded,conv-43:133,conv-43,4,How did John describe the views during their road trip out on the European coastline?,Spectacular,spectacular,1.0,stop,2028,2195,3,9757b7069724e415cae992b0fb076e5b1a81e2233a59322d13b31ee13f8b949e
grounded,conv-43:143,conv-43,4,What is John trying out to improve his strength and flexibility after recovery from ankle injury?,yoga,Yoga,1.0,stop,2047,2215,3,1a791d18289cf1d93c391a152bfb476c0a644de4f7bdfe097b7fd220c83d4526
grounded,conv-43:149,conv-43,4,"What book did Tim just finish reading on 8th December, 2023?","""A Dance with Dragons""",A Dance with Dragons,1.0,stop,2038,2208,5,bcbae44501c4370867d4da83bd2c763960ce1a63c73580dd2790d0ba7937a75d
grounded,conv-43:154,conv-43,4,How did John feel about the atmosphere during the big game against the rival team?,electric and intense,Electric,0.6666666666666666,stop,2047,2214,2,db7ccd3c3a6075de4316923e7e1321da0e19b85c2b33f0d4ee719c703f9ede41
grounded,conv-43:155,conv-43,4,How did John feel after being able to jog without pain?,It was a huge success.,Relieved,0.0,stop,2047,2210,3,a291b67cbf94d407679d8a3c67525d0ccaa6b4bf5a837610334c0eb79365b75d
grounded,conv-43:170,conv-43,4,What is the painting of Aragorn a reminder for John to be in everything he does?,be a leader,to stay true and be a leader,0.5714285714285714,stop,2042,2211,8,29872c4646b28e8eeb3ebe8d51bd5aac80c38f0658ee3503e558506c5dacde0e
grounded,conv-43:172,conv-43,4,Where will Tim be going for a semester abroad?,Ireland,Ireland,1.0,stop,2037,2198,3,a50d9f667158cc8ba7c0590ba84961f687bad41deb44f4f8ade827382a1fef33
grounded,conv-44:0,conv-44,2,Which year did Audrey adopt the first three of her dogs?,2020,unknown,0.0,stop,2048,2211,2,9a51227bae213ed4dd04516a73ffc4853028306cbe00f2c2c4fd39431d135813
grounded,conv-44:4,conv-44,2,When did Audrey make muffins for herself?,The week of April 3rd to 9th,April 2023 (the preceding week),0.4,stop,2046,2206,12,3a159602a3bd4e7d825f1d543bb9abc05e3dce125660a8e68adafe6488c3cd4c
grounded,conv-44:7,conv-44,2,How many years passed between Audrey adopting Pixie and her other three dogs?,three years,0,0.0,stop,2034,2200,2,489bdbba49deb3d3cd555e2673eb5dab89e9b316c09cc8c47def31a7ce2450af
grounded,conv-44:17,conv-44,1,How many times did Audrey and Andew plan to hike together?,three times,3,0.0,stop,2033,2197,2,6a44849eabb51f90df44fdd4a968807473ae5ee5f3748a6e6fa6865a576d4ace
grounded,conv-44:20,conv-44,3,Which meat does Audrey prefer eating more than others?,chicken,Chicken,1.0,stop,2041,2202,2,a55ea40381516973836910ec69524f42208a39b6581bb50f3ebfa5b2e551b13b
grounded,conv-44:22,conv-44,2,Where did Andrew go during the first weekend of August 2023?,camping with girlfriend,A nature reserve,0.0,stop,2048,2215,4,73a2dbbcf0e78878d7ccb0f08385f56c9b38947ccd7a8b38ceeb27be4c3522fc
grounded,conv-44:24,conv-44,1,Did Audrey and Andrew grow up with a pet dog?,Yes,Unknown,0.0,stop,2039,2201,2,0c0a581b22b1a830bf1d2b995cd23a2afbb86b8d895239da054622c1726cc7e3
grounded,conv-44:26,conv-44,1,What is the biggest stressor in Andrew's life besides not being able to hike frequently?,work,Work,1.0,stop,2044,2213,2,70c7c7e38a6f341e41258bc58bb495d551a01ac26349a851c940c309101bfe03
grounded,conv-44:28,conv-44,1,What is something that Audrey often dresses up her dogs with?,Hats,Party hats,0.6666666666666666,stop,2032,2195,3,47aad8b51e3a8be91434edd49cbefd313a4f00e4fe4d9b25b26b495fd3f50af5
grounded,conv-44:41,conv-44,1,What are the breeds of Audrey's dogs?,Mongrel mixed with Lab for Pepper and Panda. Mongrel mixed with Chihuahua for Precious and Pixie.,"Lab mixes, Chihuahua mixes, Jack Russell mixes",0.25,stop,2044,2204,12,1a5386c1f7fd95e78d0a8b548d168a016b714ff6adc0e5428044bcad667f2727
grounded,conv-44:47,conv-44,2,How many months passed between Andrew adopting Buddy and Scout,one month,3,0.0,stop,2040,2201,2,74528dd7190cd4a717521611d7c8415df03be9fe0fd767804584e208093a9e50
grounded,conv-44:51,conv-44,1,What items has Audrey bought or made for her dogs?,"dog tags, toys, dog beds, collars","Toys, party hats, new beds, personalized wooden keychain tags",0.4583333333333333,stop,2048,2210,15,aeb1492af83adfbe09ea90f4fa071621c2e5366135f1f449fde46c8c0890c2fb
grounded,conv-44:64,conv-44,4,What kind of flowers does Audrey have a tattoo of?,sunflowers,Sunflowers,1.0,stop,2034,2196,3,4604e3456f5a717c70e6282545a2a2befa5361b9022cd10ba601cb8c3fcb8c6c
grounded,conv-44:72,conv-44,4,Why did Audrey think positive reinforcement training is important for pets?,To have pets learn how to behave in a positive way,Because she believes punishment is never the proper way to train pets and feels pain thinking about hurting them.,0.2222222222222222,stop,2027,2190,21,fec55ecaf7f8c8f419a0ebef034f2b209dd17bed8692a14ed5315c8e21fb5e67
grounded,conv-44:80,conv-44,4,"What dish is one of Audrey's favorite dishes that includes garlic and is shared with Andrew on 3 July, 2023?",Roasted Chicken,Roasted Chicken,1.0,stop,2037,2216,4,1317649746ca41490064d422b0d70f5b83735d1a173f9bf1105ad84ff9077ecb
grounded,conv-44:84,conv-44,4,What are some of the personalities of Audrey's four fur babies?,"oldest is relaxed, second is playful, third can be naughty but loves cuddles, youngest is full of life","The oldest one is the most relaxed, the second one is always ready for a game, the third one can be naughty but loves a good cuddle, and the youngest one is full of life and always up for an adventure.",0.6938775510204082,stop,2033,2197,47,4f8b4568ef5ad9d2cd0fd42c5a15feee8ba0a6fc751ad8a1bf4952dec82c80e3
grounded,conv-44:88,conv-44,4,What advice did Audrey give to Andrew regarding grooming Toby?,"Grooming slowly and gently, paying attention to sensitive areas like ears and paws. And remember to stay patient and positive throughout the grooming process.","Groom slowly and gently, pay attention to sensitive areas like ears and paws, and stay patient and positive throughout the grooming process.",0.9444444444444444,stop,2039,2201,28,9f308edf430c6683136021e4678a44d4970e0fc3a1a3b58044ee08a8df8876de
grounded,conv-44:90,conv-44,4,What did Audrey organize with the neighbors' dogs?,a doggy playdate,A doggy playdate,1.0,stop,2032,2193,6,53db604c3ef009b37ea1d186d9e3567cb56dcd50909de6ad0c2179e09825dc92
grounded,conv-44:92,conv-44,4,How does Audrey describe the new beds for her dogs?,Super cozy and comfy,Super cozy and comfy,1.0,stop,2041,2203,5,0ffac162d663f056c0c870eb937be6c2a0c227075cd574cfa85689fda2a3e3ae
grounded,conv-44:97,conv-44,4,What did Andrew suggest as a way to reduce carbon footprint?,biking or using public transport,biking or using public transport,1.0,stop,2030,2193,7,31f3730255d0e4dcb82dc1c9c02930323506d106ccafbcd13bd4423a6a52c585
grounded,conv-44:99,conv-44,4,"What did Audrey do with her pups over the weekend before 4th October, 2023?",Took them to the beach,took her dogs to the beach,0.6666666666666666,stop,2041,2214,7,554b6988dcb817ec6e682872ab666c129d04df25c3968bd4e1bca2fe8f68b3fa
grounded,conv-44:100,conv-44,4,What was the reason Audrey couldn't walk her dogs for a period of time?,Knee injury,A knee injury,1.0,stop,2047,2214,4,6b76d65afba7118411a48100aeaf50421160647dcb00ab5fc2f15649fbef487b
grounded,conv-44:105,conv-44,4,What type of games do Audrey's dogs like to play at the park?,Fetch and Frisbee,"Fetch, Frisbee",1.0,stop,2042,2208,6,692cbe2a7a0e1f52b926d09efd76253f43b2277c6fd88cade5db81394e33e7f6
grounded,conv-44:109,conv-44,4,What kind of experiences are Audrey's dogs the best companions for?,Exploring the great outdoors,"Exploring new places, socializing with other dogs, getting exercise, playing with a frisbee, running around, smelling stuff, playing in the garden, hiking, puzzles, training, hide-and-seek, and bike routes.",0.07142857142857142,stop,2046,2210,47,c58ec30fbf1fbe39dabf52a66b5b99e9ef503557bb5f9baa23f7e77e220af01f
grounded,conv-47:3,conv-47,1,Do both James and John have pets?,No,"No, only James has pets; John does not currently have pets but plans to get one someday.",1.0,stop,2047,2206,21,389ba6e00ebb1656200b894e10d4f43d7e593d7f080cb8ce17959d3a0a6e6eed
grounded,conv-47:4,conv-47,2,When did John resume playing drums in his adulthood?,February 2022,Unknown,0.0,stop,2045,2206,2,1ba47e213cb470c4715f7b51d272b1ac3954ffa777bfb463e8bbc6f187aa18c7
grounded,conv-47:10,conv-47,2,When did James adopt Ned?,first week of April 2022,April 2022,0.5714285714285714,stop,2044,2201,7,472b347962a26cf01422aa0c1af92f6128dbb27f267ed643789ffd940cf9bd6f
grounded,conv-47:16,conv-47,3,What is the game with different colored cards that was John talking about with James?,UNO,Unknown,0.0,stop,2042,2209,2,20c813401de86ab48f051d88bdd7e40fd3bf5c0da4e34b263b05a4594d0dca85
grounded,conv-47:20,conv-47,1,How many charity tournaments has John organized till date?,two,1,0.0,stop,2026,2187,2,b7865cbc6aad392c1c6665a56b0a8b624562302282c015a3d6cb6980a7a7b648
grounded,conv-47:25,conv-47,3,Are John and James fans of the same football team?,"No, James is a Liverpool fan and John is a Manchester City fan.",No,0.18181818181818182,stop,2031,2193,2,f9f99e0d8f6675b3f2db18983d0d3992286dd007d86672de62e01f67ac68c764
grounded,conv-47:26,conv-47,1,Which countries has James visited?,"Italy, Mexico, Turkey, Canada, Greenland","Italy, Turkey, Mexico, Japan, Nuuk, Toronto, Vancouver",0.6,stop,2048,2205,15,cca98f102d5fa98e0302704a8d4d530e0d8fbbefdfc3ff660bb4070edfec4d8e
grounded,conv-47:33,conv-47,3,Did John and James study together?,Yes,Unknown,0.0,stop,2043,2201,2,9082c4a8d1ed29e2916470588b499f0473c2d980e4b0ee3f5e3811d0bcf4c7c0
grounded,conv-47:34,conv-47,1,Which countries did James visit in July 2022?,"Canada, Greenland",Nuuk,0.0,stop,2048,2212,3,d597c325ed8020d8d125ce2b11827ef7b871162bf67c25908874b062b50d029c
grounded,conv-47:41,conv-47,2,When did James meet Samantha?,"August 9, 2022",10 August 2022,0.6666666666666666,stop,2029,2186,9,3f2e409201400b517e78f86b4eb72f17bb130fcc5d5c98a34fedabe0d88c9db9
grounded,conv-47:42,conv-47,2,When did James take his 3 dogs to the beach?,"August 9, 2022",9 August 2022,1.0,stop,2036,2199,8,4c0acb178a2e23bfdaa246ac2bb01ba450e42aed677993faee9f84d04bfb5565
grounded,conv-47:48,conv-47,2,"When did James, Samantha and John go to the baseball game together?","September 11, 2022",Unknown,0.0,stop,2033,2198,2,db0c31c981ff792dfcb1d062f2a7f8274a8c87bda86a710ce8b4f0160df228b0
grounded,conv-47:50,conv-47,2,When did James start taking cooking classes?,"September 2, 2022",2 September 2022,1.0,stop,2046,2205,8,9aecd0144d557e5e7fdb6542f06adca2d67b015b650fbc6b43c2dfd63780b8f0
grounded,conv-47:53,conv-47,2,How long did it take for James to complete his Witcher-inspired game?,six months,Unknown,0.0,stop,2029,2195,2,6ddb21492728cb6cd87dcf11702f1d0356e5cb165a978859214060e58cd6dd53
grounded,conv-47:72,conv-47,4,"What instrument is John learning to play as of 27 March, 2022?",Drums,Drums,1.0,stop,2026,2197,3,c81d5fe980ec37a6e396e19a8b49f5f97f5284b945b4d310ddd7edee5706e17a
grounded,conv-47:76,conv-47,4,How does James communicate with his gaming team?,voice chat,Voice chat,1.0,stop,2047,2207,3,3a0ca2ac6ce557700466d822cc21e8d8dd83f168ec31713704e1a26d10dcbfc0
grounded,conv-47:78,conv-47,4,What did James adopt in April 2022?,a pup,a pup,1.0,stop,2047,2210,3,d0e138c73740c49085d05ab2c6f5cf2dff17b9bf7b97cf029cc21b1803461b94
grounded,conv-47:81,conv-47,4,What inspired James to create the game character in the virtual world?,Appearance of a woman he saw during a walk,A stranger James met while walking with his dogs on approximately 6 April 2022.,0.1,stop,2046,2210,21,fe2f61636b2070e4da83cd44d6b762248ecc5beb0486e3294095f31a0935a4b2
grounded,conv-47:83,conv-47,4,What impresses John about Japan?,Technologically advanced megacities and tasty street food,"megacities, technologically advanced screens, huge screens on buildings, tasty street food",0.7058823529411765,stop,2046,2204,18,e1661c34dcc70f935a4f60b7b6514f2f6c075e7f29a9162be97763d29ea7bf7f
grounded,conv-47:84,conv-47,4,What kind of assignment was giving John a hard time at work?,Coding assignment,A difficult coding assignment involving a new algorithm.,0.5,stop,2033,2197,10,c1894a59e9cc1c6b731369a6ca8f036c62d133fc27e4a8e9a4aa18d71779a3eb
grounded,conv-47:87,conv-47,4,What type of pizza is John's favorite?,Hawaiian,Hawaiian,1.0,stop,2039,2199,4,026376016705a7be13aab281abc18908ded8eddcc9c72dd4b10891afaa92f3e6
grounded,conv-47:88,conv-47,4,"What did John organize with his friends on May 8, 2022?",A tournament for CS:GO,A CS:GO tournament for charity,0.8571428571428571,stop,2047,2216,8,a7340ee783e34ee083607bc0659bd7037eca69703e5fe578e213a023c489f66b
grounded,conv-47:89,conv-47,4,What did John and his friends do with the remaining money after helping the dog shelter?,Bought groceries and cooked food for the homeless,They used the remaining money to buy groceries and cook food for the homeless.,0.5882352941176471,stop,2030,2198,16,7233a2d525b1e61ac17b903fc2715b3f18c21612715f287b58a1d0a658e62ab8
grounded,conv-47:104,conv-47,4,Where did James plan to visit after Toronto?,Vancouver,Vancouver,1.0,stop,2046,2206,3,3949d68084f20257217964f7119ba54788a0a397f622fc3ed80f3676697b5e4d
grounded,conv-47:110,conv-47,4,What game genre did John start exploring instead of shooters?,strategy and RPG games,Strategy and RPG,0.8,stop,2040,2202,4,cf821206a2cd94c655eec1c24269a6f319ed34d238a0cc39075b2b08d6d8f041
grounded,conv-47:124,conv-47,4,Why did James sign up for a cooking class?,He wanted to learn something new,He wanted to learn something new.,1.0,stop,2047,2208,8,883fa0e69bbfb089f23cf22231a643465132e85bee899bc365b9174e6cdd060c
grounded,conv-47:133,conv-47,4,What type of game is John's upcoming mobile game?,2D adventure,2D adventure game,0.8,stop,2029,2191,5,4f84b17544e6d76b16fca4aacdd7d55f2da24d68b3f1cc2f0d418730926c8710
grounded,conv-47:137,conv-47,4,What kind of games is James excited to play with his new video card?,RPGs,RPGs,1.0,stop,2036,2202,4,92439d644d4271b7fe5b39db298150232dec908204ebe35d0a999f602a24d935
grounded,conv-47:140,conv-47,4,What did James lose progress on due to a power outage?,a game,the game,1.0,stop,2045,2208,3,7efadde09e867f25e21b7df7bca21054788642ce6da0cdf1d8f687671cf63e67
grounded,conv-47:142,conv-47,4,"What was the purpose of the gaming tournament organized by John on 31 October, 2022?",To raise money for a children's hospital,To raise money for a children's hospital.,1.0,stop,2044,2218,10,3fe439cfa4200d3895eb63d8d5f82603f4268356b3d3f394a55689b76c8eb67b
grounded,conv-48:2,conv-48,2,When did Deborah`s mother pass away?,a few years before 2023,A few years ago (prior to January 2023),0.5454545454545454,stop,2031,2190,15,b664fb0eb41ea168560606ea7fb409b679dc0f0193b12351cf2302dc54cd2f33
grounded,conv-48:4,conv-48,2,When did Jolene's mom gift her a pendant?,in 2010,2010,0.6666666666666666,stop,2028,2191,5,48a2fc8c6f6ef5e231acb50b1c29cde970bd65c3a6a6f98a04180b637fb4232a
grounded,conv-48:14,conv-48,1,What were Deborah's mother's hobbies?,"reading, traveling, art, cooking","Reading books, travel, cooking, baking pineapple birthday cakes, yoga, and art.",0.9166666666666666,stop,2036,2195,18,1393daaa9c367ae73b8e52a3f4861d149c7129b068da6f629bdf22f8985037a6
grounded,conv-48:19,conv-48,1,How many times has Jolene been to France?,two times,unknown,0.0,stop,2031,2193,2,92b1491164744b2acf89df79c4d54ac99b43a487e14297737e19b589a752253f
grounded,conv-48:25,conv-48,4,What are Jolene's favorite books?,"Sapiens, Avalanche by Neal Stephenson","""Sapiens""",0.3333333333333333,stop,2035,2195,5,a93f2cbe756bed96229dc52c7a1d8d47570b73010e765131d1a5da140e44aa3e
grounded,conv-48:26,conv-48,2,Which book did Jolene read in January 2023?,Avalanche by Neal Stephenson,Avalanche,0.4,stop,2039,2205,4,b1e56ed056960ebd1da9aee97a24e9cbfb74bc094145ecc02386962451f11e5d
grounded,conv-48:29,conv-48,2,When did Jolene have a mini-retreat to reflect on her career?,"Wednesday before 9 February, 2023",Wednesday prior to 9 February 2023,0.7272727272727273,stop,2038,2205,12,49d67dba4aa915275af04f2843df10cc75f53903a474f9cd771c4a20831ab251
grounded,conv-48:36,conv-48,3,How old is Jolene?,likely no more than 30; since she's in school,unknown,0.0,stop,2046,2204,2,668fd92483cd52763cc4dff629fb14615484c1739a759d07477ee10d371dfab0
grounded,conv-48:40,conv-48,3,Does Deborah live close to the beach or the mountains?,beach,Unknown,0.0,stop,2042,2204,2,ec3de078c9d25b459ea792f6a8472bb141c071ea352262f430a1f51bed8ab5a8
grounded,conv-48:44,conv-48,2,When did Deborah go to an art show with Anna?,"on 9 April, 2023",Unknown,0.0,stop,2047,2209,2,f70ece51e0e53605772e0a7ccf91ef847d76eee1dede4b3bc88eb5e3347e98e8
grounded,conv-48:45,conv-48,2,When did Jolene finish her robotics project?,May 2023,Unknown,0.0,stop,2027,2188,2,162124d152bbf0662d2cfc8afc237cf3680132428be7ce1e626753439367ef9a
grounded,conv-48:56,conv-48,2,When did Deborah lead a meditation session during the sunset?,"week before 16 August, 2023",August 2023 (the preceding week),0.6666666666666666,stop,2047,2209,12,1d2b1c07bca0db7e92a5f85b1a6be67e18049a45d31da76d3d76f48322563daa
grounded,conv-48:67,conv-48,4,What was Jolene doing with her partner in Rio de Janeiro?,"they went on excursions, checked out some cool yoga classes, visited a lot of delicious cafes, visited an old temple",Attended yoga classes,0.19047619047619047,stop,2024,2189,5,c21ad893ed4165366aa15e76e84115de8467389f70cf0065ccad16a9ef45a9a4
grounded,conv-48:73,conv-48,1,Did Jolene teach herself how to play the console?,yes,Yes,1.0,stop,2030,2193,2,7f78e4f61ff51c9b0d6089e436172e3cd52fa5adf1d28457e0b9fbd0f052ccf7
grounded,conv-48:74,conv-48,4,What do Deborah and Jolene plan to try when they meet in a new cafe?,coffee and fresh pastries,fresh pastries,0.8,stop,2048,2217,4,dafccebd1fadd343e3d7af871a0cf58c1f260411315b7683e4bad098e9ec0395
grounded,conv-48:76,conv-48,2,When did Jolene and her partner try scuba diving lessons?,"Friday before 17 September, 2023","Last Friday, 15 September 2023",0.6,stop,2031,2196,13,4cc8067e3f2bf2c41908331ce3ab925b42382a6799c96d760025aabbfc971450
grounded,conv-48:87,conv-48,1,Which countries has Deborah traveled to?,"Thailand, Brazil","Indonesia, Brazil",0.5,stop,2046,2204,4,5f09dca6b75f62394ac9feaf4273b0d885649c77412b2bb3e5ec8cec48978036
grounded,conv-48:91,conv-48,4,What music pieces does Deborah listen to during her yoga practice?,"Savana, Sleep","""Savana,"" instrumental tracks with mellow melodies and rhythms, and the album 'Sleep'",0.36363636363636365,stop,2035,2198,19,61937ae3f0c574e67dfe9bd8d8d797cb1203609ce5f94bb7a89904fcaad7ee5c
grounded,conv-48:100,conv-48,4,"What project did Jolene finish last week before 23 January, 2023?",an electrical engineering project,electrical engineering project,1.0,stop,2040,2212,5,1e29f3fe43a70ce300fe89f754a7edb1f94c87f713d8dd515324b8c8d6e9e079
grounded,conv-48:103,conv-48,4,Where did Deborah meet her new neighbor Anna?,yoga in the park,yoga in the park,1.0,stop,2041,2201,6,51c922759bf5a8d88824c39b3d2caf6bdaecdacb2f889d8fc0a20269864c08ff
grounded,conv-48:123,conv-48,4,What did Jolene and Anna discuss while watching the sunset by the sea?,They realized they inspire each other,They discussed how they inspire each other.,0.7692307692307693,stop,2041,2208,9,d44551d7e83be1ef8d5d1badf9c6fddceddbc0734232a0ce43abee8d0b00ef92
grounded,conv-48:125,conv-48,4,What did Deborah buy to enhance her yoga practice besides the props?,candle,a candle with a sprig of rosemary,0.3333333333333333,stop,2025,2189,10,88b113e7a8e7a2d210d35aecff021d05256879f20eaa21f72edb806d1fd9e2d9
grounded,conv-48:130,conv-48,4,What does Deborah find comforting about going to art shows?,It makes her feel like she's still experiencing it with her mom,It feels like her mom is still experiencing it together with her.,0.8333333333333334,stop,2042,2204,14,2fe9afe53bd663daf2ccd4d30ec131d298237b98bccce982fd2a9d8f4a0cdb1b
grounded,conv-48:131,conv-48,4,How does Jolene describe the time spent with her snakes and partner?,Valuable and relaxing,"Valuable, calming, relaxing, and brings them closer together.",0.4444444444444444,stop,2037,2203,14,d0048febd46b08494b78dc88579f4f217bad79a07ba5b677a9a84c8b8057c2fc
grounded,conv-48:143,conv-48,4,Why does Deborah take her cats out for a run in the park every day?,Exercise and nature are important to her,Exercise and nature are really important to her.,0.9230769230769231,stop,2047,2214,10,c249a83dfe87d3c5e9484aa61d45e107e1941d8c3b91e29fe29a398996079143
grounded,conv-48:152,conv-48,4,What is special about the bench at the park near Deborah's house?,It holds special memories of conversations with her mom,"It holds special memories of Deborah and her mom, where they used to chat about dreams and life.",0.56,stop,2043,2208,21,91bc776ffca8833dc46496c049f7b922c04aa61b2fc38942b0cb5f1c4c765276
grounded,conv-48:155,conv-48,4,What habits does Jolene practice to feel balanced?,"yoga, meditation, walks, and mindfulness","yoga, meditation",0.6666666666666666,stop,2041,2203,5,e4d6c07995ed313b14601b0c6e8b1ba61d0478953f45503cfac855493494d3aa
grounded,conv-48:156,conv-48,4,Which yoga pose is Jolene a fan of for rest and calmness?,savasana (the corpse pose),Savasana (corpse pose),1.0,stop,2032,2199,9,c0b99671e0af08f55d396cecf7c18e08b04f2338bc1abef9f5aac5a39cabb4a9
grounded,conv-48:158,conv-48,4,What did Jolene participate in recently that provided her with a rewarding experience?,presenting at a virtual conference,Presenting at a virtual conference,1.0,stop,2036,2203,7,ea6c335d4b773afb2076457f52cefd49b1181744246512a925d699009d329a25
grounded,conv-48:165,conv-48,4,"What type of classes did Jolene and her partner check out during their trip to Rio de Janeiro on 30 August, 2023?",Yoga classes,yoga,0.6666666666666666,stop,2048,2231,3,0518d30759e8d72b3f38af9eac9e552f74534d9a5b86d0cb92de93df6a5b068d
grounded,conv-48:166,conv-48,4,What type of place does Jolene visit to meditate?,A tranquil spot by a pond,A nearby tranquil spot by a pond with lily pads and a tree.,0.6153846153846154,stop,2047,2211,16,059d13aa88a4e7fe410ed7ca9130e81c5e89375bb76e3359053d88490e8339f9
grounded,conv-48:167,conv-48,4,"What was the new plant Jolene got used as a reminder for on 30 August, 2023?",To nurture herself and embrace fresh starts,to nurture herself and embrace fresh starts,1.0,stop,2037,2214,8,cff01635bf049929c1effbed476d2710f6532a29a6b01db9e93d8a811ff3144a
grounded,conv-48:172,conv-48,4,What was one of Jolene's favorite games to play with her mom on the nintendo wii game system?,Monster Hunter: World,Monster Hunter: World,1.0,stop,2036,2211,5,79f3561f0077af2f6724d06cce0077792fe31c899b6715ae28b2d56c64170c1b
grounded,conv-48:174,conv-48,4,"Why did Jolene have to reschedule their meeting with Deborah on September 8, 2023?",Jolene already had plans,Deborah already had plans for Wednesday.,0.6,stop,2046,2221,9,802c5123e22ca6318c161e507cd9f3ef9bde81bf9d5a21a4ebbe2d9d5e210076
grounded,conv-48:177,conv-48,4,How did Jolene feel about her progress in practicing mindfulness and gratitude?,experiencing a new level of joy and happiness,Jolene experienced a new level of joy and happiness.,0.9230769230769231,stop,2027,2193,13,9d6a3241df447ed725a9df7c5940e9a068105fdfccb5069db78c2dd0aad9a96e
grounded,conv-48:178,conv-48,4,What positive change did Jolene experience during the retreat?,finding inner peace,"She gained a new outlook, achieved more than she imagined, received a confidence boost, and accomplished something with her engineering project.",0.0,stop,2046,2209,26,a2ee23da0a3f4e3d9211eb625ee41cadb4c1b69021e51f7c35ef00988b001067
grounded,conv-48:179,conv-48,4,What did Jolene recently play that she described to Deb?,a card game about cats,Walking Dead,0.0,stop,2027,2191,3,a9341f7002777a5ed923601bd1bfd74b4f79823bff67770acc44267b1007c38f
grounded,conv-49:2,conv-49,1,Where has Evan been on roadtrips with his family?,"Rockies, Jasper","Jasper, the Rockies, and Banff",1.0,stop,2034,2197,10,c5aea62c0150a95a3080760a57144950f5a3f142a7288c4865a66f7b382c04c2
grounded,conv-49:3,conv-49,1,How many Prius has Evan owned?,two,2,0.0,stop,2036,2195,2,503668a1be0d7ddcad806c79120454880da2232aba0de7c25acd94ef452059bc
grounded,conv-49:5,conv-49,3,Which country was Evan visiting in May 2023?,Canada,Canada,1.0,stop,2041,2205,2,cfb1c37cd7527d6978d2ff5153a1fbf4402c0313c82797dd9fc62fb291691d0c
grounded,conv-49:9,conv-49,2,When did Evan go to Jasper with his family?,"weekend before May 24, 2023","Last weekend (relative to 24 May 2023), which corresponds to the weekend of 20–21 May 2023.",0.4,stop,2047,2208,35,c28920ac4fadce21b9a445bf6755283fbc31faa13912a9a54f722a36f52a4697
grounded,conv-49:19,conv-49,3,"Considering their conversations and personal growth, what advice might Evan and Sam give to someone facing a major life transition or challenge?","Evan and Sam would likely advise embracing small, consistent changes​​, finding stress-relieving activities like hiking​​, painting, and road trips​​, and the importance of friendship and support in navigating challenges​​.","Stay positive, embrace the journey, take small consistent steps, seek support from loved ones, and try new things until something sparks excitement.",0.18181818181818182,stop,2039,2214,28,9a79afe7f37dee13dc694f2cfd8057c0d6e57dd7ab71c25cc32bb3b80bf8cef8
grounded,conv-49:22,conv-49,2,When Evan did meet his future wife?,"week before August 7, 2023.",13 August 2023,0.5,stop,2032,2191,9,b1003db3cea7518ed0b719725497b6a27d619bd946ded031d54ef272c322dde0
grounded,conv-49:40,conv-49,2,When did Evan start taking painting classes?,"Few days before 19 August, 2023.",A few days ago (relative to 19 August 2023),0.7142857142857143,stop,2048,2207,18,54e6f6d799b680fe7ec5c37f54607ac5029ac2b29d2905401cc1192a2a7a2e59
grounded,conv-49:41,conv-49,2,Which classes did Evan join in mid-August 2023?,painting classes,Painting classes,1.0,stop,2034,2200,4,7828fed368f6bfc22106cc640b03673e01150291d71b0b41cfa5e07b333b5f97
grounded,conv-49:44,conv-49,1,What kind of subjects does Evan enjoy painting?,"nature landscapes, portraits, abstract minimalism","Landscapes, contemporary figurative paintings, and paintings expressing emotions (such as joy, freedom, sadness, anger, and hope).",0.2222222222222222,stop,2033,2193,28,83b193973295797086255b7f0173edd59acf1276591b6b65f2f0653aced6d0d6
grounded,conv-49:47,conv-49,2,When did Evan go skiing in Banff?,July 2023,July 2023,1.0,stop,2047,2207,7,793aa717b5f7daa8d0c8c0e18da6680d27a667e7f4fdd2cfcf67103f2c71f4d4
grounded,conv-49:48,conv-49,1,What new diet and lifestyle change did Sam adopt over time?,"Healthy eating, exercise routine, running, hiking","Adopting a more nutritious diet, starting regular exercise, reducing intake of sugary snacks and soda, eating more vegetables and fruit, and focusing on well-being rather than quick results.",0.18333333333333335,stop,2043,2206,38,1c973ebcafb12782a05b81bb988380331f835f68408adfd6db378b1259cdd174
grounded,conv-49:56,conv-49,1,What is Sam's persistent problem with his phone?,"His new phone malfunctioning, particularly with the navigation app.",navigation app malfunctioning,0.42857142857142855,stop,2029,2190,5,9177fef9aa6f96220b179d4157e36676f15c48972fa349e932f55cb708f62af6
grounded,conv-49:59,conv-49,2,When did Sam and his friend decide to try kayaking?,"October 14, 2023",14 October 2023,1.0,stop,2025,2188,9,1e16e3ba1f9928521da9502d70a63f21735aaeb88f0bcbc0b180c43b41168287
grounded,conv-49:62,conv-49,1,What health scares did Sam and Evan experience?,"Sam faced a health scare with stomach pains that turned out to be gastritis, prompting him to rethink his health habits. Evan, on the other hand, experienced two separate incidents: a sudden heart palpitation incident and a different event involving a misunderstanding during a medical check-up. These experiences have significantly influenced their perspectives on health and well-being.","Sam experienced a health scare involving a doctor's visit where his weight was identified as a serious health risk, and a subsequent period of discomfort limiting his movement. Evan experienced a health scare in November 2023 where a suspicious finding during a check-up turned out to be a misunderstanding.",0.1946014892443464,stop,2042,2202,59,0caa55a9168bd129d7297fb28671303f9385b4dcd267180f8c1674631726699f
grounded,conv-49:78,conv-49,1,Who did Evan tell about his marriage?,"To Sam, to his friends from work, and to his and his wife's families.","extended family, work friends",0.2857142857142857,stop,2026,2185,6,4da438b62a26f9349045f2b7134d10cf9ddce35c648741e0da9e3605d7d5401a
grounded,conv-49:89,conv-49,4,What habit is Sam trying to change in terms of diet?,consuming soda and candy,Eating soda and candy,0.6666666666666666,stop,2035,2198,6,a650595810355c14f5967bd25c26ea9395a417294b1e9378b868e572963e568f
grounded,conv-49:91,conv-49,4,What did Sam agree to try instead of soda and candy?,flavored seltzer water and dark chocolate with high cocoa content,"Flavored seltzer water, dark chocolate with high cocoa content, air-popped popcorn, and fruit.",0.8571428571428571,stop,2047,2210,23,90bb5436773f8415adcdb103fd71465f0522efa4a345a6cbfcf3471937144efb
grounded,conv-49:98,conv-49,4,"According to Sam, what is more important than perfection?",progress,Progress,1.0,stop,2042,2204,2,ab7eb0dae896fe402299a12fd69a11e37dada7bff5c3f5d256d5fb8cc6074eb4
grounded,conv-49:102,conv-49,4,"What dish did Sam make on 18 August, 2023 that turned out flavorful?",grilled dish with salmon and vegetables,Grilled chicken and veggie stir-fry,0.2222222222222222,stop,2044,2216,10,5b79018d370de36ed9857fbf8cd539742c5105e4ee4d9165d117883494c0f493
grounded,conv-49:117,conv-49,4,What kind of writing does Sam enjoy as a form of expression?,creative writing,Journal writing and creative writing,0.6666666666666666,stop,2031,2195,6,e0babc68e902171d8c21c47d954682571f5c292b7ebea27cb1192639e288b20a
grounded,conv-49:119,conv-49,4,What activity did Evan start one year ago?,lifting weights,Lifting weights,1.0,stop,2047,2207,4,2eee29375f7a609dcd21caeeac52f1b4d6092d2e09d045f6df07d0af18a3a602
grounded,conv-49:122,conv-49,4,What digestive issue did Sam experience lately?,Gastritis,Gastritis,1.0,stop,2036,2195,4,37562a716c13cc3f6bf4b080a49c1e3a8a8f089d86d290fd678ee7725d986ba3
grounded,conv-49:123,conv-49,4,What adventurous theme is emerging in Evan's life as mentioned by Sam?,helping lost tourists,Hiking,0.0,stop,2047,2212,3,d42014f67d04f369e52b721fad84107dd778304e79c93cc422d95b114b86ff26
grounded,conv-49:124,conv-49,4,What does Evan mention about his progress at the gym to Sam?,gaining strength,He was gaining strength.,0.6666666666666666,stop,2030,2194,6,f2119bd27b8269daeb65faf0335624e083c8c5da3dc77e68676b18bf555a1ec7
grounded,conv-49:132,conv-49,4,What did Sam offer Evan regarding yoga?,Support and tips,To provide yoga tips,0.3333333333333333,stop,2029,2188,5,6c7cfaaef9e7384dfd92a8459dca52c26606c16470c6a280eaa84ac3ae0d0467
grounded,conv-49:139,conv-49,4,What did Sam suggest Evan should do with his keys?,put a GPS sensor on them,Put a GPS sensor on them.,1.0,stop,2038,2200,8,3ba06295e933b19d65d3702715cfd7041c65da776cc383d959c7bad0d06f44d3
grounded,conv-49:146,conv-49,4,"What did Evan and his partner share with their extended family on January 5, 2024?",their marriage,their marriage,1.0,stop,2028,2201,3,a8657c81e39bd744db8ed5e395d6b920ec71b6300a9ea0b3e7113e7f81ad1512
grounded,conv-49:148,conv-49,4,What sports activity did Evan and his partner try in a recent weekend?,Snowshoeing,Snowshoeing,1.0,stop,2032,2197,5,fc2e90953a2698fa5828f3a10c798eec7e7f6bc6ac4b9194fdce794ff895b6c0
grounded,conv-49:149,conv-49,4,What advice did Evan suggest Sam seek from a doctor?,diet plan and low-impact exercises,A balanced diet plan and low-impact exercises.,0.8888888888888888,stop,2038,2200,11,0501101c194412fe7311400cb88bdb5e4dcf35ebae255d1737ad5b95a73f37a6
grounded,conv-50:2,conv-50,2,When did Dave see Aerosmith perform live?,"on the weekend before March 26, 2023",26 March 2023,0.6666666666666666,stop,2048,2208,9,770417d1347229787986cfb80da0e2482e8eb27bf15132e2e1bab8c15988034d
grounded,conv-50:5,conv-50,1,What are Dave's dreams?,"open a car maintenance shop, work on classic cars, build a custom car from scratch",Opening a shop and working on classic cars,0.5272727272727272,stop,2036,2193,9,9ba5a3994eb5515b67bbb5f621f4b5917a967090deff1a7f73c923881a9a8aab
grounded,conv-50:17,conv-50,2,When did Calvin have a car incident?,"on the Friday before 21 June, 2023",21 June 2023,0.6666666666666666,stop,2045,2204,9,b8da9314376f52eee3559337a6c951225f3b4ce9d434263d0264abc1ce869d14
grounded,conv-50:28,conv-50,1,What does Calvin do to relax?,"take long drives in his car, embrace nature, fixing cars","working on cars, long drives, listening to vinyl",0.3,stop,2048,2206,11,b0d078566ad226d3cea00e222a1afb5e8975b7db794f9c6a68e50c4c03e210cf
grounded,conv-50:34,conv-50,2,When did Dave return from San Francisco?,"September 1, 2023",1 September 2023,1.0,stop,2030,2189,8,916404077de22d80403025320300ff71d3f6828f3f589789b7590ec32164b91c
grounded,conv-50:37,conv-50,3,Does Calvin love music tours?,yes,Yes,1.0,stop,2048,2205,2,dc6e978dca13399450c89e2fd4a8db70effb7a1afa2ebcf945bba47455e2305e
grounded,conv-50:41,conv-50,1,Which of their family member do Calvin and Dave have nostalgic memories about?,Dad,Dave's dad,0.6666666666666666,stop,2047,2212,4,b04ae421eb851759fac4745069d6eda704894d3709afa44465c4127cd6c7224c
grounded,conv-50:51,conv-50,2,When did Calvin and Frank Ocean start collaborating?,August 2022,August 2022,1.0,stop,2047,2207,7,4cf8a08717d4d6dd105f02280e480fb0f77c943744ee7db8fc22c399d2953cc2
grounded,conv-50:52,conv-50,2,When did Calvin plan on travelling to Tokyo the second time?,November 2023,Next month after October 2023 (November 2023),0.4444444444444444,stop,2038,2201,18,482d59c3d7531fb6c67d2165a51f4fed7e1a71cd844323c52f80ac7399bf25c9
grounded,conv-50:59,conv-50,1,How many Ferraris does Calvin own?,two,1,0.0,stop,2034,2193,2,6dc091724c84aeadab08b2b7205e87d139ce6a8a4e35eecfbcce747ee6ebe603
grounded,conv-50:60,conv-50,1,What gifts has Calvin received from his artist friends?,"gold chain, custom-made guitar with an octopus on it","A gold necklace with a diamond pendant, a custom guitar with an octopus design",0.41558441558441556,stop,2041,2202,17,9e68f76f550b031fba7336720fada01444eaef631acc7d39ba3f2f524fc3f60c
grounded,conv-50:66,conv-50,1,Do all of Dave's car restoration projects go smoothly?,No,No,1.0,stop,2047,2209,2,32b3533eb855a21cfaf9508e00476ebfc0b63da8c4833a915a7b8423be0f69d1
grounded,conv-50:68,conv-50,2,When did Dave find the car he repaired and started sharing in his blog?,last week of October 2023,23 October 2023,0.5,stop,2035,2201,9,2ef340275e635aa42d82d7108308f8f27f34749716c26f2443eb67d33f9a93a6
grounded,conv-50:80,conv-50,4,How does Calvin plan to jumpstart his inspiration?,explore other things and have some fun,Taking a break from music and exploring other things.,0.46153846153846156,stop,2036,2197,11,dbba71e8edd5011f5d3b3abf91d54de4458a97c17c9035c9cce4488a06869bb6
grounded,conv-50:85,conv-50,4,What is Dave doing to relax on weekends?,exploring parks,Taking walks,0.0,stop,2036,2196,3,aa15892575e807933fb795e9ca0188efa07b94c1ab1f36175bedf8a959ec64f9
grounded,conv-50:90,conv-50,4,How does Calvin describe his process of adding electronic elements to his songs?,gives them a fresh vibe,It has been an exciting process of self-discovery and growth.,0.0,stop,2030,2195,14,d38a4a969a6cc14fdf3ed03386f572dbf3ae1c074dbcb5cb35e8031a9c4a086d
grounded,conv-50:91,conv-50,4,What car brand does Calvin own that he is proud of?,Ferrari,Ferrari,1.0,stop,2047,2210,3,eea8e6ed819de8540a3a1d29a6a838fbd3e2ec1125711c8ebe4e7c7bad50f054
grounded,conv-50:93,conv-50,4,What is Dave's advice to Calvin regarding his dreams?,to never forget his dreams,Stay focused and keep going.,0.0,stop,2042,2204,7,68e1eca51c2dac714c88357ff37accb764676f5fc3c66515aaf9ba70d6c29b1b
grounded,conv-50:97,conv-50,4,What does Dave say is important for making his custom cars unique?,attention to small details,small details,0.6666666666666666,stop,2027,2191,3,f76b3ceab5057335863dc27b0d9bd4e5d511c79fdcaf7f6b0254f572c6649da3
grounded,conv-50:102,conv-50,4,Where did Calvin start shooting a video for his new album?,Miami,Miami,1.0,stop,2041,2204,2,58bf77810f3233bb58f7fdb40d443d16a997401caefc99cefdb23600fd836261
grounded,conv-50:104,conv-50,4,Why did Calvin get his guitar customized with a shiny finish?,unique look,To give it a unique look and because it goes with his style.,0.3076923076923077,stop,2029,2192,15,36d860e1dd934b0c6cff05115b25afec1b2cbf4e9b8a70221aed06ad760d0be2
grounded,conv-50:107,conv-50,4,What emotion does Dave mention feeling when he sees the relief of someone whose car he fixed?,Proud,Proud,1.0,stop,2030,2199,3,1a24e3544e08a989ef04068417923fd17ed8ffc64805f2d2cefc7132a571b50f
grounded,conv-50:110,conv-50,4,What plans do Calvin and Dave have for when Calvin visits Boston?,Check out Dave's garage and maybe get some ideas for future projects,"Calvin plans to visit Dave's garage, explore Boston, try delicious food, visit popular attractions, catch up with Dave, grab food together, and Dave plans to catch one of Calvin's shows.",0.1,stop,2041,2205,41,953a221c24801d46e314adaec2a69abedc80bd041226ef7f20fb33573e5bda70
grounded,conv-50:117,conv-50,4,What does Dave find satisfying about restoring old cars?,Transforming something old and beat-up into something beautiful,"Seeing the end result, bringing old cars back to life, and knowing he did it together with his dad.",0.08333333333333333,stop,2034,2195,23,e1aa9f36fc7bd8269d79ea8f7eb28a906f9592e5ccc53e70b92904c11c53c42f
grounded,conv-50:118,conv-50,4,What do Calvin and Dave use to reach their goals?,Hard work and determination,Hard work and determination,1.0,stop,2042,2204,5,5a9e16c18e9ad43f26bbb08dba2b98dbaa432d7ff88cdfc8734aa9c0f9244042
grounded,conv-50:133,conv-50,4,Why did Dave start working on cars?,Fascinated with how machines work,"He found an old car in a neighbor's garage at age ten and asked if he could fix it, which sparked his fascination with how machines work and his love for transforming broken-down cars into high-running ones.",0.2631578947368421,stop,2035,2194,43,363ba0c1a8bc2b0a8a4ed51e48be396871ee9eb4d2f36e528a3d3ce19d875d26
grounded,conv-50:135,conv-50,4,What does Calvin believe makes an artist create something extraordinary?,Paying attention to small details,Paying attention to small details,1.0,stop,2032,2194,7,bca683183552b25165e4b8e0fa63808aadbb8c6a6fa56a934c655b16a6061f93
grounded,conv-50:137,conv-50,4,When did Calvin first get interested in cars?,at an early age,Unknown,0.0,stop,2033,2193,2,e9888497ef362024138e67aada71e242729cb8d286aa1d7e9e96a50e045e1ae0
grounded,conv-50:147,conv-50,4,What tools does Calvin use to boost his motivation for music?,Writing lyrics and notes,"Positive energy, passion, a notebook, writing lyrics, notes, and positive feedback.",0.5,stop,2034,2197,18,a29a78138fc69daa5b5a33472b048dd69efe6d22cc8cbfe92dadd9394931446f
grounded,conv-50:153,conv-50,4,What type of photos does Dave like to capture with his new camera?,"Nature - sunsets, beaches, waves","sunsets, beaches, waves",0.8571428571428571,stop,2048,2213,7,f5b627770db1db57fcbec8d326fb1d345ba7889d9b2509e6a95f86ec12461004
