"id","conversation","qa_index","category","question","gold","our_answer","no_binding_answer","our_f1_pct","no_binding_f1_pct","delta_pp","our_read_tokens","no_binding_read_tokens","our_stored_tokens","no_binding_stored_tokens","no_binding_finish_reason"
"conv-26:0","conv-26","0","2","When did Caroline go to the LGBTQ support group?","7 May 2023","7 May 2023","7 May 2023","100","100","0","1977","2029","47283","46030","stop"
"conv-26:1","conv-26","1","2","When did Melanie paint a sunrise?","2022","2022","2022","100","100","0","2028","2037","47283","46030","stop"
"conv-26:2","conv-26","2","3","What fields would Caroline be likely to pursue in her educaton?","Psychology, counseling certification","counseling, mental health","counseling, mental health","33.33333333333333","33.33333333333333","0","2021","2037","47283","46030","stop"
"conv-26:3","conv-26","3","1","What did Caroline research?","Adoption agencies","counseling and mental health","adoption agencies","0","100","100","1950","2026","47283","46030","stop"
"conv-26:4","conv-26","4","1","What is Caroline's identity?","Transgender woman","Trans woman","trans","50","0","-50","1952","2030","47283","46030","stop"
"conv-26:5","conv-26","5","2","When did Melanie run a charity race?","The sunday before 25 May 2023","24 May 2023","24 May 2023","50","50","0","2012","2047","47283","46030","stop"
"conv-26:6","conv-26","6","2","When is Melanie planning on going camping?","June 2023","next month","Next month (from 25 May 2023)","0","25","25","1943","2029","47283","46030","stop"
"conv-26:7","conv-26","7","1","What is Caroline's relationship status?","Single","Unknown","Unknown","0","0","0","2042","2025","47283","46030","stop"
"conv-26:8","conv-26","8","2","When did Caroline give a speech at a school?","The week before 9 June 2023","29 May 2023 to 4 June 2023","unknown","33.33333333333333","0","-33.33333333333333","1982","2026","47283","46030","stop"
"conv-26:9","conv-26","9","2","When did Caroline meet up with her friends, family, and mentors?","The week before 9 June 2023","29 May 2023 to 4 June 2023","29 May 2023 to 4 June 2023","33.33333333333333","33.33333333333333","0","1986","2047","47283","46030","stop"
"conv-26:10","conv-26","10","2","How long has Caroline had her current group of friends for?","4 years","4 years","4 years","100","100","0","1941","2047","47283","46030","stop"
"conv-26:11","conv-26","11","1","Where did Caroline move from 4 years ago?","Sweden","unknown","unknown","0","0","0","2037","2048","47283","46030","stop"
"conv-26:12","conv-26","12","2","How long ago was Caroline's 18th birthday?","10 years ago","approximately 2013","approximately 2013","0","0","0","1989","2036","47283","46030","stop"
"conv-26:13","conv-26","13","1","What career path has Caroline decided to persue?","counseling or mental health for Transgender people","counseling and mental health","counseling and mental health","60","60","0","1997","2039","47283","46030","stop"
"conv-26:14","conv-26","14","3","Would Caroline still want to pursue counseling as a career if she hadn't received support growing up?","Likely no","unknown","unknown","0","0","0","1986","2047","47283","46030","stop"
"conv-26:15","conv-26","15","1","What activities does Melanie partake in?","pottery, camping, painting, swimming","pottery, hiking, exploring forests, camping","running, reading, playing violin, pottery, hiking, camping","50","50","0","1939","2048","47283","46030","stop"
"conv-26:16","conv-26","16","2","When did Melanie sign up for a pottery class?","2 July 2023","2 July 2023","2 July 2023","100","100","0","1950","2031","47283","46030","stop"
"conv-26:17","conv-26","17","2","When is Caroline going to the transgender conference?","July 2023","This month (July 2023)","July 2023","66.66666666666666","100","33.333333333333336","2027","2041","47283","46030","stop"
"conv-26:18","conv-26","18","1","Where has Melanie camped?","beach, mountains, forest","beach, forest","beach, forest, mountains","66.66666666666666","100","33.333333333333336","2045","2031","47283","46030","stop"
"conv-26:19","conv-26","19","1","What do Melanie's kids like?","dinosaurs, nature","nature","nature, hiking, camping, pottery, painting, clay, dinosaurs","50","100","50","1955","2047","47283","46030","stop"
"conv-26:20","conv-26","20","2","When did Melanie go to the museum?","5 July 2023","5 July 2023","5 July 2023","100","100","0","2002","2031","47283","46030","stop"
"conv-26:21","conv-26","21","2","When did Caroline have a picnic?","The week before 6 July 2023","26 June 2023 to 2 July 2023","26 June 2023 to 2 July 2023","33.33333333333333","33.33333333333333","0","2045","2047","47283","46030","stop"
"conv-26:22","conv-26","22","3","Would Caroline likely have Dr. Seuss books on her bookshelf?","Yes, since she collects classic children's books","unknown","unknown","0","0","0","2033","2047","47283","46030","stop"
"conv-26:23","conv-26","23","1","What books has Melanie read?","""Nothing is Impossible"", ""Charlotte's Web""","Charlotte's Web, Becoming Nicole","Charlotte's Web, a book about a gold coin","50","50","0","2046","2048","47283","46030","stop"
"conv-26:24","conv-26","24","1","What does Melanie do to destress?","Running, pottery","running","running, playing her violin, pottery, painting","50","100","50","2011","2044","47283","46030","stop"
"conv-26:25","conv-26","25","2","When did Caroline go to the LGBTQ conference?","10 July 2023","10 July 2023","10 July 2023","100","100","0","1998","2031","47283","46030","stop"
"conv-26:26","conv-26","26","2","When did Melanie read the book ""nothing is impossible""?","2022","unknown","unknown","0","0","0","2031","2031","47283","46030","stop"
"conv-26:27","conv-26","27","3","Would Caroline pursue writing as a career option?","LIkely no; though she likes reading, she wants to be a counselor","unknown","unknown","0","0","0","1984","2031","47283","46030","stop"
"conv-26:28","conv-26","28","2","When did Caroline go to the adoption meeting?","The friday before 15 July 2023","15 July 2023","15 July 2023","75","75","0","1931","2040","47283","46030","stop"
"conv-26:29","conv-26","29","2","When did Melanie go to the pottery workshop?","The Friday before 15 July 2023","14 July 2023","14 July 2023","50","50","0","2040","2041","47283","46030","stop"
"conv-26:30","conv-26","30","3","Would Melanie be considered a member of the LGBTQ community?","Likely no, she does not refer to herself as part of it","unknown","unknown","0","0","0","1969","2043","47283","46030","stop"
"conv-26:31","conv-26","31","2","When did Melanie go camping in June?","The week before 27 June 2023","June 2023","June 2023","57.14285714285714","57.14285714285714","0","2048","2048","47283","46030","stop"
"conv-26:32","conv-26","32","1","What LGBTQ+ events has Caroline participated in?","Pride parade, school speech, support group","LGBTQ conference, LGBTQ support group, LGBTQ+ pride parade, LGBTQ art show","LGBTQ conference, LGBTQ support group, LGBTQ+ counseling workshop, LGBTQ activist group, LGBTQ art show","53.333333333333336","26.666666666666668","-26.666666666666668","2044","2027","47283","46030","stop"
"conv-26:33","conv-26","33","2","When did Caroline go to a pride parade during the summer?","The week before 3 July 2023","26 June 2023 to 2 July 2023","15 June 2023, 26 June 2023, 13 July 2023, 14 July 2023, 17 July 2023, 20 July 2023, 13 August 2023, 14 August 2023","33.33333333333333","13.793103448275861","-19.54022988505747","2029","2044","47283","46030","stop"
"conv-26:34","conv-26","34","1","What events has Caroline participated in to help children?","Mentoring program, school speech","unknown","unknown","0","0","0","2020","2025","47283","46030","stop"
"conv-26:35","conv-26","35","2","When did Melanie go camping in July?","two weekends before 17 July 2023","2022, 2023","17 July 2023, 6 July 2023, 15 July 2023, 20 July 2023","25","33.33333333333333","8.333333333333332","2048","2048","47283","46030","stop"
"conv-26:36","conv-26","36","2","When did Caroline join a mentorship program?","The weekend before 17 July 2023","Last weekend (relative to 17 July 2023)","Last weekend (relative to 17 July 2023)","66.66666666666666","66.66666666666666","0","1957","2046","47283","46030","stop"
"conv-26:37","conv-26","37","1","What did Melanie paint recently?","sunset","a sunset-inspired painting","a horse","0","0","0","2038","2047","47283","46030","stop"
"conv-26:38","conv-26","38","1","What activities has Melanie done with her family?","Pottery, painting, camping, museum, swimming, hiking","hiking in the mountains, exploring forests, camping trips, playing games, eating good food, hanging out","running, reading, playing violin, camping, hiking, pottery workshop, trail walk, beach outing, volunteering at a homeless shelter","19.444444444444443","44.44444444444444","25","2036","2035","47283","46030","stop"
"conv-26:39","conv-26","39","1","In what ways is Caroline participating in the LGBTQ community?","Joining activist group, going to pride parades, participating in an art show, mentoring program","joined a new LGBTQ activist group, attended an LGBTQ conference, joined a mentorship program for LGBTQ youth, putting together an LGBTQ art show, expressing her trans experience through art, promoting LGBTQ rights, and living authentically","Creating art, joining an LGBTQ activist group, attending an LGBTQ conference, attending an LGBTQ pride parade, attending an LGBTQ support group, volunteering at an LGBTQ+ youth center, and putting together an LGBTQ art show.","36.11111111111111","45.03968253968254","8.928571428571425","2033","2024","47283","46030","stop"
"conv-26:40","conv-26","40","1","How many times has Melanie gone to the beach in 2023?","2","unknown","unknown","0","0","0","2024","2036","47283","46030","stop"
"conv-26:41","conv-26","41","2","When did Caroline join a new activist group?","The Tuesday before 20 July 2023","13 July 2023","20 July 2023","50","75","25","2047","2033","47283","46030","stop"
"conv-26:42","conv-26","42","3","Would Melanie be more interested in going to a national park or a theme park?","National park; she likes the outdoors","unknown","unknown","0","0","0","1971","2031","47283","46030","stop"
"conv-26:43","conv-26","43","1","What kind of art does Caroline make?","abstract art","painting, drawing, pottery","painting, drawing","0","0","0","2039","2037","47283","46030","stop"
"conv-26:44","conv-26","44","2","When is Melanie's daughter's birthday?","13 August","13 August 2023","13 August 2023","80","80","0","2022","2037","47283","46030","stop"
"conv-26:45","conv-26","45","2","When did Caroline attend a pride parade in August?","The Friday before 14 August 2023","Unknown","Unknown","0","0","0","2046","2035","47283","46030","stop"
"conv-26:46","conv-26","46","3","Would Melanie be considered an ally to the transgender community?","Yes, she is supportive","unknown","unknown","0","0","0","2047","2048","47283","46030","stop"
"conv-26:47","conv-26","47","1","Who supports Caroline when she has a negative experience?","Her mentors, family, and friends","Caroline's friends, family, and mentors","friends, family, and people she looked up to","77.77777777777777","66.66666666666666","-11.111111111111105","1977","2034","47283","46030","stop"
"conv-26:48","conv-26","48","1","What types of pottery have Melanie and her kids made?","bowls, cup","pots, a cup with a dog face on it","pots, a cup with a dog face on it","14.285714285714285","14.285714285714285","0","2019","2042","47283","46030","stop"
"conv-26:49","conv-26","49","2","When did Caroline and Melanie go to a pride fesetival together?","2022","2022","2022","100","100","0","2043","2041","47283","46030","stop"
"conv-26:50","conv-26","50","3","What would Caroline's political leaning likely be?","Liberal","Progressive","Liberal","0","100","100","1996","2041","47283","46030","stop"
"conv-26:51","conv-26","51","1","What has Melanie painted?","Horse, sunset, sunrise","lake sunrise 2022, sunset over a lake, sunset with a palm tree, abstract painting with a blue background, sunset-inspired painting October 2023","abstract painting with a blue background, horse on a wooden wall, nature-inspired painting of a sunset with a palm tree, sunset-inspired painting, lake sunrise","33.33333333333333","43.888888888888886","10.555555555555557","1967","2037","47283","46030","stop"
"conv-26:52","conv-26","52","1","What are Melanie's pets' names?","Oliver, Luna, Bailey","Luna, Oliver, Bailey","Luna, Oliver, Bailey","100","100","0","2036","2048","47283","46030","stop"
"conv-26:53","conv-26","53","2","When did Caroline apply to adoption agencies?","The week of 23 August 2023","23 August 2023","23 August, 2023","75","75","0","2003","2044","47283","46030","stop"
"conv-26:54","conv-26","54","2","When did Caroline draw a self-portrait?","The week before 23 August 2023","August 2023 (the preceding week)","August 2023 (the preceding week)","66.66666666666666","66.66666666666666","0","1945","2036","47283","46030","stop"
"conv-26:55","conv-26","55","1","What subject have Caroline and Melanie both painted?","Sunsets","nature","sunset","0","100","100","1979","2046","47283","46030","stop"
"conv-26:56","conv-26","56","1","What symbols are important to Caroline?","Rainbow flag, transgender symbol","rainbow flag, eagle, key","rainbow flag, eagle, key","50","50","0","2040","2048","47283","46030","stop"
"conv-26:57","conv-26","57","2","When did Caroline encounter people on a hike and have a negative experience?","The week before 25 August 2023","August 2023 (the preceding week)","August 2023 (the preceding week)","66.66666666666666","66.66666666666666","0","2043","2048","47283","46030","stop"
"conv-26:58","conv-26","58","2","When did Melanie make a plate in pottery class?","24 August 2023","24 August 2023","24 August 2023","100","100","0","2015","2048","47283","46030","stop"
"conv-26:59","conv-26","59","3","Would Caroline be considered religious?","Somewhat, but not extremely religious","unknown","unknown","0","0","0","2048","2036","47283","46030","stop"
"conv-26:60","conv-26","60","1","What instruments does Melanie play?","clarinet and violin","clarinet","clarinet, violin","66.66666666666666","66.66666666666666","0","2035","2048","47283","46030","stop"
"conv-26:61","conv-26","61","1","What musical artists/bands has Melanie seen?","Summer Sounds, Matt Patterson","Summer Sounds","Summer Sounds, Matt Patterson","50","100","50","2030","2048","47283","46030","stop"
"conv-26:62","conv-26","62","2","When did Melanie go to the park?","27 August 2023","27 August 2023","27 August 2023","100","100","0","2045","2025","47283","46030","stop"
"conv-26:63","conv-26","63","2","When is Caroline's youth center putting on a talent show?","September 2023","next month","next month","0","0","0","1972","2037","47283","46030","stop"
"conv-26:64","conv-26","64","3","Would Melanie likely enjoy the song ""The Four Seasons"" by Vivaldi?","Yes; it's classical music","unknown","unknown","0","0","0","1941","2045","47283","46030","stop"
"conv-26:65","conv-26","65","1","What are some changes Caroline has faced during her transition journey?","Changes to her body, losing unsupportive friends","Some friends leaving, relationships changing, tough times, and the process of finding self-acceptance.","Some friends leaving, relationships changing, and needing to find a supportive community.","33.33333333333333","33.33333333333333","0","2047","2035","47283","46030","stop"
"conv-26:66","conv-26","66","1","What does Melanie do with her family on hikes?","Roast marshmallows, tell stories","explore forests","explores forests","0","0","0","2045","2038","47283","46030","stop"
"conv-26:67","conv-26","67","2","When did Caroline go biking with friends?","The weekend before 13 September 2023","last weekend (relative to 13 September 2023)","13 September 2023","66.66666666666666","75","8.333333333333337","1995","2048","47283","46030","stop"
"conv-26:68","conv-26","68","2","How long has Melanie been practicing art?","Since 2016","Seven years","Seven years","0","0","0","2047","2048","47283","46030","stop"
"conv-26:69","conv-26","69","3","What personality traits might Melanie say Caroline has?","Thoughtful, authentic, driven","Courageous","Courageous","0","0","0","1981","2044","47283","46030","stop"
"conv-26:70","conv-26","70","1","What transgender-specific events has Caroline attended?","Poetry reading, conference","LGBTQ conference, LGBT pride event, transgender poetry reading","transgender poetry reading, transgender conference","73.33333333333334","73.33333333333334","0","2043","2030","47283","46030","stop"
"conv-26:71","conv-26","71","1","What book did Melanie read from Caroline's suggestion?","""Becoming Nicole""","unknown","unknown","0","0","0","2021","2031","47283","46030","stop"
"conv-26:72","conv-26","72","2","When did Melanie's friend adopt a child?","2022","2022","2022","100","100","0","2024","2043","47283","46030","stop"
"conv-26:73","conv-26","73","2","When did Melanie get hurt?","September 2023","September 2023","September 2023","100","100","0","1994","2035","47283","46030","stop"
"conv-26:74","conv-26","74","2","When did Melanie's family go on a roadtrip?","The weekend before 20 October 2023","20 October 2023","this past weekend","75","25","-50","2035","2043","47283","46030","stop"
"conv-26:75","conv-26","75","1","How many children does Melanie have?","3","3","3","100","100","0","1928","2031","47283","46030","stop"
"conv-26:76","conv-26","76","1","When did Melanie go on a hike after the roadtrip?","19 October 2023","19 October 2023","unknown","100","0","-100","2032","2041","47283","46030","stop"
"conv-26:77","conv-26","77","3","Would Melanie go on another roadtrip soon?","Likely no; since this one went badly","unknown","unknown","0","0","0","2015","2029","47283","46030","stop"
"conv-26:78","conv-26","78","1","What items has Melanie bought?","Figurines, shoes","pink sneakers","pink sneakers","0","0","0","2047","2048","47283","46030","stop"
"conv-26:79","conv-26","79","2","When did Caroline pass the adoption interview?","The Friday before 22 October 2023","Last Friday (relative to 22 October 2023)","21 October 2023","66.66666666666666","50","-16.666666666666664","2007","2028","47283","46030","stop"
"conv-26:80","conv-26","80","2","When did Melanie buy the figurines?","21 October 2023","21 October 2023","21 October 2023","100","100","0","2044","2042","47283","46030","stop"
"conv-26:81","conv-26","81","3","Would Caroline want to move back to her home country soon?","No; she's in the process of adopting children.","unknown","unknown","0","0","0","2024","2030","47283","46030","stop"
"conv-26:82","conv-26","82","4","What did the charity race raise awareness for?","mental health","mental health","mental health","100","100","0","2042","2044","47283","46030","stop"
"conv-26:83","conv-26","83","4","What did Melanie realize after the charity race?","self-care is important","self-care is really important","self-care is really important","85.71428571428571","85.71428571428571","0","1940","2026","47283","46030","stop"
"conv-26:84","conv-26","84","4","How does Melanie prioritize self-care?","by carving out some me-time each day for activities like running, reading, or playing the violin","running, reading, playing violin","Running, reading, or playing her violin","42.10526315789473","47.61904761904761","5.513784461152882","1971","2030","47283","46030","stop"
"conv-26:85","conv-26","85","4","What are Caroline's plans for the summer?","researching adoption agencies","Researching adoption agencies, planning a special trip for just the two of them to explore nature, continuing her education, checking out career options, and continuing volunteering at the youth center.","Planning a special trip for just the two of them to explore nature","20.689655172413794","0","-20.689655172413794","2017","2032","47283","46030","stop"
"conv-26:86","conv-26","86","4","What type of individuals does the adoption agency Caroline is considering support?","LGBTQ+ individuals","LGBTQ+ folks","LGBTQ+ folks","50","50","0","1994","2032","47283","46030","stop"
"conv-26:87","conv-26","87","4","Why did Caroline choose the adoption agency?","because of their inclusivity and support for LGBTQ+ individuals","They help LGBTQ+ folks with adoption. Their inclusivity and support really spoke to me.","They help LGBTQ+ folks with adoption.","38.095238095238095","14.285714285714285","-23.809523809523807","1933","2044","47283","46030","stop"
"conv-26:88","conv-26","88","4","What is Caroline excited about in the adoption process?","creating a family for kids who need one","making a family for kids who need one","making a family for kids who need one","85.71428571428571","85.71428571428571","0","1983","2048","47283","46030","stop"
"conv-26:89","conv-26","89","4","What does Melanie think about Caroline's decision to adopt?","she thinks Caroline is doing something amazing and will be an awesome mom","Proud","Supportive, encouraging, and believes Caroline's future family will love having her.","0","19.047619047619047","19.047619047619047","2046","2040","47283","46030","stop"
"conv-26:90","conv-26","90","4","How long have Mel and her husband been married?","Mel and her husband have been married for 5 years.","5 years","5 years","36.36363636363637","36.36363636363637","0","2004","2040","47283","46030","stop"
"conv-26:91","conv-26","91","4","What does Caroline's necklace symbolize?","love, faith, and strength","love, faith and strength","love, faith and strength","100","100","0","1949","2039","47283","46030","stop"
"conv-26:92","conv-26","92","4","What country is Caroline's grandma from?","Sweden","Sweden","Sweden","100","100","0","1941","2043","47283","46030","stop"
"conv-26:93","conv-26","93","4","What was grandma's gift to Caroline?","necklace","necklace with a cross and heart","necklace with a cross and heart","40","40","0","2023","2036","47283","46030","stop"
"conv-26:94","conv-26","94","4","What is Melanie's hand-painted bowl a reminder of?","art and self-expression","unknown","unknown","0","0","0","1983","2048","47283","46030","stop"
"conv-26:95","conv-26","95","4","What did Melanie and her family do while camping?","explored nature, roasted marshmallows, and went on a hike","roasted marshmallows, told stories, hiked, explored nature","roasting marshmallows, telling stories, hiking, exploring forests, trail walk","71.42857142857143","50","-21.42857142857143","2044","2033","47283","46030","stop"
"conv-26:96","conv-26","96","4","What kind of counseling and mental health services is Caroline interested in pursuing?","working with trans people, helping them accept themselves and supporting their mental health","working with trans people, helping them accept themselves and supporting their mental health","working with trans people, helping them accept themselves and supporting their mental health","100","100","0","2000","2047","47283","46030","stop"
"conv-26:97","conv-26","97","4","What workshop did Caroline attend recently?","LGBTQ+ counseling workshop","unknown","LGBTQ+ counseling workshop","0","100","100","2048","2036","47283","46030","stop"
"conv-26:98","conv-26","98","4","What was discussed in the LGBTQ+ counseling workshop?","therapeutic methods and how to best work with trans people","different therapeutic methods and how to best work with trans people","different therapeutic methods and how to best work with trans people","94.73684210526315","94.73684210526315","0","2006","2044","47283","46030","stop"
"conv-26:99","conv-26","99","4","What motivated Caroline to pursue counseling?","her own journey and the support she received, and how counseling improved her life","Her own journey and the support she received, which improved her life and made her realize the importance of having a support system.","Her own struggle with mental health and the helpful support she received.","62.06896551724138","47.61904761904761","-14.449917898193764","2028","2038","47283","46030","stop"
"conv-26:100","conv-26","100","4","What kind of place does Caroline want to create for people?","a safe and inviting place for people to grow","a safe and loving home","A safe, inviting place for people to grow.","20","100","80","1966","2025","47283","46030","stop"
"conv-26:101","conv-26","101","4","Did Melanie make the black and white bowl in the photo?","Yes","Yes","Yes","100","100","0","1940","2044","47283","46030","stop"
"conv-26:102","conv-26","102","4","What kind of books does Caroline have in her library?","kids' books - classics, stories from different cultures, educational books","classics, stories from different cultures, educational books","classics, stories from different cultures, educational books","87.5","87.5","0","1988","2038","47283","46030","stop"
"conv-26:103","conv-26","103","4","What was Melanie's favorite book from her childhood?","""Charlotte's Web""","Charlotte's Web","Charlotte's Web","100","100","0","2014","2025","47283","46030","stop"
"conv-26:104","conv-26","104","4","What book did Caroline recommend to Melanie?","""Becoming Nicole""","""Becoming Nicole"" by Amy Ellis Nutt","""Becoming Nicole"" by Amy Ellis Nutt","50","50","0","1940","2048","47283","46030","stop"
"conv-26:105","conv-26","105","4","What did Caroline take away from the book ""Becoming Nicole""?","Lessons on self-acceptance and finding support","self-acceptance, finding support, hope, love","self-acceptance, finding support, hope, love","60","60","0","2046","2044","47283","46030","stop"
"conv-26:106","conv-26","106","4","What are the new shoes that Melanie got used for?","Running","running","running","100","100","0","2031","2048","47283","46030","stop"
"conv-26:107","conv-26","107","4","What is Melanie's reason for getting into running?","To de-stress and clear her mind","to de-stress","to de-stress","57.14285714285714","57.14285714285714","0","1984","2037","47283","46030","stop"
"conv-26:108","conv-26","108","4","What does Melanie say running has been great for?","Her mental health","her headspace, mental health","her headspace, mental health, destress, clear my mind","85.71428571428571","54.54545454545454","-31.16883116883117","2035","2047","47283","46030","stop"
"conv-26:109","conv-26","109","4","What did Mel and her kids make during the pottery workshop?","pots","pots","pots","100","100","0","2019","2048","47283","46030","stop"
"conv-26:110","conv-26","110","4","What kind of pot did Mel and her kids make with clay?","a cup with a dog face on it","a cup with a dog face on it","a cup with a dog face on it","100","100","0","2019","2046","47283","46030","stop"
"conv-26:111","conv-26","111","4","What creative project do Mel and her kids do together besides pottery?","painting","painting","painting","100","100","0","2046","2047","47283","46030","stop"
"conv-26:112","conv-26","112","4","What did Mel and her kids paint in their latest project in July 2023?","a sunset with a palm tree","a sunset with a palm tree","a sunset with a palm tree","100","100","0","1961","2043","47283","46030","stop"
"conv-26:113","conv-26","113","4","What did Caroline see at the council meeting for adoption?","many people wanting to create loving homes for children in need","so many people wanted to create loving homes for children in need","so many people wanted to create loving homes for children in need","95.65217391304348","95.65217391304348","0","1950","2036","47283","46030","stop"
"conv-26:114","conv-26","114","4","What do sunflowers represent according to Caroline?","warmth and happiness","warmth and happiness","warmth and happiness","100","100","0","1923","2036","47283","46030","stop"
"conv-26:115","conv-26","115","4","Why are flowers important to Melanie?","They remind her to appreciate the small moments and were a part of her wedding decor","They bring joy, represent growth and beauty, and remind her to appreciate the small moments.","They represent growth, beauty and reminding us to appreciate the small moments.","56.00000000000001","52.17391304347826","-3.826086956521746","2005","2046","47283","46030","stop"
"conv-26:116","conv-26","116","4","What inspired Caroline's painting for the art show?","visiting an LGBTQ center and wanting to capture unity and strength","a visit to a LGBTQ center","a LGBTQ center","66.66666666666666","40","-26.66666666666666","2028","2036","47283","46030","stop"
"conv-26:117","conv-26","117","4","How often does Melanie go to the beach with her kids?","once or twice a year","once or twice a year","once or twice a year","100","100","0","2041","2045","47283","46030","stop"
"conv-26:118","conv-26","118","4","What did Melanie and her family see during their camping trip last year?","Perseid meteor shower","Perseid meteor shower","Perseid meteor shower","100","100","0","1986","2033","47283","46030","stop"
"conv-26:119","conv-26","119","4","How did Melanie feel while watching the meteor shower?","in awe of the universe","tiny and in awe of the universe","tiny and in awe of the universe","88.88888888888889","88.88888888888889","0","2005","2048","47283","46030","stop"
"conv-26:120","conv-26","120","4","Whose birthday did Melanie celebrate recently?","Melanie's daughter","Melanie's daughter","her daughter","100","50","-50","2043","2041","47283","46030","stop"
"conv-26:121","conv-26","121","4","Who performed at the concert at Melanie's daughter's birthday?","Matt Patterson","Matt Patterson","Matt Patterson","100","100","0","2028","2047","47283","46030","stop"
"conv-26:122","conv-26","122","4","Why did Melanie choose to use colors and patterns in her pottery project?","She wanted to catch the eye and make people smile.","To catch the eye and make people smile.","To catch the eye and make people smile, and because she is obsessed with those colors and patterns.","85.71428571428571","63.63636363636363","-22.077922077922075","2035","2034","47283","46030","stop"
"conv-26:123","conv-26","123","4","What pet does Caroline have?","guinea pig","Oscar","Oscar","0","0","0","1977","2048","47283","46030","stop"
"conv-26:124","conv-26","124","4","What pets does Melanie have?","Two cats and a dog","Luna, Oliver, Bailey","Luna, Oliver, Bailey","0","0","0","2044","2031","47283","46030","stop"
"conv-26:125","conv-26","125","4","Where did Oliver hide his bone once?","In Melanie's slipper","in her slipper","in her slipper","66.66666666666666","66.66666666666666","0","2011","2047","47283","46030","stop"
"conv-26:126","conv-26","126","4","What activity did Caroline used to do with her dad?","Horseback riding","unknown","horseback riding","0","100","100","1928","2026","47283","46030","stop"
"conv-26:127","conv-26","127","4","What did Caroline make for a local church?","a stained glass window","a stained glass window","a stained glass window","100","100","0","1959","2025","47283","46030","stop"
"conv-26:128","conv-26","128","4","What did Caroline find in her neighborhood during her walk?","a rainbow sidewalk","a cool rainbow sidewalk","a cool rainbow sidewalk for Pride Month","80","50","-30.000000000000004","2037","2047","47283","46030","stop"
"conv-26:129","conv-26","129","4","Which song motivates Caroline to be courageous?","Brave by Sara Bareilles","""Brave"" by Sara Bareilles","""Brave"" by Sara Bareilles","100","100","0","2025","2032","47283","46030","stop"
"conv-26:130","conv-26","130","4","Which  classical musicians does Melanie enjoy listening to?","Bach and Mozart","Bach, Mozart","Bach, Mozart","100","100","0","1949","2047","47283","46030","stop"
"conv-26:131","conv-26","131","4","Who is Melanie a fan of in terms of modern music?","Ed Sheeran","Ed Sheeran","Ed Sheeran","100","100","0","2027","2039","47283","46030","stop"
"conv-26:132","conv-26","132","4","How long has Melanie been creating art?","7 years","Seven years","Seven years","50","50","0","1997","2039","47283","46030","stop"
"conv-26:133","conv-26","133","4","What precautionary sign did Melanie see at the café?","A sign stating that someone is not being able to leave","a sign posted on a door stating that someone is not being able to leave","a sign posted on a door stating that someone is not being able to leave","86.95652173913044","86.95652173913044","0","2037","2025","47283","46030","stop"
"conv-26:134","conv-26","134","4","What advice does Caroline give for getting started with adoption?","Do research, find an adoption agency or lawyer, gather necessary documents, and prepare emotionally.","Do your research and find an adoption agency or lawyer, gather documents like references, financial info and medical checks, and prepare emotionally.","Do your research and find an adoption agency or lawyer, gather documents like references, financial info and medical checks, and prepare emotionally.","73.33333333333333","73.33333333333333","0","2047","2046","47283","46030","stop"
"conv-26:135","conv-26","135","4","What setback did Melanie face in October 2023?","She got hurt and had to take a break from pottery.","Her son got into a car accident during a roadtrip.","car accident","11.76470588235294","0","-11.76470588235294","2006","2030","47283","46030","stop"
"conv-26:136","conv-26","136","4","What does Melanie do to keep herself busy during her pottery break?","Read a book and paint.","reading a book, painting","reading, painting","100","80","-19.999999999999996","2026","2047","47283","46030","stop"
"conv-26:137","conv-26","137","4","What painting did Melanie show to Caroline on October 13, 2023?","A painting inspired by sunsets with a pink sky.","sunset-inspired painting, abstract painting with a blue background","A sunset-inspired painting","28.57142857142857","22.22222222222222","-6.349206349206349","2003","2047","47283","46030","stop"
"conv-26:138","conv-26","138","4","What kind of painting did Caroline share with Melanie on October 13, 2023?","An abstract painting with blue streaks on a wall.","abstract painting with a blue background","abstract","66.66666666666666","25","-41.666666666666664","1997","2048","47283","46030","stop"
"conv-26:139","conv-26","139","4","What was the poetry reading that Caroline attended about?","It was a transgender poetry reading where transgender people shared their stories.","It was a transgender poetry reading where transgender people shared their stories through poetry.","It was a transgender poetry reading where transgender people shared their stories through poetry.","91.66666666666666","91.66666666666666","0","2041","2048","47283","46030","stop"
"conv-26:140","conv-26","140","4","What did the posters at the poetry reading say?","""Trans Lives Matter""","trans lives matter","trans lives matter","100","100","0","2008","2047","47283","46030","stop"
"conv-26:141","conv-26","141","4","What does Caroline's drawing symbolize for her?","Freedom and being true to herself.","freedom, being real, embracing her womanhood","freedom, being real, embracing her womanhood","36.36363636363637","36.36363636363637","0","2038","2028","47283","46030","stop"
"conv-26:142","conv-26","142","4","How do Melanie and Caroline describe their journey through life together?","An ongoing adventure of learning and growing.","learning and exploring","learning and exploring","28.57142857142857","28.57142857142857","0","1954","2048","47283","46030","stop"
"conv-26:143","conv-26","143","4","What happened to Melanie's son on their road trip?","He got into an accident","got into a car accident","got into a car accident","75","75","0","1972","2032","47283","46030","stop"
"conv-26:144","conv-26","144","4","How did Melanie's son handle the accident?","He was scared but reassured by his family","He was scared but was reassured and explained his brother would be OK.","He was scared but was reassured.","60","71.42857142857143","11.428571428571432","1982","2045","47283","46030","stop"
"conv-26:145","conv-26","145","4","How did Melanie feel about her family after the accident?","They are important and mean the world to her","She felt they were super important, meant the world to her, and she was thankful to have them.","She felt they were super important, meant the world to her, and she was thankful to have them.","43.47826086956522","43.47826086956522","0","2014","2047","47283","46030","stop"
"conv-26:146","conv-26","146","4","How did Melanie's children handle the accident?","They were scared but resilient","They were scared but were reassured.","They were scared but were reassured.","72.72727272727273","72.72727272727273","0","1956","2048","47283","46030","stop"
"conv-26:147","conv-26","147","4","How did Melanie feel after the accident?","Grateful and thankful for her family","scared","scared","0","0","0","1962","2048","47283","46030","stop"
"conv-26:148","conv-26","148","4","What was Melanie's reaction to her children enjoying the Grand Canyon?","She was happy and thankful","Thankful","Thankful","40","40","0","2007","2035","47283","46030","stop"
"conv-26:149","conv-26","149","4","What do Melanie's family give her?","Strength and motivation","strength, motivation, support","motivation, support, love, strength","80","66.66666666666666","-13.333333333333341","2010","2048","47283","46030","stop"
"conv-26:150","conv-26","150","4","How did Melanie feel about her family supporting her?","She appreciated them a lot","She felt grateful, loved, supported, and that it helped her through tough times.","awesome, great","12.5","0","-12.5","1951","2036","47283","46030","stop"
"conv-26:151","conv-26","151","4","What did Melanie do after the road trip to relax?","Went on a nature walk or hike","went on a trail walk","camping","60","0","-60","1977","2043","47283","46030","stop"
"conv-30:0","conv-30","0","2","When Jon has lost his job as a banker?","19 January, 2023","20 January 2023","19 January 2023","66.66666666666666","100","33.333333333333336","1989","2048","39183","38034","stop"
"conv-30:1","conv-30","1","2","When Gina has lost her job at Door Dash?","January, 2023","20 January 2023","20 January 2023","80","80","0","2043","2030","39183","38034","stop"
"conv-30:2","conv-30","2","4","How do Jon and Gina both like to destress?","by dancing","dance","dance","66.66666666666666","66.66666666666666","0","2030","2033","39183","38034","stop"
"conv-30:3","conv-30","3","1","What do Jon and Gina both have in common?","They lost their jobs and decided to start their own businesses.","challenges","challenges that motivate them","0","0","0","2039","2043","39183","38034","stop"
"conv-30:4","conv-30","4","4","Why did Jon decide to start his dance studio?","He lost his job and decided to start his own business to share his passion.","Losing his job gave him the push to start his dance studio.","He lost his job, which gave him the push to start his own dance studio.","40","57.14285714285714","17.14285714285714","2046","2028","39183","38034","stop"
"conv-30:5","conv-30","5","1","What Jon thinks the ideal dance studio should look like?","By the water, with natural light and Marley flooring","A room with a view of the ocean and a few yoga mats","A view of the ocean and yoga mats inside.","7.6923076923076925","0","-7.6923076923076925","1947","2030","39183","38034","stop"
"conv-30:6","conv-30","6","2","When is Jon's group performing at a festival?","February, 2023","next month (from 20 January 2023)","unknown","25","0","-25","2048","2048","39183","38034","stop"
"conv-30:7","conv-30","7","2","When did Gina launch an ad campaign for her store?","29 January, 2023","29 January, 2023","29 January, 2023","100","100","0","2027","2036","39183","38034","stop"
"conv-30:8","conv-30","8","2","When was Jon in Paris?","28 January 2023","28 January 2023","28 January 2023","100","100","0","1981","2031","39183","38034","stop"
"conv-30:9","conv-30","9","1","Which city have both Jean and John visited?","Rome","unknown","unknown","0","0","0","2032","2047","39183","38034","stop"
"conv-30:10","conv-30","10","2","When did Gina team up with a local artist for some cool designs?","February, 2023","8 February 2023","8 February 2023","80","80","0","2022","2044","39183","38034","stop"
"conv-30:11","conv-30","11","2","When did Gina get her tattoo?","A few years ago","a few years ago","a few years ago","100","100","0","2019","2029","39183","38034","stop"
"conv-30:12","conv-30","12","2","When did Jon start to go to the gym?","March, 2023","unknown","March 2023 (the preceding week)","0","66.66666666666666","66.66666666666666","2044","2035","39183","38034","stop"
"conv-30:13","conv-30","13","2","When did Gina open her online clothing store?","16 March, 2023","16 March 2023","16 March 2023","100","100","0","2005","2035","39183","38034","stop"
"conv-30:14","conv-30","14","2","When did Jon start expanding his studio's social media presence?","April, 2023","16 June 2023","16 June 2023","40","40","0","2012","2048","39183","38034","stop"
"conv-30:15","conv-30","15","2","When did Jon host a dance competition?","May, 2023","unknown","unknown","0","0","0","1974","2028","39183","38034","stop"
"conv-30:16","conv-30","16","2","When did Jon go to a fair to get more exposure for his dance studio?","24 April, 2023","unknown","24 April 2023","0","100","100","2018","2026","39183","38034","stop"
"conv-30:17","conv-30","17","1","Why did Gina decide to start her own clothing store?","She always loved fashion trends and finding unique pieces and she lost her job so decided it was time to start her own business.","She lost her job.","to take control of her own destiny after losing her job","30.76923076923077","30.303030303030305","-0.46620046620046707","1963","2035","39183","38034","stop"
"conv-30:18","conv-30","18","1","Do Jon and Gina start businesses out of what they love?","Yes","Yes","Yes","100","100","0","1983","2045","39183","38034","stop"
"conv-30:19","conv-30","19","2","When did Gina interview for a design internship?","10 May, 2023","10 May 2023","10 May 2023","100","100","0","2043","2046","39183","38034","stop"
"conv-30:20","conv-30","20","2","When did Gina get accepted for the design internship?","27 May, 2023","unknown","unknown","0","0","0","2029","2047","39183","38034","stop"
"conv-30:21","conv-30","21","2","When did Jon start reading ""The Lean Startup""?","May, 2023","unknown","unknown","0","0","0","1990","2043","39183","38034","stop"
"conv-30:22","conv-30","22","2","When did Gina develop a video presentation to teach how to style her fashion pieces? ","June, 2023","13 June 2023","13 June 2023","80","80","0","2029","2044","39183","38034","stop"
"conv-30:23","conv-30","23","1","How did Gina promote her clothes store?","worked with an artist to make unique fashion pieces, made limited-edition sweatshirts, got some new offers and promotions for online store, developed a video presentation showing how to style her pieces","ad campaign","launched an ad campaign, collaborated with fashion bloggers and influencers","0","7.6923076923076925","7.6923076923076925","2040","2027","39183","38034","stop"
"conv-30:24","conv-30","24","1","Which events has Jon participated in to promote his business venture?","fair, networking events, dance competition","Attending networking events, attending a fair","networking events, dance competition, fair","48.88888888888889","100","51.11111111111111","2038","2045","39183","38034","stop"
"conv-30:25","conv-30","25","1","What does Jon's dance studio offer?","one-on-one metoring and training to dancers,  workshops and classes to local schools and centers","A place of support and encouragement for all dancers","support and encouragement for all dancers","8.333333333333332","10","1.6666666666666676","2019","2029","39183","38034","stop"
"conv-30:26","conv-30","26","2","When did Jon receive mentorship to promote his venture?","15 June, 2023","unknown","16 June 2023","0","66.66666666666666","66.66666666666666","2013","2045","39183","38034","stop"
"conv-30:27","conv-30","27","1","Did Jon and Gina both participate in dance competitions?","Yes","Yes","Yes","100","100","0","2040","2040","39183","38034","stop"
"conv-30:28","conv-30","28","2","When was Jon in Rome?","June 2023","June 2023 (the preceding week)","June 2023 (the preceding week)","66.66666666666666","66.66666666666666","0","1999","2035","39183","38034","stop"
"conv-30:29","conv-30","29","1","Which cities has Jon visited?","Paris, Rome","Paris","Paris, Rome","50","100","50","2044","2043","39183","38034","stop"
"conv-30:30","conv-30","30","2","When Jon is planning to open his dance studio?","20 June, 2023","20 June 2023","20 June 2023","100","100","0","2042","2031","39183","38034","stop"
"conv-30:31","conv-30","31","1","How long did it take for Jon to open his studio?","six months","unknown","unknown","0","0","0","1957","2028","39183","38034","stop"
"conv-30:32","conv-30","32","2","When did Gina design a limited collection of hoodies?","June 2023","June 2023 (the preceding week)","June 2023 (the preceding week)","66.66666666666666","66.66666666666666","0","2037","2031","39183","38034","stop"
"conv-30:33","conv-30","33","2","When did Jon visit networking events for his store?","20 June, 2023","20 June 2023","20 June 2023","100","100","0","2032","2039","39183","38034","stop"
"conv-30:34","conv-30","34","2","When did Gina start being recognized by fashion editors?","July 2023","26 June 2023 to 2 July 2023","26 June 2023 to 2 July 2023","44.44444444444444","44.44444444444444","0","2043","2031","39183","38034","stop"
"conv-30:35","conv-30","35","2","When did Jon start learning marketing and analytics tools?","July, 2023","9 July 2023","9 July 2023","80","80","0","2044","2043","39183","38034","stop"
"conv-30:36","conv-30","36","2","When did Jon and Gina decide to collaborate to create dance content?","21 July 2023","21 July 2023","21 July 2023","100","100","0","1957","2036","39183","38034","stop"
"conv-30:37","conv-30","37","2","When did Gina mention Shia Labeouf?"," 23 July, 2023","23 July 2023","23 July 2023","100","100","0","1990","2048","39183","38034","stop"
"conv-30:38","conv-30","38","2","When did Gina go to a dance class with a group of friends?","21 July 2023","Last Friday (23 July 2023)","Last Friday (23 July 2023)","50","50","0","1989","2046","39183","38034","stop"
"conv-30:39","conv-30","39","4","What is Gina's favorite style of dance?","Contemporary","contemporary","contemporary","100","100","0","2038","2046","39183","38034","stop"
"conv-30:40","conv-30","40","4","What is Jon's favorite style of dance?","Contemporary","contemporary","contemporary","100","100","0","2045","2047","39183","38034","stop"
"conv-30:41","conv-30","41","4","What was Gina's favorite dancing memory?","Winning first place at a regionals dance competition","winning first place at a regional competition when she was fifteen","winning first place at a regional competition when she was fifteen","70.58823529411765","70.58823529411765","0","2041","2026","39183","38034","stop"
"conv-30:42","conv-30","42","4","What kind of dance piece did Gina's team perform to win first place?","""Finding Freedom""","contemporary piece called ""Finding Freedom""","contemporary piece called ""Finding Freedom""","57.14285714285714","57.14285714285714","0","1997","2048","39183","38034","stop"
"conv-30:43","conv-30","43","4","What do the dancers in the photo represent?","They are performing at the festival","The group performing at the festival","The group performing at the festival","66.66666666666666","66.66666666666666","0","2046","2032","39183","38034","stop"
"conv-30:44","conv-30","44","4","What does Gina say about the dancers in the photo?","They look graceful","She is sitting on a desk.","They're so graceful","0","33.33333333333333","33.33333333333333","2046","2037","39183","38034","stop"
"conv-30:45","conv-30","45","4","What is Jon's attitude towards being part of the dance festival?","Glad","Excited, thrilled, and passionate","Excited, thrilled, and grateful.","0","0","0","2041","2039","39183","38034","stop"
"conv-30:46","conv-30","46","4","What kind of flooring is Jon looking for in his dance studio?","Marley flooring","Marley flooring","Marley flooring","100","100","0","1999","2048","39183","38034","stop"
"conv-30:47","conv-30","47","4","What did Gina find for her clothing store on 1 February, 2023?","The perfect spot for her store","wholesalers","furniture, chandelier","0","0","0","2031","2041","39183","38034","stop"
"conv-30:48","conv-30","48","4","What did Gina design for her store?","the space, furniture, and decor","furniture, decor, chandelier","The space","66.66666666666666","50","-16.666666666666664","2038","2039","39183","38034","stop"
"conv-30:49","conv-30","49","4","What did Gina want her customers to feel in her store?","cozy and comfortable","cozy, cool oasis","cool oasis","40","0","-40","2036","2040","39183","38034","stop"
"conv-30:50","conv-30","50","4","What did Jon say about Gina's progress with her store?","hard work's paying off","Jon said Gina's store is going good and she is awesome with it.","unknown","0","0","0","2044","2046","39183","38034","stop"
"conv-30:51","conv-30","51","4","What made Gina choose the furniture and decor for her store?","personal style and customer comfort","She wanted to make the place look like her own style and make her customers feel cozy.","She wanted to make the place look like her own style and make her customers feel cozy.","21.052631578947366","21.052631578947366","0","2044","2048","39183","38034","stop"
"conv-30:52","conv-30","52","4","What did Jon say about creating a special experience for customers?","It's the key to making them feel welcome and coming back","Creating a special experience for customers is the key to making them feel welcome and coming back.","Creating a special experience for customers is the key to making them feel welcome and coming back.","69.56521739130434","69.56521739130434","0","2041","2040","39183","38034","stop"
"conv-30:53","conv-30","53","4","What did Gina say about creating an experience for her customers?","making them want to come back","It's tough but I'm up for the challenge!","She wants to create a special shopping experience that makes customers feel welcome, come back, and feel like they are in a cool oasis.","0","37.03703703703704","37.03703703703704","2027","2045","39183","38034","stop"
"conv-30:54","conv-30","54","4","How is Gina's store doing?","The store is doing great.","doing great","great","66.66666666666666","40","-26.66666666666666","2027","2039","39183","38034","stop"
"conv-30:55","conv-30","55","4","What does Gina's tattoo symbolize?","Freedom and expressing herself through dance","freedom - dancing without worrying what people think","freedom, dancing without worrying what people think","33.33333333333333","33.33333333333333","0","1995","2048","39183","38034","stop"
"conv-30:56","conv-30","56","4","What did Jon and Gina compare their entrepreneurial journeys to?","dancing together and supporting each other","having a partner to dance with","unknown","20","0","-20","1993","2038","39183","38034","stop"
"conv-30:57","conv-30","57","4","What advice does Gina give to Jon about running a successful business?","build relationships with customers, create a strong brand image, stay positive","Don't be scared to reach out to people in your field for help and contacts","Network with people in your field for help and contacts.","0","10.526315789473683","10.526315789473683","1981","2032","39183","38034","stop"
"conv-30:58","conv-30","58","4","Why did Jon shut down his bank account?","for his business","to help his business grow","to help his business grow","50","50","0","2032","2047","39183","38034","stop"
"conv-30:59","conv-30","59","4","Why did Gina combine her clothing business with dance?","she is passionate about dance and fashion","She is passionate about dance and fashion, and combining them lets her show her creativity and share her love with others.","She is passionate about dance and fashion, and combining them lets her show her creativity and share her love with others.","50","50","0","2037","2047","39183","38034","stop"
"conv-30:60","conv-30","60","4","What does Jon's dance make him?","happy","pumped","energy","0","0","0","2042","2032","39183","38034","stop"
"conv-30:61","conv-30","61","4","What did Gina receive from a dance contest?","a trophy","a trophy with a glass globe on top","a trophy with a glass globe on top","28.57142857142857","28.57142857142857","0","1975","2042","39183","38034","stop"
"conv-30:62","conv-30","62","4","How does Gina stay confident in her business?","By reminding herself of her successes and progress, having a support system, and focusing on why she started","reminding herself of successes, progress, and why she started","reminding herself of her successes and progress, having a good support system, and focusing on why she started","69.56521739130434","93.33333333333333","23.768115942028988","2041","2047","39183","38034","stop"
"conv-30:63","conv-30","63","4","What kind of professional experience did Gina get accepted for on May 23, 2023?","fashion internship","unknown","unknown","0","0","0","2026","2045","39183","38034","stop"
"conv-30:64","conv-30","64","4","Where is Gina's fashion internship?","fashion department of an international company","fashion department of an international company","fashion department of an international company","100","100","0","2041","2048","39183","38034","stop"
"conv-30:65","conv-30","65","4","What book is Jon currently reading?","The Lean Startup","The Lean Startup","The Lean Startup","100","100","0","2019","2040","39183","38034","stop"
"conv-30:66","conv-30","66","4","What is Jon offering to the dancers at his dance studio?","One-on-one mentoring and training","dance classes, workshops, one-on-one mentoring, and training","one-on-one mentoring and training","66.66666666666666","100","33.333333333333336","2032","2046","39183","38034","stop"
"conv-30:67","conv-30","67","4","How does Jon use the clipboard with a notepad attached to it?","To set goals, track achievements, and find areas for improvement","To stay organized and motivated, set goals, track achievements, and find areas to improve.","To stay organized and motivated, set goals, track achievements, and find areas to improve.","76.19047619047619","76.19047619047619","0","2005","2042","39183","38034","stop"
"conv-30:68","conv-30","68","4","What does Jon tell Gina he won't do?","quit","quit","quit","100","100","0","2040","2047","39183","38034","stop"
"conv-30:69","conv-30","69","4","What did Jon take a trip to Rome for?","To clear his mind","to clear his mind","to clear his mind","100","100","0","2026","2045","39183","38034","stop"
"conv-30:70","conv-30","70","4","What is Jon working on opening?","a dance studio","a dance studio","a dance studio","100","100","0","2042","2033","39183","38034","stop"
"conv-30:71","conv-30","71","4","How does Gina describe the studio that Jon has opened?","amazing","unknown","go-to spot for self-expression","0","0","0","1968","2029","39183","38034","stop"
"conv-30:72","conv-30","72","4","How does Jon feel about the opening night of his dance studio?","excited","excited","excited","100","100","0","2044","2047","39183","38034","stop"
"conv-30:73","conv-30","73","4","How does Gina describe the feeling that dance brings?","magical","lets people be themselves and is unlike anything else","lets people be themselves and is unlike anything else","0","0","0","1941","2028","39183","38034","stop"
"conv-30:74","conv-30","74","4","What does Jon plan to do at the grand opening of his dance studio?","savor all the good vibes","make some awesome memories","make memories","0","0","0","1972","2034","39183","38034","stop"
"conv-30:75","conv-30","75","4","What does Gina say to Jon about the grand opening?","Let's live it up and make some great memories","Can't wait to have fun at your dance studio!","Can't wait to have fun at your dance studio!","0","0","0","2002","2045","39183","38034","stop"
"conv-30:76","conv-30","76","4","What is the general sentiment about the upcoming grand opening?","excitement","Excited, pumped, can't wait, woohoo, unforgettable","Excited, pumped, can't wait, fun, blast, unforgettable","28.57142857142857","25","-3.57142857142857","2035","2040","39183","38034","stop"
"conv-30:77","conv-30","77","4","What did Gina make a limited edition line of?","Hoodies","hoodie","hoodie","100","100","0","2040","2033","39183","38034","stop"
"conv-30:78","conv-30","78","4","According to Gina, what makes Jon a perfect mentor and guide?","His positivity and determination","His positivity and determination","His positivity and determination","100","100","0","2046","2039","39183","38034","stop"
"conv-30:80","conv-30","80","4","What plans does Jon have after receiving advice at the networking event?","Sprucing up his business plan, tweaking his pitch to investors, and working on an online platform.","sprucing up his biz plan, tweaking his pitch to investors, working on an online platform to show off the dance studio's stuff","sprucing up his biz plan, tweaking his pitch to investors, working on an online platform to show off the dance studio's stuff","76.47058823529412","76.47058823529412","0","2034","2048","39183","38034","stop"
"conv-30:81","conv-30","81","4","What offer does Gina make to Jon regarding social media?","Helping with making content and managing his social media accounts.","Gina offered to help Jon with making content and managing his social media accounts.","helping Jon with making content and managing his social media accounts","81.81818181818183","94.73684210526315","12.91866028708133","2006","2026","39183","38034","stop"
"conv-41:0","conv-41","0","2","Who did Maria have dinner with on May 3, 2023?","her mother","Maria and her mom","Maria and her mom","40","40","0","2014","2044","71231","69214","stop"
"conv-41:1","conv-41","1","2","When did Maria donate her car?","21 December 2022","21 December 2022","21 December 2022","100","100","0","2042","2037","71231","69214","stop"
"conv-41:2","conv-41","2","1","What martial arts has John done?","Kickboxing, Taekwondo","unknown","kickboxing, taekwondo","0","100","100","1955","2037","71231","69214","stop"
"conv-41:3","conv-41","3","1","What type of volunteering have John and Maria both done?","Volunteering at a homeless shelter","homeless shelter","homeless shelter","66.66666666666666","66.66666666666666","0","2030","2035","71231","69214","stop"
"conv-41:4","conv-41","4","2","When did John join the online support group?","The week before 1 January 2023","December 2022","December 2022","0","0","0","2042","2027","71231","69214","stop"
"conv-41:5","conv-41","5","2","When did Maria go to the beach?","December 2022","December 2022, 4 May 2023, 16 June 2023","December 2022","40","100","60","2032","2044","71231","69214","stop"
"conv-41:6","conv-41","6","1","Where has Maria made friends?","homeless shelter, gym, church","homeless shelter, church, gym","church, gym, homeless shelter","100","100","0","1956","2046","71231","69214","stop"
"conv-41:7","conv-41","7","1","What items des John mention having as a child?","A doll, a film camera","film camera","film camera","50","50","0","2038","2041","71231","69214","stop"
"conv-41:8","conv-41","8","3","What might John's financial status be?","Middle-class or wealthy","Unknown","Unknown","0","0","0","1982","2048","71231","69214","stop"
"conv-41:9","conv-41","9","1","Who gave Maria's family money when she was younger and her family was going through tough times?","Her aunt","her auntie","her auntie","50","50","0","1991","2028","71231","69214","stop"
"conv-41:10","conv-41","10","2","When did Maria meet Jean?","February 24, 2023","24 February 2023","24 February 2023","100","100","0","2034","2029","71231","69214","stop"
"conv-41:11","conv-41","11","1","What people has Maria met and helped while volunteering?","David, Jean, Cindy, Laura","Jean, someone special","Jean","25","25","0","1958","2028","71231","69214","stop"
"conv-41:12","conv-41","12","1","What test has John taken multiple times?","The military aptitude test","military aptitude test","aptitude test","100","80","-19.999999999999996","2040","2047","71231","69214","stop"
"conv-41:13","conv-41","13","2","When did Maria's grandmother pass away?","The week before 6 March 2023","27 February 2023 to 5 March 2023","27 February 2023 to 5 March 2023","33.33333333333333","33.33333333333333","0","2007","2047","71231","69214","stop"
"conv-41:14","conv-41","14","3","Would John be considered a patriotic person?","Yes","Yes","Yes","100","100","0","1943","2038","71231","69214","stop"
"conv-41:15","conv-41","15","1","What writing classes has Maria taken?","Poetry, creative writing","creative writing class, poetry class","creative writing, poetry","73.33333333333334","100","26.66666666666666","2002","2045","71231","69214","stop"
"conv-41:16","conv-41","16","2","When did John get his degree?","The week before 2 April 2023","March 2023","March 2023","28.57142857142857","28.57142857142857","0","2042","2034","71231","69214","stop"
"conv-41:17","conv-41","17","3","What might John's degree be in?","Political science, Public administration, Public affairs","unknown","unknown","0","0","0","1957","2045","71231","69214","stop"
"conv-41:18","conv-41","18","1","Who did John go to yoga with?","Rob","colleague Rob","a colleague","66.66666666666666","0","-66.66666666666666","1999","2034","71231","69214","stop"
"conv-41:19","conv-41","19","1","What damages have happened to John's car?","Broken windshield, Car broke down","broke down","broken windshield, broke down","40","90","50","2032","2037","71231","69214","stop"
"conv-41:20","conv-41","20","2","When did John take a road trip to the Pacific Northwest?","2022","2022","2022","100","100","0","2034","2035","71231","69214","stop"
"conv-41:21","conv-41","21","1","What areas of the U.S. has John been to or is planning to go to?","Pacific northwest, east coast","East Coast","East Coast","50","50","0","1990","2045","71231","69214","stop"
"conv-41:22","conv-41","22","2","When did John go to a convention with colleagues?","March 2023","March 2023","March 2023","100","100","0","2047","2043","71231","69214","stop"
"conv-41:23","conv-41","23","1","What desserts has Maria made?","Banana split sundae, Peach cobbler","peach cobbler","peach cobbler, banana split sundae","50","100","50","1982","2047","71231","69214","stop"
"conv-41:24","conv-41","24","2","When did John start boot camp with his family?","April.2023","April 2023","April 2023","0","0","0","2047","2041","71231","69214","stop"
"conv-41:25","conv-41","25","1","What European countries has Maria been to?","Spain, England","unknown","Spain","0","50","50","1929","2047","71231","69214","stop"
"conv-41:26","conv-41","26","1","What has Maria done to feel closer to her faith?","Join a local church, buy a cross necklace","bought a cross necklace, joined a nearby church","bought a cross necklace, joined a nearby church","66.66666666666666","66.66666666666666","0","2045","2045","71231","69214","stop"
"conv-41:27","conv-41","27","2","When did John have a party with veterans?","The Friday before 20 May 2023","Last Friday (relative to 20 May 2023)","20 May 2023","66.66666666666666","75","8.333333333333337","1980","2027","71231","69214","stop"
"conv-41:28","conv-41","28","1","What causes does John feel passionate about supporting?","Veterans, schools, infrastructure","Domestic abuse, education, infrastructure upgrades, local fire station","education, infrastructure upgrades, veterans' rights, domestic abuse","22.22222222222222","44.44444444444444","22.22222222222222","2026","2024","71231","69214","stop"
"conv-41:29","conv-41","29","1","What events is Maria planning for the homeless shelter funraiser?","Chili cook-off, ring-toss tournament","ring-toss tournament, chili cook-off","ring-toss tournament","100","50","-50","2034","2029","71231","69214","stop"
"conv-41:30","conv-41","30","1","What shelters does Maria volunteer at?","The homeless shelter, the dog shelter","homeless shelter","homeless shelter, local dog shelter","75","90","15.000000000000002","1935","2046","71231","69214","stop"
"conv-41:31","conv-41","31","2","When did John get his dog Max?","In 2013","unknown","unknown","0","0","0","1979","2046","71231","69214","stop"
"conv-41:32","conv-41","32","1","What outdoor activities has John done with his colleagues?","Hiking, mountaineering","unknown","hiking","0","50","50","2011","2029","71231","69214","stop"
"conv-41:33","conv-41","33","1","What types of yoga has Maria practiced?","Aerial, kundalini","aerial yoga","aerial yoga, kundalini yoga","33.33333333333333","66.66666666666666","33.33333333333333","2012","2048","71231","69214","stop"
"conv-41:34","conv-41","34","2","When did Maria join a gym?","The week before 16 June 2023","June 2023 (the preceding week)","June 2023","66.66666666666666","57.14285714285714","-9.523809523809524","1943","2039","71231","69214","stop"
"conv-41:35","conv-41","35","1","What states has Maria vacationed at?","Oregon, Florida","unknown","Florida","0","50","50","1973","2048","71231","69214","stop"
"conv-41:36","conv-41","36","1","What music events has John attended?","Live music event, violin concert","violin concert, live music event","live music event, violin concert","100","100","0","2032","2047","71231","69214","stop"
"conv-41:37","conv-41","37","1","What events for veterans has John participated in?","Petition, march, party, visiting veterans hospital, 5K charity run","marching event for veterans' rights, small party","marching event for veterans' rights, party with veterans, 5K charity run","25","43.33333333333333","18.33333333333333","1932","2038","71231","69214","stop"
"conv-41:38","conv-41","38","2","When did Maria get in a car accident?","July 2, 2023","2 July 2023","2 July 2023","100","100","0","2021","2034","71231","69214","stop"
"conv-41:39","conv-41","39","3","Around which US holiday did Maria get into a car accident?","Independence Day","unknown","Independence Day","0","100","100","1966","2027","71231","69214","stop"
"conv-41:40","conv-41","40","1","What are the names of John's children?","Kyle, Sara","Kyle","Kyle","50","50","0","1985","2036","71231","69214","stop"
"conv-41:41","conv-41","41","3","Does John live close to a beach or the mountains?","beach","unknown","unknown","0","0","0","2002","2027","71231","69214","stop"
"conv-41:42","conv-41","42","1","What area was hit by a flood?","West County","John's old area","John's old area","0","0","0","1986","2032","71231","69214","stop"
"conv-41:43","conv-41","43","2","When was John's old area hit with a flood?","The week before 7 July 2023","26 June 2023 to 2 July 2023","26 June 2023 to 2 July 2023","33.33333333333333","33.33333333333333","0","1984","2048","71231","69214","stop"
"conv-41:44","conv-41","44","1","What activities has Maria done with her church friends?","Hiking, picnic, volunteer work","picnic, charades, scavenger hunt, hiking","camping, picnic, hiking, community work","66.66666666666666","83.33333333333334","16.666666666666675","2026","2045","71231","69214","stop"
"conv-41:45","conv-41","45","3","Would John be open to moving to another country?","No, he has goals specifically in the U.S. like joining the military and running for office.","unknown","unknown","0","0","0","2020","2032","71231","69214","stop"
"conv-41:46","conv-41","46","2","When did Maria go hiking with her church friends?","The weekend before 22 July 2023","22 July 2023","22 July 2023","75","75","0","1965","2047","71231","69214","stop"
"conv-41:47","conv-41","47","1","What exercises has John done?","Weight training, Circuit training, Kickboxing, yoga","weight training, yoga, kickboxing, circuit training, boot camps","weight training, yoga, kickboxing, circuit training","100","100","0","1988","2043","71231","69214","stop"
"conv-41:48","conv-41","48","2","When did John have his first firefighter call-out?","The sunday before 3` July 2023","Last Sunday","Last Sunday","28.57142857142857","28.57142857142857","0","1971","2031","71231","69214","stop"
"conv-41:49","conv-41","49","1","What food item did Maria drop off at the homeless shelter?","Cakes","unknown","baked goods","0","0","0","2048","2035","71231","69214","stop"
"conv-41:50","conv-41","50","3","What attributes describe John?","Selfless, family-oriented, passionate, rational","inspiring, determined, supportive, passionate, motivated, kind, compassionate","Inspiring, motivating, passionate, supportive, community-focused, growth-oriented, resilient, grateful, and family-oriented.","18.181818181818183","30.76923076923077","12.587412587412588","2038","2044","71231","69214","stop"
"conv-41:51","conv-41","51","2","When did Maria start volunteering at the homeless shelter?","Around August 2022","approximately 2022","approximately 2022","40","40","0","2046","2045","71231","69214","stop"
"conv-41:52","conv-41","52","1","Who have written notes of gratitude to Maria?","Cindy, Laura","Laura, Cindy","Laura, Cindy","100","100","0","2042","2036","71231","69214","stop"
"conv-41:53","conv-41","53","2","When did John help renovate his hometown community center?","2022","2022","2022","100","100","0","2029","2031","71231","69214","stop"
"conv-41:54","conv-41","54","2","When did Maria take up community work with her church friends?","August 4, 2023","4 August 2023","4 August 2023","100","100","0","2031","2047","71231","69214","stop"
"conv-41:55","conv-41","55","2","When did Maria receive a medal from the homeless shelter?","The week before 9 August 2023","31 July 2023 to 6 August 2023","31 July 2023 to 6 August 2023","33.33333333333333","33.33333333333333","0","2048","2035","71231","69214","stop"
"conv-41:56","conv-41","56","2","When did John participate in a 5K charity run?","first weekend of August 2023","9 August 2023","7 April 2023","50","25","-25","2042","2026","71231","69214","stop"
"conv-41:57","conv-41","57","1","What causes has John done events for?","Toy drive, Community food drive, veterans, domestic violence","domestic abuse, veterans and their families","veterans, domestic abuse","25","37.5","12.5","2042","2047","71231","69214","stop"
"conv-41:58","conv-41","58","2","When did Maria get Coco?","Two weeks before 11 August 2023","28 July 2023","28 July 2023","22.22222222222222","22.22222222222222","0","2006","2044","71231","69214","stop"
"conv-41:59","conv-41","59","2","When did John go on a camping trip with Max?","The summer of 2022","last summer","last summer","40","40","0","2024","2036","71231","69214","stop"
"conv-41:60","conv-41","60","1","What are Maria's dogs' names?","Coco, Shadow","Coco","Coco, Shadow","50","100","50","2035","2043","71231","69214","stop"
"conv-41:61","conv-41","61","2","When did Maria adopt Shadow?","The week before 13 August 2023","31 July 2023 to 6 August 2023","unknown","33.33333333333333","0","-33.33333333333333","2023","2041","71231","69214","stop"
"conv-41:62","conv-41","62","1","How many dogs has Maria adopted from the dog shelter she volunteers at?","two","2","1","0","0","0","2041","2042","71231","69214","stop"
"conv-41:63","conv-41","63","2","How many weeks passed between Maria adopting Coco and Shadow?","two weeks","2","4 weeks","0","50","50","1960","2047","71231","69214","stop"
"conv-41:64","conv-41","64","3","What job might Maria pursue in the future?","Shelter coordinator, Counselor","unknown","unknown","0","0","0","1945","2039","71231","69214","stop"
"conv-41:65","conv-41","65","4","What is John's main focus in local politics?","Improving education and infrastructure","improving education and infrastructure","improving education and infrastructure","100","100","0","2030","2046","71231","69214","stop"
"conv-41:66","conv-41","66","4","What sparked John's interest in improving education and infrastructure in the community?","Seeing how lack of education and crumbling infrastructure affected his neighborhood while growing up.","Growing up, he saw how lack of education and crumbling infrastructure affected his neighborhood.","Growing up, seeing how lack of education and crumbling infrastructure affected his neighborhood.","84.61538461538461","96","11.384615384615381","2021","2039","71231","69214","stop"
"conv-41:67","conv-41","67","4","How did the extra funding help the school shown in the photo shared by John?","Enabled needed repairs and renovations, making the learning environment safer and more modern for students.","It enabled needed repairs and renovations, making the learning environment safer and more modern for students.","It enabled needed repairs and renovations, making the learning environment safer and more modern for students.","96","96","0","2047","2039","71231","69214","stop"
"conv-41:68","conv-41","68","4","What type of workout class did Maria start doing in December 2023?","aerial yoga","unknown","unknown","0","0","0","1969","2032","71231","69214","stop"
"conv-41:69","conv-41","69","4","What did Maria donate to a homeless shelter in December 2023?","old car","unknown","unknown","0","0","0","1946","2048","71231","69214","stop"
"conv-41:70","conv-41","70","4","What kind of meal did John and his family make together in the photo shared by John?","pizza","pizza","pizza","100","100","0","2046","2026","71231","69214","stop"
"conv-41:71","conv-41","71","4","What kind of online group did John join?","service-focused online group","service-focused online group","service-focused online group","100","100","0","1939","2030","71231","69214","stop"
"conv-41:72","conv-41","72","4","What kind of activities did John and his mates from the online group do as part of their service efforts?","gave out food and supplies at a homeless shelter, organized a toy drive for kids in need","brainstorming, sharing stories, advice, and encouragement","brainstorming projects to help underserved communities access education, mentorship, job training, and resume building","0","0","0","1969","2041","71231","69214","stop"
"conv-41:73","conv-41","73","4","Who inspired Maria to start volunteering?","Her aunt","her aunt","her aunt","100","100","0","2047","2038","71231","69214","stop"
"conv-41:74","conv-41","74","4","Why did Maria sit with the little girl at the shelter event in February 2023?","The girl seemed sad and had no other family","She had no other family.","unknown","66.66666666666666","0","-66.66666666666666","2047","2043","71231","69214","stop"
"conv-41:75","conv-41","75","4","What did Jean go through before meeting Maria?","divorce, job loss, homelessness","divorce, lost her job, and ended up homeless","divorce, lost her job, and ended up homeless","54.54545454545454","54.54545454545454","0","2010","2028","71231","69214","stop"
"conv-41:76","conv-41","76","4","Why did John decide to run for office again?","saw the impact he could make in the community through politics","Unemployment in their community","After his last run, he saw the impact he could make in the community through politics.","30.76923076923077","78.26086956521739","47.491638795986624","2019","2035","71231","69214","stop"
"conv-41:77","conv-41","77","4","What activity did John's colleague, Rob, invite him to?","beginner's yoga class","beginner's yoga class","beginner's yoga class","100","100","0","2039","2030","71231","69214","stop"
"conv-41:78","conv-41","78","4","What is the name of John's one-year-old child?","Kyle","Kyle","Kyle","100","100","0","1999","2038","71231","69214","stop"
"conv-41:79","conv-41","79","4","How often does John take his kids to the park?","A few times a week","a few times a week","a few times a week","100","100","0","2000","2047","71231","69214","stop"
"conv-41:80","conv-41","80","4","What did Maria make for her home to remind her of a trip to England?","painting of a castle on a hill","a painting of a castle","a painting of a castle on a hill","75","100","25","1933","2033","71231","69214","stop"
"conv-41:81","conv-41","81","4","Where did Maria get the idea for the castle shadow box in her home?","England","London","London","0","0","0","2048","2027","71231","69214","stop"
"conv-41:82","conv-41","82","4","What did John receive a certificate for?","completion of a university degree","unknown","finishing his university degree","0","50","50","2045","2027","71231","69214","stop"
"conv-41:83","conv-41","83","4","What areas is John particularly interested in for policymaking?","education and infrastructure","education and infrastructure","education, infrastructure","100","100","0","1990","2043","71231","69214","stop"
"conv-41:84","conv-41","84","4","What did Maria participate in last weekend before April 10, 2023?","a 5K charity run","unknown","5K charity run","0","100","100","2044","2048","71231","69214","stop"
"conv-41:85","conv-41","85","4","What event did John volunteer at last weekend?","career fair at a local school","career fair at a local school","community event to raise money for a good cause","100","0","-100","2032","2047","71231","69214","stop"
"conv-41:86","conv-41","86","4","What did John do that put a strain on his wallet?","His car broke down","getting his car fixed","getting his car fixed","50","50","0","1984","2048","71231","69214","stop"
"conv-41:87","conv-41","87","4","Where did John explore on a road trip last year?","Pacific Northwest","Pacific Northwest","Pacific Northwest","100","100","0","2044","2043","71231","69214","stop"
"conv-41:88","conv-41","88","4","What topic has John been blogging about recently?","politics and the government","education reform and infrastructure development","politics and the government","0","100","100","1987","2032","71231","69214","stop"
"conv-41:89","conv-41","89","4","Why did John start blogging about politics and policies?","raise awareness and start conversations to create positive change","To raise awareness and create positive change.","To raise awareness and create positive change.","85.71428571428571","85.71428571428571","0","2048","2044","71231","69214","stop"
"conv-41:90","conv-41","90","4","What was the focus of John's recent research and writing on his blog?","education reform and infrastructure development","education reform and infrastructure development","education reform and infrastructure development","100","100","0","2036","2038","71231","69214","stop"
"conv-41:91","conv-41","91","2","What did John attend with his colleagues in March 2023?","a tech-for-good convention","a convention","a convention","66.66666666666666","66.66666666666666","0","2008","2036","71231","69214","stop"
"conv-41:92","conv-41","92","4","How often does John work out with his family?","Three times a week","Three times a week","Three times a week","100","100","0","2048","2030","71231","69214","stop"
"conv-41:93","conv-41","93","4","How has John's fitness improved since starting boot camps with his family?","More energy, gains in strength and endurance","gains in strength and endurance","gains in strength and endurance","80","80","0","1966","2042","71231","69214","stop"
"conv-41:94","conv-41","94","4","What kind of food did Maria have on her dinner spread iwth her mother?","Salads, sandwiches, homemade desserts","salads, sandwiches, and homemade desserts","salads, sandwiches, and homemade desserts","100","100","0","2045","2030","71231","69214","stop"
"conv-41:95","conv-41","95","4","What activity did Maria and her mom do together in May 2023?","Made dinner together","made dinner","made dinner","80","80","0","1930","2039","71231","69214","stop"
"conv-41:96","conv-41","96","4","What did Maria do to feel closer to a community and her faith?","joined a nearby church","Joined a nearby church","joined a nearby church, bought a cross necklace","100","66.66666666666666","-33.333333333333336","2041","2025","71231","69214","stop"
"conv-41:97","conv-41","97","4","Why did Maria join a nearby church recently?","to feel closer to a community and her faith","to feel closer to a community and her faith","to feel closer to a community and her faith","100","100","0","2038","2043","71231","69214","stop"
"conv-41:98","conv-41","98","4","What did John host for the veterans in May 2023 as part of the project?","a small party to share their stories","a small party","a small party","50","50","0","2019","2045","71231","69214","stop"
"conv-41:99","conv-41","99","4","What did John and the veterans do during the small party?","share stories and make connections","shared their stories","shared their stories","57.14285714285714","57.14285714285714","0","2004","2033","71231","69214","stop"
"conv-41:100","conv-41","100","4","What emotions did John feel during the small party with the veterans?","heartwarming","heartwarming","heartwarming","100","100","0","2015","2048","71231","69214","stop"
"conv-41:101","conv-41","101","4","What event is Maria getting ready for at the shelter on May 25, 2023?","fundraiser","fundraiser","fundraiser","100","100","0","1940","2039","71231","69214","stop"
"conv-41:102","conv-41","102","4","What does Maria need to spread the word about for the fundraiser for the volunteer shelter?","chili cook-off","chili cook-off","chili cook-off","100","100","0","1972","2042","71231","69214","stop"
"conv-41:103","conv-41","103","4","What was the name of the pet that John had to say goodbye to on 3 June, 2023?","Max","Max","Max","100","100","0","2044","2032","71231","69214","stop"
"conv-41:104","conv-41","104","4","How long was Max a part of John's family?","10 years","10 years","10 years","100","100","0","2046","2040","71231","69214","stop"
"conv-41:105","conv-41","105","4","How does John plan to honor the memories of his beloved pet?","By considering adopting a rescue dog","by teaching his kids about unconditional love and loyalty and considering adopting a rescue dog","adopting a rescue dog","58.82352941176471","75","16.176470588235293","2042","2031","71231","69214","stop"
"conv-41:106","conv-41","106","4","What important values does John want to teach his kids through adopting a rescue dog?","Responsibility and compassion","responsibility and compassion","responsibility and compassion","100","100","0","2002","2047","71231","69214","stop"
"conv-41:107","conv-41","107","4","What new activity did Maria start recently, as mentioned on 3 June, 2023?","volunteering at a local dog shelter once a month","unknown","volunteering at a local dog shelter","0","83.33333333333334","83.33333333333334","2042","2037","71231","69214","stop"
"conv-41:108","conv-41","108","4","What did Maria say it was like being at the waterfall in Oregon?","Like being in a fairy tale","I felt like I was in a fairy tale","unknown","61.53846153846154","0","-61.53846153846154","1959","2043","71231","69214","stop"
"conv-41:109","conv-41","109","4","What does Maria say she feels when doing upside-down yoga poses?","Free and light","free and light","free and light","100","100","0","1944","2028","71231","69214","stop"
"conv-41:110","conv-41","110","4","What exciting news did Maria share on 16 June, 2023?","joined a gym","She joined a gym.","She joined a gym.","80","80","0","2044","2046","71231","69214","stop"
"conv-41:111","conv-41","111","4","What yoga activity has Maria been trying to improve her strength and endurance?","kundalini yoga","kundalini yoga","kundalini yoga","100","100","0","1922","2031","71231","69214","stop"
"conv-41:112","conv-41","112","4","What did John recently get promoted to?","assistant manager","assistant manager","assistant manager","100","100","0","2029","2026","71231","69214","stop"
"conv-41:113","conv-41","113","4","What was one of the biggest challenges John faced in his journey to becoming assistant manager?","self-doubt","self-doubt","self-doubt","100","100","0","2027","2047","71231","69214","stop"
"conv-41:114","conv-41","114","4","How does John describe the support he received during his journey to becoming assistant manager?","having support at home and his own grit","support from loved ones, belief in himself, and his own grit","support at home and his own grit","47.05882352941176","92.3076923076923","45.248868778280546","2046","2033","71231","69214","stop"
"conv-41:115","conv-41","115","4","What kind of event did John and his family attend in June 2023?","live music event","arts and crafts","live music event","0","100","100","2037","2047","71231","69214","stop"
"conv-41:116","conv-41","116","4","Why did Maria need to help her cousin find a new place to live?","Her cousin had to leave and find a new place in a hurry.","Her cousin had to leave and find a new place in a hurry after a car accident.","A car ran a red light and hit them","86.95652173913044","0","-86.95652173913044","1987","2042","71231","69214","stop"
"conv-41:117","conv-41","117","4","What event did John participate in to show support for veterans' rights?","marching event","marching event for veterans' rights","marching event for veterans' rights","57.14285714285714","57.14285714285714","0","1972","2033","71231","69214","stop"
"conv-41:118","conv-41","118","4","What inspired John to join the marching event for veterans' rights?","Respect for the military and the desire to show support","great respect for our military","great respect for the military","50","54.54545454545454","4.545454545454541","2025","2043","71231","69214","stop"
"conv-41:119","conv-41","119","4","How often does John get to see sunsets like the one he shared with Maria?","At least once a week","at least once a week","at least once a week","100","100","0","1999","2036","71231","69214","stop"
"conv-41:120","conv-41","120","4","What natural disaster affected John's old area on 7 July, 2023?","Flood","flood","flood","100","100","0","2031","2032","71231","69214","stop"
"conv-41:121","conv-41","121","4","How did the flood impact the homes in John's old area?","Lots of homes were ruined.","Lots of homes were ruined.","Lots of homes were ruined.","100","100","0","2023","2031","71231","69214","stop"
"conv-41:122","conv-41","122","4","What motivated Maria and John to discuss potential solutions for their community on 7 July, 2023?","Flood in John's old area","The flood in John's old area","John's old area was hit by a nasty flood the week before 7 July 2023 (26 June 2023 to 2 July 2023).","100","32","-68","1972","2048","71231","69214","stop"
"conv-41:123","conv-41","123","4","What did Maria plan to do later on the evening of 7 July, 2023?","have dinner with friends from the gym","have dinner with some friends from the gym","have dinner with some friends from the gym","92.3076923076923","92.3076923076923","0","2031","2043","71231","69214","stop"
"conv-41:124","conv-41","124","4","What kind of activities did Maria do at the picnic with her church friends?","played games like charades and a scavenger hunt","charades, scavenger hunt","charades, scavenger hunt","66.66666666666666","66.66666666666666","0","2047","2046","71231","69214","stop"
"conv-41:125","conv-41","125","4","What does John appreciate about the veteran's hospital visit?","the resilience of the veterans and their inspiring stories","It made him appreciate what they have and the need to give back.","the need to give back","0","0","0","2018","2043","71231","69214","stop"
"conv-41:126","conv-41","126","4","What did John take away from visiting the veteran's hospital?","appreciation for giving back","He wanted to join the military.","It made him appreciate what he has and the need to give back.","0","40","40","2014","2047","71231","69214","stop"
"conv-41:127","conv-41","127","4","Why did John feel inspired to join the military after the visit to the hospital?","seeing the resilience of the veterans","He heard stories from an elderly veteran named Samuel.","Seeing the resilience of an elderly veteran named Samuel","16.666666666666664","72.72727272727273","56.06060606060607","2031","2048","71231","69214","stop"
"conv-41:128","conv-41","128","4","In what activity did Maria and her church friends participate in July 2023?","hiking","hiking","hiking","100","100","0","2014","2045","71231","69214","stop"
"conv-41:129","conv-41","129","4","What does John think about trying new classes at the yoga studio?","Trying new classes is a fun way to switch up the exercise routine.","It keeps things interesting","It keeps things interesting.","0","0","0","1973","2041","71231","69214","stop"
"conv-41:130","conv-41","130","4","Which activity has John done apart from yoga at the studio?","weight training","kickboxing, circuit training, weight training","kickboxing, circuit training, weight training","57.14285714285714","57.14285714285714","0","1977","2041","71231","69214","stop"
"conv-41:131","conv-41","131","4","What community service did Maria mention that she was involved in on 31 July, 2023?","volunteered at a homeless shelter","volunteering at a homeless shelter","Volunteering at a homeless shelter","100","100","0","1984","2048","71231","69214","stop"
"conv-41:132","conv-41","132","4","How did Maria start volunteering at the homeless shelter?","Witnessed a family struggling on the streets and reached out to the shelter","after witnessing a family struggling on the streets","after witnessing a family struggling on the streets","66.66666666666666","66.66666666666666","0","2031","2044","71231","69214","stop"
"conv-41:133","conv-41","133","4","What did John do the week before August 3, 2023 involving his kids?","Had a meaningful experience at a military memorial","had a meaningful experience at a military memorial","had a meaningful experience at a military memorial","100","100","0","2017","2047","71231","69214","stop"
"conv-41:134","conv-41","134","4","How did John describe his kids' reaction at the military memorial?","awestruck and humbled","awestruck and humbled","awestruck and humbled","100","100","0","1957","2036","71231","69214","stop"
"conv-41:135","conv-41","135","4","Why does Maria think it's important for younger generations to visit military memorials?","To remember and appreciate those who served","To remember and appreciate those who served.","To remember and appreciate those who served.","100","100","0","1975","2042","71231","69214","stop"
"conv-41:136","conv-41","136","4","What does John believe is important for children regarding veterans?","Teaching them to respect and appreciate those who served","respect and appreciate those who served our country","teaching them how to respect and appreciate those who served","66.66666666666666","94.11764705882352","27.450980392156865","1976","2031","71231","69214","stop"
"conv-41:137","conv-41","137","4","What happened to John's job in August 2023?","John lost his job at the mechanical engineering company.","He lost his job at a mechanical engineering company because the company tanked.","He lost his job at a mechanical engineering company because the company tanked.","73.68421052631578","73.68421052631578","0","2011","2031","71231","69214","stop"
"conv-41:138","conv-41","138","4","What activity did Maria take up with her friends from church in August 2023?","community work","unknown","community work","0","100","100","2012","2048","71231","69214","stop"
"conv-41:139","conv-41","139","4","What did John do to help his community last year in his hometown?","Helped renovate a rundown community center.","helped renovate a rundown community center","helped renovate a rundown community center","100","100","0","2046","2047","71231","69214","stop"
"conv-41:140","conv-41","140","4","What cause did the 5K charity run organized by John support?","veterans and their families","to help out veterans and their families","veterans and their families","66.66666666666666","100","33.333333333333336","2047","2048","71231","69214","stop"
"conv-41:141","conv-41","141","4","Who did John work with to raise awareness and funds for victims of domestic abuse?","a local organization","a local organization","a local organization","100","100","0","2028","2046","71231","69214","stop"
"conv-41:142","conv-41","142","4","What recognition did Maria receive at the homeless shelter in August 2023?","a medal for volunteering","a medal","a medal","50","50","0","1946","2039","71231","69214","stop"
"conv-41:143","conv-41","143","4","What is the name of Maria's puppy she got two weeks before August 11, 2023?","Coco","Coco","Coco","100","100","0","2047","2029","71231","69214","stop"
"conv-41:144","conv-41","144","4","What activity did John and Max enjoy together last summer?","Camping","camping","camping","100","100","0","1969","2044","71231","69214","stop"
"conv-41:145","conv-41","145","4","How does John describe the camping trip with Max?","Peaceful and awesome","peaceful and awesome","peaceful, awesome, chill, great","100","66.66666666666666","-33.333333333333336","1933","2042","71231","69214","stop"
"conv-41:146","conv-41","146","4","Why does John say he feels stuck and questioning his decisions and goals?","Not feeling like making much of an impact","He feels he is not making much of an impact.","He feels he is not making much of an impact.","75","75","0","2018","2048","71231","69214","stop"
"conv-41:147","conv-41","147","4","What is the name of Maria's second puppy?","Shadow","Shadow","Shadow","100","100","0","2043","2031","71231","69214","stop"
"conv-41:148","conv-41","148","4","How is Maria's new puppy adjusting to its new home?","doing great - learning commands and house training","learning commands and house training","learning commands and house training","80","80","0","1976","2045","71231","69214","stop"
"conv-41:149","conv-41","149","4","What is John currently doing as a volunteer in August 2023?","mentoring students at a local school","unknown","mentor for a local school","0","66.66666666666666","66.66666666666666","1957","2036","71231","69214","stop"
"conv-41:150","conv-41","150","4","What activities does John's family enjoy doing together?","going for hikes, hanging out at the park, having picnics, playing board games, having movie nights","hiking, hanging out at the park, having picnics, playing board games, having movie nights, climbing, sliding, playing games at the playground","hiking, hanging out at the park, having picnics, playing board games, having movie nights, climbing, sliding, playing games","76.47058823529412","81.25","4.779411764705888","2010","2033","71231","69214","stop"
"conv-41:151","conv-41","151","4","What did the donations help John's community acquire on 16 August, 2023?","a brand new fire truck","a brand new fire truck","a brand new fire truck","100","100","0","1999","2036","71231","69214","stop"
"conv-42:0","conv-42","0","3","Is it likely that Nate has friends besides Joanna?","Yesteammates on hisvideo game team.","Yes","Yes","0","0","0","2031","2043","63303","61369","stop"
"conv-42:1","conv-42","1","1","What kind of interests do Joanna and Nate share?","Watching movies, making desserts","writing, reading, watching movies, exploring nature, playing video games","movies, video games","50","33.33333333333333","-16.666666666666668","2019","2047","63303","61369","stop"
"conv-42:2","conv-42","2","2","When did Joanna first watch ""Eternal Sunshine of the Spotless Mind?","2019","approximately 2019","unknown","66.66666666666666","0","-66.66666666666666","2035","2034","63303","61369","stop"
"conv-42:3","conv-42","3","2","When did Nate win his first video game tournament?","the week before 21Janury, 2022","January 2022 (the preceding week)","January 2022 (the preceding week)","50","50","0","2039","2048","63303","61369","stop"
"conv-42:4","conv-42","4","3","What pets wouldn't cause any discomfort to Joanna?","Hairless cats or pigs,since they don't have fur, which is one of the main causes of Joanna's allergy.","unknown","unknown","0","0","0","2027","2048","63303","61369","stop"
"conv-42:5","conv-42","5","1","What are Joanna's hobbies?","Writing, watchingmovies, exploringnature, hanging withfriends.","writing, reading, watching movies, exploring nature","writing, reading, watching movies, exploring nature","25","25","0","2047","2034","63303","61369","stop"
"conv-42:6","conv-42","6","2","How long has Nate had his first two turtles?","three years","3 years","3 years","50","50","0","2030","2033","63303","61369","stop"
"conv-42:7","conv-42","7","2","When did Joanna finish her first screenplay?","The Friday before 23January, 2022","last Friday","23 January 2022","33.33333333333333","28.57142857142857","-4.761904761904762","2018","2048","63303","61369","stop"
"conv-42:8","conv-42","8","2","When did Nate get his first two turtles?","2019","23 January 2019","3 years before 23 January 2022","50","0","-50","1966","2046","63303","61369","stop"
"conv-42:9","conv-42","9","2","What major achievement did Joanna accomplish in January 2022?","finished her screenplay and printed it","finished her first full screenplay","finished her first full screenplay and printed it","60","83.33333333333334","23.33333333333334","2003","2048","63303","61369","stop"
"conv-42:10","conv-42","10","1","What emotions is Joanna feeling about  the screenplay she submitted?","Relief, excitement,worry, hope,anxiety.","relief, excitement, some anxiety","excited, anxious, relief, excitement, worry","53.333333333333336","60","6.666666666666665","1961","2044","63303","61369","stop"
"conv-42:11","conv-42","11","1","What is Joanna allergic to?","Most reptiles,animals with fur,cockroaches, dairy","certain animals, most reptiles, animals with fur, cockroaches, turtles","reptiles, animals with fur, cockroaches, turtles","75","66.66666666666666","-8.333333333333337","2042","2047","63303","61369","stop"
"conv-42:12","conv-42","12","3","What underlying condition might Joanna have based on her allergies?","asthma","unknown","Lactose intolerance","0","0","0","2047","2045","63303","61369","stop"
"conv-42:13","conv-42","13","2","When did Joanna have an audition for a writing gig?","23 March, 2022.","23 March 2022","23 March 2022","100","100","0","1999","2027","63303","61369","stop"
"conv-42:14","conv-42","14","3","What nickname does Nate use for Joanna?","Jo","unknown","unknown","0","0","0","1996","2032","63303","61369","stop"
"conv-42:15","conv-42","15","2","When did Nate get purple hair?","The week before 15April, 2022.","April 2022 (the preceding week)","April 2022 (the preceding week)","50","50","0","1967","2032","63303","61369","stop"
"conv-42:16","conv-42","16","2","What physical transformation did Nate undergo in April 2022?","dyed his hair purple","dyed his hair purple","dyed his hair purple","100","100","0","2012","2048","63303","61369","stop"
"conv-42:17","conv-42","17","2","What movie did Joanna watch on 1 May, 2022?","Lord of the Rings","unknown","The Lord of the Rings Trilogy","0","85.71428571428571","85.71428571428571","2046","2038","63303","61369","stop"
"conv-42:18","conv-42","18","2","Which outdoor spot did Joanna visit in May?","Whispering Falls waterfall","Whispering Falls","Whispering Falls","80","80","0","2043","2046","63303","61369","stop"
"conv-42:19","conv-42","19","1","How many times has Joanna found new hiking trails?","twice","2","3","0","0","0","2008","2047","63303","61369","stop"
"conv-42:20","conv-42","20","2","When did Nate adopt Max?","May 2022","unknown","unknown","0","0","0","2042","2044","63303","61369","stop"
"conv-42:21","conv-42","21","2","Who was the new addition to Nate's family in May 2022?","Max","Max","Max","100","100","0","2044","2047","63303","61369","stop"
"conv-42:22","conv-42","22","2","When did Joanna start writing her third screenplay?","May 2022","25 February 2022","unknown","40","0","-40","2026","2042","63303","61369","stop"
"conv-42:23","conv-42","23","1","Which of Joanna's screenplay were rejected from production companies?","first screenplay on drama and romance, third screenplay on loss identity and connection","unknown","unknown","0","0","0","2043","2048","63303","61369","stop"
"conv-42:24","conv-42","24","2","When is Nate hosting a gaming party?","The weekend after 3June, 2022.","24 June 2022","19 June 2022","28.57142857142857","28.57142857142857","0","2036","2048","63303","61369","stop"
"conv-42:25","conv-42","25","2","When did Joanna hike with her buddies?","The weekend after 3June, 2022.","3 June 2022","this weekend (relative to 3 June 2022)","28.57142857142857","36.36363636363637","7.792207792207795","1989","2046","63303","61369","stop"
"conv-42:26","conv-42","26","2","When did Nate win his third tourney?","The week before 3June, 2022","unknown","9 November 2022","0","28.57142857142857","28.57142857142857","2034","2037","63303","61369","stop"
"conv-42:27","conv-42","27","1","What places has Joanna submitted her work to?","film contest, film festival.","unknown","film contest, film festivals","0","100","100","2033","2042","63303","61369","stop"
"conv-42:28","conv-42","28","2","When did Nate make vegan icecream and share it with a vegan diet group?","The Friday before 24June, 2022.","24 June 2022","24 June 2022","28.57142857142857","28.57142857142857","0","2017","2031","63303","61369","stop"
"conv-42:29","conv-42","29","2","When is Joanna going to make Nate's ice cream for her family?","The weekend of 24June, 2022.","25 June 2022","unknown","28.57142857142857","0","-28.57142857142857","1997","2046","63303","61369","stop"
"conv-42:30","conv-42","30","1","What kind of writings does Joanna do?","Screenplays,books, online blog posts, journal","screenplays, early writings","screenplays, books","25","50","25","2043","2046","63303","61369","stop"
"conv-42:31","conv-42","31","2","When did Nate win his fourth video game tournament?","The Friday before 10July, 2022.","Friday, 10 July, 2022","Friday, 10 July, 2022","50","50","0","1998","2046","63303","61369","stop"
"conv-42:32","conv-42","32","2","Where did Joanna travel to in July 2022?","Woodhaven","Woodhaven","Woodhaven","100","100","0","1990","2033","63303","61369","stop"
"conv-42:33","conv-42","33","2","When did someone write Joanna a touching letter?","The week before 14August, 2022.","August 2022 (the preceding week)","August 2022 (the preceding week)","50","50","0","2042","2041","63303","61369","stop"
"conv-42:34","conv-42","34","1","What book recommendations has Joanna given to Nate?","""Little Women"",'A Court of Thorns andRoses'.","romantic drama about memory and relationships, fantasy book series","fantasy book series","0","0","0","2007","2027","63303","61369","stop"
"conv-42:35","conv-42","35","2","When did Nate take time off to chill with his pets?","The weekend of 22August, 2022.","22 August 2022","22 August 2022","28.57142857142857","28.57142857142857","0","1984","2043","63303","61369","stop"
"conv-42:36","conv-42","36","2","When did Joanna share her book with her writers group?","The week before 22August, 2022.","22 August 2022","August 2022 (the preceding week)","28.57142857142857","50","21.42857142857143","2012","2048","63303","61369","stop"
"conv-42:37","conv-42","37","2","When did Nate win an international tournament?","21 August, 2022","21 August 2022","21 August 2022","100","100","0","2017","2036","63303","61369","stop"
"conv-42:38","conv-42","38","2","When did Joanna make a desert with almond milk?","The Friday before 14September, 2022","14 September 2022","14 September 2022","28.57142857142857","28.57142857142857","0","1994","2042","63303","61369","stop"
"conv-42:39","conv-42","39","2","When did Nate attend a cooking show?","The Monday before 14September, 2022","14 September 2022","14 September 2022","28.57142857142857","28.57142857142857","0","1975","2048","63303","61369","stop"
"conv-42:40","conv-42","40","2","When did Joanna's laptop crash?","The week before 14September, 2022","September 2022 (the preceding week)","September 2022 (the preceding week)","50","50","0","2004","2045","63303","61369","stop"
"conv-42:41","conv-42","41","2","When did Joanna make a chocolate tart with raspberries?","5 October, 2022","14 September 2022","Unknown","33.33333333333333","0","-33.33333333333333","1993","2039","63303","61369","stop"
"conv-42:42","conv-42","42","1","What movies have both Joanna and Nate seen?","""Little Women"", ""Lord of the Rings""","Little Women","Little Women","50","50","0","2048","2034","63303","61369","stop"
"conv-42:43","conv-42","43","2","How long did it take for Joanna to finish writing her book?","four months","unknown","unknown","0","0","0","2006","2036","63303","61369","stop"
"conv-42:44","conv-42","44","2","When did Nate win a lot of money in a video game tournament?","September 2022","10 July 2022","6 October 2022","40","40","0","1988","2048","63303","61369","stop"
"conv-42:45","conv-42","45","2","When did Joanna finish up the writing for her book?","The week before 6October, 2022","26 September 2022 to 2 October 2022","26 September 2022 to 2 October 2022","18.181818181818183","18.181818181818183","0","2044","2043","63303","61369","stop"
"conv-42:46","conv-42","46","1","What board games has Nate played?","Chess, Catan.","Catan, Chess","Catan","100","50","-50","1968","2047","63303","61369","stop"
"conv-42:47","conv-42","47","1","What places has Nate met new people?","A tournament and agaming convention.","game convention, tournament","game convention, gaming party","50","40","-9.999999999999998","2013","2047","63303","61369","stop"
"conv-42:48","conv-42","48","2","When did Nate go to a convention and meet new people?","The Friday before 9October, 2022.","9 October 2022","Last Friday (relative to 9 October 2022)","28.57142857142857","36.36363636363637","7.792207792207795","2009","2037","63303","61369","stop"
"conv-42:49","conv-42","49","1","How many times has Joanna's scripts been rejected?","Twice","unknown","2","0","0","0","2038","2035","63303","61369","stop"
"conv-42:50","conv-42","50","1","What is something Nate gave to Joanna that brings her a lot of joy?","stuffed toy pup","unknown","unknown","0","0","0","2044","2042","63303","61369","stop"
"conv-42:51","conv-42","51","1","When did Nate get Tilly for Joanna?","25 May, 2022","unknown","unknown","0","0","0","2028","2033","63303","61369","stop"
"conv-42:52","conv-42","52","1","How many of Joanna's writing have made it to the big screen?","two","3","3","0","0","0","2021","2033","63303","61369","stop"
"conv-42:53","conv-42","53","1","How many times has Nate taken his turtles on a walk?","Twice.","unknown","2","0","0","0","2005","2030","63303","61369","stop"
"conv-42:54","conv-42","54","2","When was Joanna's second movie script shown on the big screens?","The Sunday before 25October, 2022.","unknown","unknown","0","0","0","2018","2035","63303","61369","stop"
"conv-42:55","conv-42","55","1","What is Joanna inspired by?","Personal experiences,her own journey ofself discovery, Nate,nature, validation,stories about findingcourage and takingrisks, people she knows, stuff she sees, imagination","personal experiences, her own journey of self-discovery, people she knows, stuff she saw, what she imagined, seeing her characters come alive, nature, cool places","personal experiences, her own journey of self-discovery, people she knows, stuff she saw, what she imagined, her bookshelf, Nate's encouragement, and her life path.","52.96296296296297","49.25925925925927","-3.7037037037037033","2011","2039","63303","61369","stop"
"conv-42:56","conv-42","56","1","What animal do both Nate and Joanna like?","Turtles.","turtles","Dogs","100","0","-100","2022","2031","63303","61369","stop"
"conv-42:57","conv-42","57","2","When did Joanna plan to go over to Nate's and share recipes?","5 November, 2022.","5 November 2022","5 November 2022","100","100","0","2030","2032","63303","61369","stop"
"conv-42:58","conv-42","58","1","What things has Nate reccomended to Joanna?","A pet,""The Lord of the Rings"" movies,a dragon book series,coconut flavoring,""Project Hail Mary"" book,Xenoblade Chronicles, dairy-free margarine, coconut oil","""Little Women""","Little Women, a series","0","6.25","6.25","1987","2048","63303","61369","stop"
"conv-42:59","conv-42","59","1","What does Joanna do to remember happy memories?","Hangs them on a corkboard, writes themin a notebook.","Joanna writes down her favorite memories and hangs her family photo on a cork board.","Joanna writes down her favorite memories and hangs her family photo on a cork board.","18.014705882352942","18.014705882352942","0","2048","2035","63303","61369","stop"
"conv-42:60","conv-42","60","3","What Console does Nate own?","A Nintendo Switch; since the game ""Xenoblade 2"" is made for this console.","unknown","unknown","0","0","0","2030","2029","63303","61369","stop"
"conv-42:61","conv-42","61","1","What mediums does Nate use to play games?","Gamecube, PC,Playstation.","video games, board games","video games, board games","0","0","0","2011","2033","63303","61369","stop"
"conv-42:62","conv-42","62","1","How many letters has Joanna recieved?","Two","1","2","0","0","0","2030","2045","63303","61369","stop"
"conv-42:63","conv-42","63","1","What video games does Nate play?","Valorant, Counter Strike:Global Offensive,Xenoblade Chronicles, StreetFighter, Cyberpunk 2077","Counter-Strike: Global Offensive, Cyberpunk 2077, Street Fighter, Catan","Counter-Strike: Global Offensive, Cyberpunk 2077, Street Fighter","26.666666666666668","26.666666666666668","0","2045","2033","63303","61369","stop"
"conv-42:64","conv-42","64","2","When did Nate win a big Valorant tourney?","The Saturday before 7November, 2022","7 November 2022","7 November 2022","28.57142857142857","28.57142857142857","0","2027","2045","63303","61369","stop"
"conv-42:65","conv-42","65","2","Which torunament did Nate win in the beginning of November 2022?","Valorant","Valorant tournament","unknown","66.66666666666666","0","-66.66666666666666","2028","2029","63303","61369","stop"
"conv-42:66","conv-42","66","3","What alternative career might Nate consider after gaming?","an animalkeeper at a localzoo and workingwith turtles; as heknows a great dealabout turtles andhow to care for them,and he enjoys it.","Unknown","unknown","0","0","0","2024","2037","63303","61369","stop"
"conv-42:67","conv-42","67","1","What pets does Nate have?","A dog and threeturtles.","Max, turtles","Max, turtles, tortoises","0","0","0","2039","2038","63303","61369","stop"
"conv-42:68","conv-42","68","3","How many hikes has Joanna been on?","Four","unknown","unknown","0","0","0","2017","2048","63303","61369","stop"
"conv-42:69","conv-42","69","1","How many turtles does Nate have?","Three","two","3","0","0","0","2017","2042","63303","61369","stop"
"conv-42:70","conv-42","70","1","What activities does Nate do with his turtles?","takes them onwalks, holds them,feeds themstrawberries, givesthem baths.","spending time with them, taking them out for a walk, holding them, watching them play, bringing them into the kitchen to watch him make food","holding them, taking them out for a walk, bringing them into the kitchen to watch him make food, taking them to the beach","37.5","39.285714285714285","1.785714285714285","2001","2045","63303","61369","stop"
"conv-42:71","conv-42","71","1","What do both Joanna and Nate appreciate the beauty of?","Nature","nature","nature","100","100","0","2045","2032","63303","61369","stop"
"conv-42:72","conv-42","72","2","When did Joanna plan on going to Nate's to watch him play with his turtles?","10 November, 2022","10 November 2022","10 November 2022","100","100","0","2009","2032","63303","61369","stop"
"conv-42:73","conv-42","73","3","What state did Joanna visit in summer 2021?","Indiana","Indiana","Indiana","100","100","0","2028","2034","63303","61369","stop"
"conv-42:74","conv-42","74","1","What recommendations has Nate received from Joanna?","""Eternal Sunshine of the Spotless Mind"" movie, ""A Court of Thorns and Roses"" book, pointers for making living room comfy, starting a cork board for memories, ""Little Women"" movie","unknown","None","0","0","0","2035","2047","63303","61369","stop"
"conv-42:75","conv-42","75","1","What are Nate's favorite desserts?","coconut milk icecream, dairy-free chocolate cake with berries, chocolate and mixed-berry icecream, dairy-free chocolate mousse","chocolate, mixed berry, coconut milk","coconut milk ice cream, dairy-free chocolate mousse","53.333333333333336","60.11904761904761","6.785714285714284","2002","2032","63303","61369","stop"
"conv-42:76","conv-42","76","1","How has Nate tried to disburse his vegan ice-cream recipes?","teaching others, cooking show","teaching people vegan ice cream recipes on his own cooking show, sharing it with people in his vegan diet group, and offering the recipe to Joanna","cooking show, vegan diet group","23.076923076923077","50","26.923076923076923","2036","2030","63303","61369","stop"
"conv-42:77","conv-42","77","2","When did Nate win his second tournament?","The week before 2 May, 2022.","25 April 2022","25 April 2022 to 1 May 2022","25","33.33333333333333","8.333333333333332","2045","2029","63303","61369","stop"
"conv-42:78","conv-42","78","1","How many video game tournaments has Nate participated in?","nine","unknown","unknown","0","0","0","2015","2040","63303","61369","stop"
"conv-42:79","conv-42","79","1","How many screenplays has Joanna written?","three","unknown","unknown","0","0","0","2009","2029","63303","61369","stop"
"conv-42:80","conv-42","80","1","How many tournaments has Nate won?","seven","5","unknown","0","0","0","1987","2047","63303","61369","stop"
"conv-42:81","conv-42","81","1","What recipes has Joanna made?","dairy free vanilla cake with strawberry filling and coconut cream frosting, parfait, strawberry chocolate cake, chocolate coconut cupcakes, chocolate raspberry tart, chocolate cake with raspberries, blueberry cheesecake bars","dairy-free cake with white frosting, strawberry filling, and coconut cream frosting, dairy-free vanilla with strawberry filling and coconut cream frosting, dairy-free chocolate coconut cupcakes with raspberry frosting, dessert made with blueberries, coconut milk, and a gluten-free crust","dairy-free cake with white frosting, strawberry filling, and coconut cream frosting, dessert with almond milk, dessert with blueberries, coconut milk, and a gluten-free crust, dairy-free chocolate coconut cupcakes with raspberry frosting","42.98495155638013","39.14751914751915","-3.8374324088609804","2047","2044","63303","61369","stop"
"conv-42:82","conv-42","82","1","What recipes has Nate made?","coconut milk icecream, chocolate and vanilla swirl","coconut milk ice cream, vegan ice cream, chocolate and vanilla swirl ice cream","vegan ice cream recipes, coconut milk ice cream, lactose-free ice cream using coconut milk, dairy-free chocolate cake with berries, chocolate and vanilla swirl ice cream, dairy-free chocolate coconut cupcakes with raspberry frosting","66.07142857142857","66.07142857142857","0","2015","2039","63303","61369","stop"
"conv-42:83","conv-42","83","1","What are the skills that Nate has helped others learn?","coconut milk ice cream recipe, reset high scores, tips to improve gaming skills","unknown","resetting high scores","0","33.33333333333333","33.33333333333333","2038","2046","63303","61369","stop"
"conv-42:84","conv-42","84","3","Was the first half of September 2022 a good month career-wise for Nate and Joanna? Answer yes or no.","No; because both of them faced setbacks in their career","yes","No","0","100","100","2013","2026","63303","61369","stop"
"conv-42:85","conv-42","85","3","What kind of job is Joanna beginning to preform the duties of because of her movie scripts?","filmmaker.","unknown","unknown","0","0","0","2044","2028","63303","61369","stop"
"conv-42:86","conv-42","86","2","When did Nate take his turtles to the beach?","10 November, 2022","10 November 2022","10 November 2022","100","100","0","2045","2039","63303","61369","stop"
"conv-42:87","conv-42","87","3","What state did Nate visit?","Florida","unknown","unknown","0","0","0","2029","2048","63303","61369","stop"
"conv-42:88","conv-42","88","4","What is one of Joanna's favorite movies?","""Eternal Sunshineof the Spotless Mind""","Little Women","Little Women","0","0","0","2019","2048","63303","61369","stop"
"conv-42:89","conv-42","89","4","What color did Nate choose for his hair?","purple","purple","purple","100","100","0","2045","2026","63303","61369","stop"
"conv-42:90","conv-42","90","4","What is Nate's favorite movie trilogy?","Lord of the Rings","unknown","unknown","0","0","0","1992","2039","63303","61369","stop"
"conv-42:91","conv-42","91","4","What is Nate's favorite book series about?","dragons","adventures, magic, and great characters","unknown","0","0","0","2047","2048","63303","61369","stop"
"conv-42:92","conv-42","92","4","What kind of lighting does Nate's gaming room have?","red and purple lighting","unknown","unknown","0","0","0","2003","2029","63303","61369","stop"
"conv-42:93","conv-42","93","4","What game was the second tournament that Nate won based on?","Street Fighter","Street Fighter","Street Fighter","100","100","0","2026","2044","63303","61369","stop"
"conv-42:94","conv-42","94","4","What is Joanna's third screenplay about?","loss, identity, and connection","loss, identity, and connection","loss, identity, and connection","100","100","0","2008","2027","63303","61369","stop"
"conv-42:95","conv-42","95","4","What is Nate's favorite video game?","Xenoblade Chronicles","Xeonoblade Chronicles","Unknown","50","0","-50","1975","2033","63303","61369","stop"
"conv-42:96","conv-42","96","4","What type of movies does Nate enjoy watching the most?","action and sci-fi","action, sci-fi","action, sci-fi","100","100","0","2007","2043","63303","61369","stop"
"conv-42:97","conv-42","97","4","What did Joanna just finish last Friday on 23 January, 2022?","screenplay","her first full screenplay","her first full screenplay","40","40","0","2024","2028","63303","61369","stop"
"conv-42:98","conv-42","98","4","What genre is Joanna's first screenplay?","drama and romance","drama and romance","drama and romance","100","100","0","2014","2045","63303","61369","stop"
"conv-42:99","conv-42","99","4","What are Joanna's plans for her finished screenplay in January 2022?","submit it to film festivals and get producers and directors to check it out","submit it to some film festivals","submit it to some film festivals and get producers and directors to check it out","55.55555555555556","96","40.444444444444436","2038","2041","63303","61369","stop"
"conv-42:100","conv-42","100","4","For how long has Nate had his turtles?","3 years","3 years","3 years","100","100","0","2048","2045","63303","61369","stop"
"conv-42:101","conv-42","101","4","What did Nate think of the coconut milk ice cream he made?","Super good, rich and creamy","Super good","Super good; rich and creamy","66.66666666666666","100","33.333333333333336","2048","2033","63303","61369","stop"
"conv-42:102","conv-42","102","4","Which dairy-free dessert flavors does Nate enjoy?","chocolate and mixed berry","coconut milk, chocolate, mixed berry","coconut milk, chocolate, mixed berry, chocolate mousse","75","60","-15.000000000000002","1999","2039","63303","61369","stop"
"conv-42:103","conv-42","103","4","What did Joanna recently watch and recommend to Nate on February 7, 2022?","""Little Women""","Little Women","Little Women","100","100","0","1993","2047","63303","61369","stop"
"conv-42:104","conv-42","104","4","What is ""Little Women"" about according to Joanna?","Sisterhood, love, and reaching for your dreams","sisterhood, love, and reaching for dreams","sisterhood, love, and reaching for dreams","90.9090909090909","90.9090909090909","0","1978","2042","63303","61369","stop"
"conv-42:105","conv-42","105","4","What flavor of ice cream did Nate make for his friend on 25 February, 2022?","chocolate and vanilla swirl","chocolate and vanilla swirl","chocolate and vanilla swirl","100","100","0","2027","2034","63303","61369","stop"
"conv-42:106","conv-42","106","4","What inspired Joanna's new screenplay on 25 February, 2022?","personal experiences and her own journey of self-discovery","personal experiences and her own journey of self-discovery","her own personal experiences and journey of self-discovery","100","100","0","1978","2040","63303","61369","stop"
"conv-42:107","conv-42","107","4","Why does Nate like turtles as pets?","Their slow pace and calming nature","They're unique, their slow pace is a nice change from the rush of life, they're low-maintenance, and they're calming.","They're unique, their slow pace is a nice change from the rush of life, they're low-maintenance, and they're calming.","38.095238095238095","38.095238095238095","0","2014","2048","63303","61369","stop"
"conv-42:108","conv-42","108","4","How does Nate describe the process of taking care of turtles?","Not tough; keep their area clean, feed them properly, give them enough light.","low-maintenance, calming, keep their area clean, feed them properly, make sure they get enough light","No, not really. Just keep their area clean, feed them properly, and make sure they get enough light. It's actually kind of fun.","64.28571428571429","57.14285714285714","-7.142857142857151","2026","2027","63303","61369","stop"
"conv-42:109","conv-42","109","4","What was Joanna's audition for?","writing gig","a writing gig","a writing gig","100","100","0","2034","2047","63303","61369","stop"
"conv-42:110","conv-42","110","4","Why did Nate choose the hair color he did?","Bright and bold - like him","He wanted to stand out from the regular options.","He wanted to stand out from the regular options.","0","0","0","2047","2039","63303","61369","stop"
"conv-42:111","conv-42","111","4","What are the main ingredients of the ice cream recipe shared by Nate?","Coconut milk, vanilla extract, sugar, salt","coconut milk, vanilla extract, sugar, salt","coconut milk, vanilla extract, sugar, and a pinch of salt","100","85.71428571428571","-14.28571428571429","2015","2034","63303","61369","stop"
"conv-42:112","conv-42","112","4","What is Joanna's project called in the writers group?","""Finding Home""","Finding Home","Finding Home","100","100","0","1990","2029","63303","61369","stop"
"conv-42:113","conv-42","113","4","What is Nate's favorite genre of movies?","Fantasy and sci-fi","action, sci-fi, fantasy","action, sci-fi, fantasy","80","80","0","2009","2047","63303","61369","stop"
"conv-42:114","conv-42","114","4","What kind of books does Nate enjoy?","Adventures and magic","adventures, magic, and great characters","fantasy, sci-fi","66.66666666666666","0","-66.66666666666666","2028","2047","63303","61369","stop"
"conv-42:115","conv-42","115","4","What kind of films does Joanna enjoy?","Dramas and emotionally-driven films","dramas and emotionally-driven films","dramas, emotionally-driven films, romcoms","100","85.71428571428571","-14.28571428571429","2040","2044","63303","61369","stop"
"conv-42:116","conv-42","116","4","Which activity helps Nate escape and stimulates his imagination?","watching fantasy and sci-fi movies","Playing video games","Playing video games","0","0","0","2040","2026","63303","61369","stop"
"conv-42:117","conv-42","117","4","What filling did Joanna use in the cake she made recently in May 2022?","strawberry","strawberry","strawberry","100","100","0","2001","2048","63303","61369","stop"
"conv-42:118","conv-42","118","4","What kind of frosting did Joanna use on the cake she made recently in May 2022?","coconut cream","white frosting, strawberry filling, and coconut cream frosting","white frosting, strawberry filling, and coconut cream frosting","44.44444444444444","44.44444444444444","0","1988","2045","63303","61369","stop"
"conv-42:119","conv-42","119","4","What does Nate feel he could do when out in cool places like Whispering Falls?","write a whole movie","write a whole movie","write a whole movie","100","100","0","2004","2028","63303","61369","stop"
"conv-42:120","conv-42","120","4","What creative activity does Nate joke about pursuing after being inspired by their hikes with Jo?","Start thinking about a drama and publish a screenplay","thinking about my life or new recipes","starting a cork board","30.76923076923077","22.22222222222222","-8.54700854700855","2012","2042","63303","61369","stop"
"conv-42:121","conv-42","121","4","Who invited Nate to join her on the trails sometime?","Joanna","Joanna","Joanna","100","100","0","2009","2038","63303","61369","stop"
"conv-42:122","conv-42","122","4","What did Nate do for Joanna on 25 May, 2022?","get her a stuffed animal","Nate stated that he is there to support Joanna.","Sent a photo of a stuffed animal, explained the stuffed animal is intended to remind Joanna of good vibes, and stated that the couple he met did not share a whole lot in common with him besides the love of animals.","0","10.526315789473683","10.526315789473683","2027","2038","63303","61369","stop"
"conv-42:123","conv-42","123","4","How does Nate describe the stuffed animal he got for Joanna?","A stuffed animal to remind you of the good vibes","to remind you of the good vibes","to remind you of the good vibes","85.71428571428571","85.71428571428571","0","2045","2026","63303","61369","stop"
"conv-42:124","conv-42","124","4","What event is Nate organizing in June 2022?","A gaming party","gaming party","gaming party","100","100","0","1972","2030","63303","61369","stop"
"conv-42:125","conv-42","125","4","Who did Nate plan to invite to his gaming party in June 2022?","Tournament friends, old friends, teammates","old friends and teammates from other tournaments","old friends, teammates from other tournaments, tournament friends","72.72727272727273","76.92307692307693","4.1958041958041985","2040","2047","63303","61369","stop"
"conv-42:126","conv-42","126","4","What special items did Nate get for everyone at his gaming party?","Custom controller decorations","custom controller decorations","custom controller decorations","100","100","0","2015","2042","63303","61369","stop"
"conv-42:127","conv-42","127","4","What did Joanna write yesterday that appeared on the big screen?","screenplay bits","movie script","bits for a screenplay","0","80","80","2040","2041","63303","61369","stop"
"conv-42:128","conv-42","128","4","What superhero is Joanna a fan of?","Spider-Man","Spider-Man","Spider-Man","100","100","0","1998","2029","63303","61369","stop"
"conv-42:129","conv-42","129","4","Which superhero toy figure does Nate share a photo of?","Iron Man","Iron Man","Iron Man","100","100","0","1989","2045","63303","61369","stop"
"conv-42:130","conv-42","130","4","What is displayed on Joanna's cork board for motivation and creativity?","inspiring quotes, photos, and little keepsakes","inspiring quotes, pictures, photos, little keepsakes","quotes, photos, and little keepsakes","90.9090909090909","88.88888888888889","-2.020202020202022","2047","2028","63303","61369","stop"
"conv-42:131","conv-42","131","4","What does the photo on Joanna's cork board remind her of?","love and encouragement from her family","the love and encouragement from them","the love and encouragement from them","66.66666666666666","66.66666666666666","0","2030","2034","63303","61369","stop"
"conv-42:132","conv-42","132","4","What did Nate make and share with his vegan diet group?","vegan ice cream","vegan ice cream","vegan ice cream","100","100","0","1970","2047","63303","61369","stop"
"conv-42:133","conv-42","133","4","How many people attended the gaming party hosted by Nate in June 2022?","7","7","7","100","100","0","1990","2039","63303","61369","stop"
"conv-42:134","conv-42","134","4","What recipe Nate offer to share with Joanna?","vegan ice cream recipe","coconut milk ice cream recipe","coconut milk ice cream recipe","66.66666666666666","66.66666666666666","0","2012","2034","63303","61369","stop"
"conv-42:135","conv-42","135","4","What did Joanna plan to do with the recipe Nate promised to share?","make it for her family","bake a dessert to surprise her family","surprise my family","36.36363636363637","25","-11.363636363636365","2041","2040","63303","61369","stop"
"conv-42:136","conv-42","136","4","How many video game tournaments has Nate won by July 10, 2022?","Four","4","4","0","0","0","1979","2033","63303","61369","stop"
"conv-42:137","conv-42","137","4","Where did Joanna go for a road trip for research?","Woodhaven","Woodhaven","Woodhaven","100","100","0","2005","2048","63303","61369","stop"
"conv-42:138","conv-42","138","4","What did Joanna discover at the library in Woodhaven?","cool old book collection","a super cool book from the 1900s","a super cool book from the 1900s with stories and sketches","44.44444444444444","33.33333333333333","-11.11111111111111","2041","2036","63303","61369","stop"
"conv-42:139","conv-42","139","4","What specific themes are explored in Joanna's new book?","loss, redemption, and forgiveness","loss, redemption, and forgiveness","loss, redemption, and forgiveness","100","100","0","2045","2029","63303","61369","stop"
"conv-42:140","conv-42","140","4","What inspired Joanna's new script in July 2022?","Woodhaven's interesting past and people","unknown","a dream","0","0","0","1987","2047","63303","61369","stop"
"conv-42:141","conv-42","141","4","What did Nate do while Joanna was on her road trip?","Won a video game tournament","won his fourth video game tournament","won his fourth video game tournament","80","80","0","2038","2029","63303","61369","stop"
"conv-42:142","conv-42","142","4","What does Nate do that he loves and can make money from?","Competing in video game tournaments","playing video games","playing video games","50","50","0","2029","2036","63303","61369","stop"
"conv-42:143","conv-42","143","4","How did Joanna feel when someone wrote her a letter after reading her blog post?","Touched","touched","touched, awesome","100","66.66666666666666","-33.333333333333336","2014","2045","63303","61369","stop"
"conv-42:144","conv-42","144","4","What kind of impact does Joanna hope to have with her writing?","share her stories and hopefully have an impact","to make a difference","to make a difference","0","0","0","2035","2044","63303","61369","stop"
"conv-42:145","conv-42","145","4","What kind of content did Joanna share that someone wrote her a letter about?","A blog post about a hard moment in her life","an online blog post","an online blog post","36.36363636363637","36.36363636363637","0","1983","2032","63303","61369","stop"
"conv-42:146","conv-42","146","4","What motivates Joanna to keep writing even on tough days?","Knowing that her writing can make a difference","faith in herself, supportive friends, meaningful stories from personal experiences, cherishing little moments, and the magical way words heal","Knowing that her writing can make a difference","0","100","100","2035","2046","63303","61369","stop"
"conv-42:147","conv-42","147","4","What type of ice cream does Joanna mention that Nate makes and is delicious?","Coconut milk ice cream","Coconut milk ice cream","coconut milk ice cream","100","100","0","2023","2043","63303","61369","stop"
"conv-42:148","conv-42","148","4","How did Nate feel about sharing his love for dairy-free desserts with Joanna?","Happy to share","fun and rewarding","fun and rewarding","0","0","0","2048","2044","63303","61369","stop"
"conv-42:149","conv-42","149","4","What did Joanna share with her writers group in August 2022?","her book","unknown","her book","0","100","100","1981","2048","63303","61369","stop"
"conv-42:150","conv-42","150","4","How did Joanna celebrate after sharing her book with her writers group?","making a delicious treat","making a delicious treat","making a delicious treat","100","100","0","2036","2030","63303","61369","stop"
"conv-42:151","conv-42","151","4","How did Nate celebrate winning the international tournament?","Taking time off to chill with pets","unknown","unknown","0","0","0","2007","2043","63303","61369","stop"
"conv-42:152","conv-42","152","4","Why is Joanna experimenting with dairy-free options in her dessert recipes?","lactose intolerance","Since she is lactose intolerant.","Since she is lactose intolerant","57.14285714285714","57.14285714285714","0","2020","2029","63303","61369","stop"
"conv-42:153","conv-42","153","4","What substitution does Nate suggest for butter in dairy-free baking?","dairy-free margarine or coconut oil","dairy-free margarine or coconut oil","dairy-free margarine or coconut oil","100","100","0","1970","2027","63303","61369","stop"
"conv-42:154","conv-42","154","4","What type of show did Nate host where he taught vegan ice cream recipes?","a cooking show","cooking show","cooking show","100","100","0","2025","2040","63303","61369","stop"
"conv-42:155","conv-42","155","4","What is Nate's favorite dish from the cooking show he hosted?","Coconut milk ice cream","Coconut milk ice cream","Coconut milk ice cream","100","100","0","2026","2033","63303","61369","stop"
"conv-42:156","conv-42","156","4","What is one of Nate's favorite dairy-free treats besides coconut milk ice cream?","dairy-free chocolate mousse","dairy-free chocolate mousse","dairy-free chocolate mousse","100","100","0","1998","2045","63303","61369","stop"
"conv-42:157","conv-42","157","4","What dessert did Joanna share a photo of that has an almond flour crust, chocolate ganache, and fresh raspberries?","chocolate raspberry tart","chocolate raspberry tart","chocolate raspberry tart","100","100","0","2039","2027","63303","61369","stop"
"conv-42:158","conv-42","158","4","What kind of cake did Joanna share a photo of that she likes making for birthdays and special days?","chocolate cake with raspberries","dairy-free chocolate cake with raspberries","dairy-free chocolate cake with raspberries","88.88888888888889","88.88888888888889","0","1953","2042","63303","61369","stop"
"conv-42:159","conv-42","159","4","What two main ingredients are part of the dessert Joanna shared a photo of with blueberries, coconut milk, and a gluten-free crust?","blueberries and coconut milk","blueberries, coconut milk","blueberries, coconut milk","100","100","0","2048","2028","63303","61369","stop"
"conv-42:160","conv-42","160","4","What movie did Nate recently watch and enjoy on October 6, 2022?","Little Women","Little Women","Little Women","100","100","0","1984","2028","63303","61369","stop"
"conv-42:161","conv-42","161","4","What did Joanna make for one of the ladies at her writing club?","a bookmark","a cute little bookmark with a plant on top","a cute little bookmark with a plant on top","25","25","0","2029","2041","63303","61369","stop"
"conv-42:162","conv-42","162","4","What game did Nate play at the game convention he attended on 9 October, 2022?","Catan","Catan","Catan","100","100","0","2039","2029","63303","61369","stop"
"conv-42:163","conv-42","163","4","What movie has Nate recently seen that blew his mind?","""Inception""","Inception","Inception","100","100","0","1988","2026","63303","61369","stop"
"conv-42:164","conv-42","164","4","What game has Nate been playing nonstop with a futuristic setting and gameplay on October 9, 2022?","Cyberpunk 2077","Cyberpunk 2077","Cyberpunk 2077","100","100","0","2016","2047","63303","61369","stop"
"conv-42:165","conv-42","165","4","What did Nate share a photo of when mentioning unwinding at home?","a bookcase filled with dvds and movies","a photo of a bookcase filled with dvds and movies","a bookcase filled with dvds and movies","83.33333333333334","100","16.666666666666664","2033","2037","63303","61369","stop"
"conv-42:166","conv-42","166","4","How did Joanna describe the classic movie he watched?","gripping with great actors","The acting was awesome and the story was so captivating.","awesome - the story was so gripping and the actors were great","0","50","50","1987","2028","63303","61369","stop"
"conv-42:167","conv-42","167","4","What does Joanna recommend to make a living room comfy like hers?","couch for multiple people, fluffy blanket, lights that can be dimmed","a multi-person fluffy couch, a weighted blanket, and dimmable lights","a multi-person fluffy couch, a weighted blanket, and dimmable lights","44.44444444444444","44.44444444444444","0","2045","2048","63303","61369","stop"
"conv-42:168","conv-42","168","4","What helps Joanna stay focused and brings her joy?","stuffed animal dog named Tilly","Writing, hanging with friends, creative projects, and her bookshelf","Writing, hanging with friends, creative projects, journal","0","0","0","2026","2047","63303","61369","stop"
"conv-42:169","conv-42","169","4","What does Joanna do while she writes?","have a stuffed animal dog named Tilly with her","She is being true to herself.","keeps her stuffed animal dog Tilly with her, creates drawings of characters","0","60","60","2047","2028","63303","61369","stop"
"conv-42:170","conv-42","170","4","Why did Joanna name the stuffed animal dog Tilly?","after a dog she had in Michigan","To remember her old dog she used to have in Michigan before she got allergic.","To remember her old dog when she could hold animals without an allergic reaction.","38.095238095238095","21.052631578947366","-17.042606516290725","1977","2036","63303","61369","stop"
"conv-42:171","conv-42","171","4","What does Joanna do after receiving a rejection from a production company?","keep grinding and moving ahead","She will not let the rejection slow her down and will keep grinding.","keeps grinding and moving ahead","26.666666666666668","100","73.33333333333334","2015","2043","63303","61369","stop"
"conv-42:172","conv-42","172","4","How does Nate feel about Joanna's ability to bounce back from setbacks?","respect Joanna for being able to bounce back","He really respects her for that.","He really respects her for it.","28.57142857142857","28.57142857142857","0","2045","2027","63303","61369","stop"
"conv-42:173","conv-42","173","4","What encouragement does Nate give to Joanna after her setback?","rejections don't define her, keep grinding and she'll find the perfect opportunity","Don't give up on your dreams, don't let it slow you down, keep grinding and moving ahead, keep going and believing in yourself","Don't give up on your dreams; keep going and believing in yourself; they don't define you; keep grinding and moving ahead; you'll find the perfect opportunity; you got this; don't ever forget that you have people cheering you on from the sidelines wherever you go.","19.35483870967742","27.450980392156865","8.096141682479447","1982","2034","63303","61369","stop"
"conv-42:174","conv-42","174","4","What does Nate rely on for cheer and joy?","his turtles","turtles, stuffed animal dog named Tilly, Max","turtles","22.22222222222222","66.66666666666666","44.44444444444444","1987","2045","63303","61369","stop"
"conv-42:175","conv-42","175","4","What does Joanna use to remember her dog from Michigan?","naming a stuffed animal dog Tilly","Tilly","Tilly","33.33333333333333","33.33333333333333","0","2002","2046","63303","61369","stop"
"conv-42:176","conv-42","176","4","What did Joanna contribute to that was shown on the big screen on the Sunday before October 25, 2022?","movie script","a movie script","a movie script","100","100","0","1972","2042","63303","61369","stop"
"conv-42:177","conv-42","177","4","What inspires Joanna to create drawings of her characters?","visuals to help bring the characters alive in her head so she can write better","to help bring them alive in her head so she can write better","to help bring them alive in her head so she can write better","88.88888888888889","88.88888888888889","0","2028","2038","63303","61369","stop"
"conv-42:178","conv-42","178","4","Where does Joanna get her ideas for the characters from?","people she knows, things she saw, her imagination","people she knows, stuff she saw, and what she imagined","people she knows, stuff she saw, and what she imagined","70.58823529411765","70.58823529411765","0","2036","2032","63303","61369","stop"
"conv-42:179","conv-42","179","4","How did Joanna feel on October 25, 2022 about seeing her characters come alive on the big screen?","surreal and cool","satisfied, amazing, surreal, rewarding","amazing, surreal, rewarding","33.33333333333333","40","6.6666666666666705","1977","2045","63303","61369","stop"
"conv-42:180","conv-42","180","4","What type of diet do Nate's turtles have?","combination of vegetables, fruits, and insects","vegetables, fruits, and insects","vegetables, fruits, and insects","75","75","0","2011","2028","63303","61369","stop"
"conv-42:181","conv-42","181","4","What ingredient did Nate use to make the ice cream lactose-free?","coconut milk","coconut milk","coconut milk","100","100","0","2007","2029","63303","61369","stop"
"conv-42:182","conv-42","182","4","What did Joanna find in old notebooks last week that prompted her to reflect on her progress as a writer?","early writings","her early writings","early writings","80","100","19.999999999999996","1971","2045","63303","61369","stop"
"conv-42:183","conv-42","183","4","What game is Nate currently playing and recommends to others on November 7, 2022?","""Xenoblade Chronicles""","Xeonoblade Chronicles","Xeonoblade Chronicles","50","50","0","2041","2033","63303","61369","stop"
"conv-42:184","conv-42","184","4","What did Joanna receive from her brother that brought back childhood memories?","a handwritten letter","a handwritten letter","a handwritten letter","100","100","0","1999","2038","63303","61369","stop"
"conv-42:185","conv-42","185","4","What is the type of game ""Xenoblade Chronicles"" that Nate is playing?","fantasy RPG","fantasy RPG","fantasy RPG","100","100","0","2048","2036","63303","61369","stop"
"conv-42:186","conv-42","186","4","What dish did Nate make on 9 November, 2022?","Homemade coconut ice cream","homemade coconut ice cream with sprinkles","homemade coconut ice cream with sprinkles","80","80","0","2023","2048","63303","61369","stop"
"conv-42:187","conv-42","187","4","What project is Joanna working on in her notebook on November 9, 2022?","A suspenseful thriller set in a small Midwestern town","a suspenseful thriller set in a small Midwestern town","a suspenseful thriller set in a small Midwestern town","100","100","0","2039","2048","63303","61369","stop"
"conv-42:188","conv-42","188","4","What is Nate creating for YouTube on 9 November, 2022?","gaming content","gaming content","gaming content","100","100","0","2046","2039","63303","61369","stop"
"conv-42:189","conv-42","189","4","What inspired Nate to start making gaming videos?","Love of gaming and connecting with others who enjoy it too","being a big fan of them","He thought it would be a fun idea to start making them himself.","13.333333333333334","9.090909090909092","-4.242424242424242","2045","2027","63303","61369","stop"
"conv-42:190","conv-42","190","4","What new content is Nate creating for YouTube?","Gaming videos","gaming content","gaming content","50","50","0","1994","2041","63303","61369","stop"
"conv-42:191","conv-42","191","4","What advice does Joanna give to Nate about making YouTube videos?","Watch other people's videos to understand what the audience likes","Watch other people's videos first so you get a handle on what your audience likes.","Watch other people's videos first so you get a handle on what your audience likes.","60.86956521739131","60.86956521739131","0","1996","2048","63303","61369","stop"
"conv-42:192","conv-42","192","4","What did Joanna take a picture of near Fort Wayne last summer?","Sunset","a sunset","a sunset","100","100","0","2008","2030","63303","61369","stop"
"conv-42:193","conv-42","193","4","What inspired Joanna to take a picture of the sunset in the field near Fort Wayne?","The incredible sunset and surrounding beauty","The sunset and the surrounding beauty","The sunset and the surrounding beauty","85.71428571428571","85.71428571428571","0","2034","2045","63303","61369","stop"
"conv-42:194","conv-42","194","4","Why did Nate get a third turtle?","He saw another one at a pet store and wanted to get it","The tank is big enough for three.","The tank is big enough for three.","0","0","0","2022","2046","63303","61369","stop"
"conv-42:195","conv-42","195","4","What does Nate want to do when he goes over to Joanna's place?","Watch one of Joanna's movies together or go to the park","watch one of her movies together or go to the park","watch one of her movies together or go to the park","90","90","0","2010","2048","63303","61369","stop"
"conv-42:196","conv-42","196","4","What did Nate take to the beach in Tampa?","turtles","turtles","turtles","100","100","0","1968","2034","63303","61369","stop"
"conv-42:197","conv-42","197","4","What does Nate love most about having turtles?","They make him feel calm and don't require much looking after","They make him feel calm","They make him feel calm, they don't require much looking after, and he loves seeing them soaking in the sun.","66.66666666666666","71.42857142857143","4.761904761904767","2019","2044","63303","61369","stop"
"conv-42:198","conv-42","198","4","What did Nate share a photo of as a part of his experimentation in November 2022?","colorful bowls of coconut milk ice cream","a photo of a computer screen with a message on it","unknown","13.333333333333334","0","-13.333333333333334","2035","2030","63303","61369","stop"
"conv-43:0","conv-43","0","1","what are John's goals with regards to his basketball career?","improve shooting percentage, win a championship","win a championship, improve his shooting percentage, better shooting, make more of an impact on the court, be known as a consistent performer, help his team","improve his shooting percentage, be known as a consistent performer, help his team, win a championship, make a difference away from the court, inspire people, give something back, start a foundation, do charity work","92.85714285714286","92.85714285714286","0","2034","2031","72437","70392","stop"
"conv-43:1","conv-43","1","1","What are John's goals for his career that are not related to his basketball skills?","get endorsements, build his brand, do charity work","making more of an impact on the court, endorsements, building his brand, life after basketball, charity, inspiring people","improving his shooting percentage, making more of an impact on the court, being known as a consistent performer, helping his team, getting more endorsements, building his brand, making a positive difference, inspiring others, starting a foundation, and doing charity work","72.22222222222221","93.33333333333333","21.111111111111104","1977","2047","72437","70392","stop"
"conv-43:2","conv-43","2","1","What items does John collect?","sneakers, fantasy movie DVDs, jerseys","basketball jerseys","basketball jerseys","22.22222222222222","22.22222222222222","0","2021","2028","72437","70392","stop"
"conv-43:3","conv-43","3","3","Would Tim enjoy reading books by C. S. Lewis or John Greene?","C. S.Lewis","unknown","unknown","0","0","0","2022","2047","72437","70392","stop"
"conv-43:4","conv-43","4","1","What books has Tim read?","Harry Potter, Game of Thrones, the Name of the Wind, The Alchemist, The Hobbit, A Dance with Dragons, and the Wheel of Time.","Game of Thrones, A Dance with Dragons, The Alchemist, a book about how small changes can make big differences","Game of Thrones, Harry Potter, Dune, A Dance with Dragons, The Alchemist","52.38095238095239","66.66666666666667","14.28571428571429","2046","2030","72437","70392","stop"
"conv-43:5","conv-43","5","3","Based on Tim's collections, what is a shop that he would enjoy visiting in New York city?","House of MinaLima","unknown","unknown","0","0","0","2046","2035","72437","70392","stop"
"conv-43:6","conv-43","6","2","In which month's game did John achieve a career-high score in points?","June 2023","July","July","0","0","0","1957","2040","72437","70392","stop"
"conv-43:7","conv-43","7","1","Which geographical locations has Tim been to?","California, London, the Smoky Mountains","Ireland, New York City, London","New York City, Galway, Ireland, London, UK","33.33333333333333","33.33333333333333","0","2034","2030","72437","70392","stop"
"conv-43:8","conv-43","8","3","Which outdoor gear company likely signed up John for an endorsement deal?","Under Armour","unknown","unknown","0","0","0","1952","2034","72437","70392","stop"
"conv-43:9","conv-43","9","1","Which endorsement deals has John been offered?","basketball shoes and gear deal with Nike, potential sponsorship with Gatorade, Moxie a popular beverage company, outdoor gear company","Nike, Gatorade, popular beverage company","Nike, Gatorade, a popular beverage company","46.904761904761905","46.904761904761905","0","1957","2048","72437","70392","stop"
"conv-43:10","conv-43","10","2","When was John in Seattle for a game?","early August, 2023","Unknown","August 2023","0","80","80","2003","2046","72437","70392","stop"
"conv-43:11","conv-43","11","1","What sports does John like besides basketball?","surfing","unknown","unknown","0","0","0","2019","2038","72437","70392","stop"
"conv-43:12","conv-43","12","2","What year did John start surfing?","2018","2018","2018","100","100","0","2035","2034","72437","70392","stop"
"conv-43:13","conv-43","13","1","What does Tim do to escape reality?","Read fantasy books.","reading fantasy novels, reading books","reads fantasy novels","80","66.66666666666666","-13.333333333333341","2022","2028","72437","70392","stop"
"conv-43:14","conv-43","14","1","What kind of writing does Tim do?","comments on favorite books in a fantasy literature forum, articles on fantasy novels, studying characters, themes, and making book recommendations, writing a fantasy novel","fantasy novels","fantasy novels, articles about fantasy novels","27.77777777777778","29.166666666666668","1.3888888888888895","2045","2047","72437","70392","stop"
"conv-43:15","conv-43","15","3","Who is Anthony?","likely John's friend, colleague or family","Anthony is a person who attended a charity event with John and participated in a Harry Potter trivia contest.","Anthony is a person who participated in a Harry Potter trivia contest with John at a charity event.","9.523809523809524","9.523809523809524","0","2045","2028","72437","70392","stop"
"conv-43:16","conv-43","16","2","After how many weeks did Tim reconnect with the fellow Harry Potter fan from California?","three weeks","unknown","unknown","0","0","0","2018","2026","72437","70392","stop"
"conv-43:17","conv-43","17","1","How many games has John mentioned winning?","6","3","5","0","0","0","2002","2044","72437","70392","stop"
"conv-43:18","conv-43","18","1","What authors has Tim read books from?","J.K. Rowling, R.R. Martin, Patrick Rothfuss, Paulo Coelho, and J. R. R. Tolkien.","George R. R. Martin, J.K. Rowling, Patrick Rothfuss","George R. R. Martin, J.K. Rowling","56.666666666666664","36.666666666666664","-20","2013","2036","72437","70392","stop"
"conv-43:19","conv-43","19","3","What is a prominent charity organization that John might want to work with and why?","Good Sports, because they work with Nike, Gatorade, and Under Armour and they aim toprovide youth sports opportunities for kids ages 3-18 in high-need communities.","unknown","unknown","0","0","0","2044","2037","72437","70392","stop"
"conv-43:20","conv-43","20","2","Which city was John in before traveling to Chicago?","Seattle","Paris","Unknown","0","0","0","1983","2035","72437","70392","stop"
"conv-43:21","conv-43","21","1","Which US cities does John mention visiting to Tim?","Seattle, Chicago, New York","New York City","New York City","26.666666666666668","26.666666666666668","0","2034","2048","72437","70392","stop"
"conv-43:22","conv-43","22","2","When did John meet with his teammates after returning from Chicago?","August 15, 2023","15th","15 August 2023","0","100","100","2006","2033","72437","70392","stop"
"conv-43:23","conv-43","23","2","When is Tim attending a book conference?","September 2023","Next month (from 17 August 2023)","Unknown","25","0","-25","2043","2046","72437","70392","stop"
"conv-43:24","conv-43","24","2","Where was John between August 11 and August 15 2023?","Chicago","unknown","Chicago","0","100","100","2017","2039","72437","70392","stop"
"conv-43:25","conv-43","25","1","What similar sports collectible do Tim and John own?","signed basketball","unknown","basketball jerseys","0","50","50","2046","2028","72437","70392","stop"
"conv-43:26","conv-43","26","1","Which TV series does Tim mention watching?","That, Wheel of Time","The Wheel of Time","The Wheel of Time","50","50","0","2024","2041","72437","70392","stop"
"conv-43:27","conv-43","27","3","Which popular time management technique does Tim use to prepare for exams?","Pomodoro technique","25 minutes on, 5 minutes off","25 minutes on, then 5 minutes off","0","0","0","2047","2039","72437","70392","stop"
"conv-43:28","conv-43","28","3","Which popular music composer's tunes does Tim enjoy playing on the piano?","John Williams","unknown","unknown","0","0","0","2033","2048","72437","70392","stop"
"conv-43:29","conv-43","29","1","What schools did John play basketball in and how many years was he with his team during high school?","Middle school, high school, and college and he was with his high school team for 4 years.","middle school, high school, college; four years","middle school, high school, college; four years","76.92307692307692","76.92307692307692","0","2033","2030","72437","70392","stop"
"conv-43:30","conv-43","30","1","Which cities has John been to?","Seattle, Chicago, New York, and Paris.","Edinburgh, New York City, Seattle","Paris, New York City, Chicago","45","70","24.999999999999993","2001","2038","72437","70392","stop"
"conv-43:31","conv-43","31","2","What month did Tim plan on going to Universal Studios?","September, 2023","September 2023","September 2023","100","100","0","2017","2037","72437","70392","stop"
"conv-43:32","conv-43","32","3","Which US states might Tim be in during September 2023 based on his plans of visiting Universal Studios?","California or Florida","Florida","Florida","50","50","0","2003","2046","72437","70392","stop"
"conv-43:33","conv-43","33","2","When does John plan on traveling with his team on a team trip?","October, 2023","next month","Next month (from 21 September 2023)","0","25","25","2020","2032","72437","70392","stop"
"conv-43:34","conv-43","34","3","What could John do after his basketball career?","become a basketball coach since he likes giving back and leadership","make a difference away from the court through charity or inspiring people, endorsements, building his brand","make a positive difference, inspire others, start a foundation, do charity work","0","0","0","2032","2048","72437","70392","stop"
"conv-43:35","conv-43","35","1","What outdoor activities does John enjoy?","Hiking, surfing","surfing, camping, hiking","hiking, camping","100","50","-50","1976","2046","72437","70392","stop"
"conv-43:36","conv-43","36","1","Who is Tim and John's favorite basketball player?","LeBron James","LeBron","LeBron","66.66666666666666","66.66666666666666","0","2043","2047","72437","70392","stop"
"conv-43:37","conv-43","37","2","Which week did Tim visit the UK for the Harry Potter Conference?","The week before October 13th, 2023.","October 2023 (the preceding week)","October 2023 (the preceding week)","66.66666666666666","66.66666666666666","0","2018","2033","72437","70392","stop"
"conv-43:38","conv-43","38","1","which country has Tim visited most frequently in his travels?","UK","unknown","unknown","0","0","0","2047","2048","72437","70392","stop"
"conv-43:39","conv-43","39","2","What year did Tim go to the Smoky Mountains?","2022","2022","2022","100","100","0","2012","2036","72437","70392","stop"
"conv-43:40","conv-43","40","2","Has Tim been to North Carolina and/or Tennesee states in the US?","Yes","unknown","unknown","0","0","0","2032","2030","72437","70392","stop"
"conv-43:41","conv-43","41","1","What kind of fiction stories does Tim write?","Fantasy stories with plot twists","fantasy novels","fantasy novels","28.57142857142857","28.57142857142857","0","2022","2044","72437","70392","stop"
"conv-43:42","conv-43","42","1","What has John cooked?","Soup, a slow cooker meal, and honey garlic chicken with roasted veg.","soup","soup, honey garlic chicken with roasted vegetables","33.33333333333333","61.111111111111114","27.777777777777786","2047","2048","72437","70392","stop"
"conv-43:43","conv-43","43","1","What does John like about Lebron James?","His heart, determination, skills, and leadership.","skills, leadership, work ethic, dedication to the game","skills, leadership, work ethic, dedication","50","50","0","1994","2029","72437","70392","stop"
"conv-43:44","conv-43","44","2","When did John and his wife go on a European vacation?","November, 2023.","6 November 2023","6 November 2023, 11 November 2023","80","50","-30.000000000000004","2032","2045","72437","70392","stop"
"conv-43:45","conv-43","45","2","Which country was Tim visiting in the second week of November?","UK","UK","UK","100","100","0","2017","2044","72437","70392","stop"
"conv-43:46","conv-43","46","2","Where was Tim in the week before 16 November 2023?","UK","UK","unknown","100","0","-100","2036","2038","72437","70392","stop"
"conv-43:47","conv-43","47","2","When did John get married at a greenhouse?","last week of September 2023","25 September 2023 to 1 October 2023","25 September 2023 to 1 October 2023","33.33333333333333","33.33333333333333","0","2035","2033","72437","70392","stop"
"conv-43:48","conv-43","48","1","When did John get an ankle injury in 2023?","around November 16, 2023","Last season","unknown","0","0","0","2031","2033","72437","70392","stop"
"conv-43:49","conv-43","49","1","How many times has John injured his ankle?","two times","1","1","0","0","0","2030","2034","72437","70392","stop"
"conv-43:50","conv-43","50","1","Which book was John reading during his recovery from an ankle injury?","The Alchemist","unknown","Dune","0","0","0","1998","2025","72437","70392","stop"
"conv-43:51","conv-43","51","3","What kind of yoga for building core strength might John benefit from?","Hatha Yoga","unknown","unknown","0","0","0","2044","2047","72437","70392","stop"
"conv-43:52","conv-43","52","1","What does John do to supplement his basketball training?","Yoga, strength training","strength training","strength training","50","50","0","2027","2029","72437","70392","stop"
"conv-43:53","conv-43","53","3","What other exercises can help John with his basketball performance?","Sprinting, long-distance running, and boxing.","unknown","unknown","0","0","0","2035","2048","72437","70392","stop"
"conv-43:54","conv-43","54","2","When did John take a trip to the Rocky Mountains?","2022","2022","2022","100","100","0","2042","2047","72437","70392","stop"
"conv-43:55","conv-43","55","2","When did John start playing professionally?","May, 2023","just under a year before 6 December 2023","2022","22.22222222222222","0","-22.22222222222222","1996","2043","72437","70392","stop"
"conv-43:56","conv-43","56","2","When did Tim start playing the violin?","August 2023","unknown","unknown","0","0","0","1984","2032","72437","70392","stop"
"conv-43:57","conv-43","57","1","What instruments does Tim play?","piano, violin","violin, piano","violin, piano","100","100","0","2024","2041","72437","70392","stop"
"conv-43:58","conv-43","58","2","When did John attend the Harry Potter trivia?","August 2023.","8 December 2023","Last August","40","50","9.999999999999998","1991","2048","72437","70392","stop"
"conv-43:59","conv-43","59","1","Which career-high performances did John achieve in 2023?","highest point score, highest assist","career-high in assists, 40 points","career-high in assists, 40 points","40","40","0","2048","2047","72437","70392","stop"
"conv-43:60","conv-43","60","2","When did John achieve a career-high assist performance?","December 11, 2023","last Friday","Last Friday (relative to 11 December 2023)","0","60","60","1968","2034","72437","70392","stop"
"conv-43:61","conv-43","61","1","What books has John read?","inpsiring book on dreaming big, The Alchemist, fantasy series, non-fiction books on personal development, Dune","The Alchemist","The Alchemist, The Hobbit, Game of Thrones series, Dune","20","46.666666666666664","26.666666666666668","2035","2047","72437","70392","stop"
"conv-43:62","conv-43","62","1","What does John do to share his knowledge?","gives seminars, mentors younger players.","mentoring younger players, doing seminars","started doing seminars","75","20","-55.00000000000001","2035","2041","72437","70392","stop"
"conv-43:63","conv-43","63","2","When did John organize a basketball camp for kids?","summer 2023","last summer","last summer","50","50","0","2044","2032","72437","70392","stop"
"conv-43:64","conv-43","64","2","Which month was John in Italy?","December, 2023","December 2023","December","100","66.66666666666666","-33.333333333333336","2029","2025","72437","70392","stop"
"conv-43:65","conv-43","65","1","What fantasy movies does Tim like?","Lord of the Rings, Harry Potter, and Star Wars.","Star Wars","Star Wars, Lord of the Rings","33.33333333333333","66.66666666666666","33.33333333333333","1993","2041","72437","70392","stop"
"conv-43:66","conv-43","66","3","What is a Star Wars book that Tim might enjoy?","Star Wars: Jedi Apprentice by Judy Blundell and David Farland. It is a highly rated and immersive series about his favorite movies.","unknown","Unknown","0","0","0","2025","2042","72437","70392","stop"
"conv-43:67","conv-43","67","3","What would be a good hobby related to his travel dreams for Tim to pick up?","Writing a travel blog.","Reading books about travelers from around the world","Reading fantasy novels","20","0","-20","1993","2033","72437","70392","stop"
"conv-43:68","conv-43","68","2","What day did Tim get into his study abroad program?","Januarty 5, 2024","Friday","Friday","0","0","0","1998","2040","72437","70392","stop"
"conv-43:69","conv-43","69","2","When will Tim leave for Ireland?","February, 2024","Next month (relative to 7 January 2024)","Next month","22.22222222222222","0","-22.22222222222222","2045","2039","72437","70392","stop"
"conv-43:70","conv-43","70","3","Which Star Wars-related locations would Tim enjoy during his visit to Ireland?","Skellig Michael, Malin Head, Loop Head, Ceann Sibéal, and Brow Head because they are Star Wars filming locations.","unknown","unknown","0","0","0","2045","2028","72437","70392","stop"
"conv-43:71","conv-43","71","4","Which team did John sign with on 21 May, 2023?","The Minnesota Wolves","Minnesota Wolves","Minnesota Wolves","100","100","0","1994","2048","72437","70392","stop"
"conv-43:72","conv-43","72","4","What is John's position on the team he signed with?","shooting guard","shooting guard","shooting guard","100","100","0","1998","2038","72437","70392","stop"
"conv-43:73","conv-43","73","4","What challenge did John encounter during pre-season training?","fitting into the new team's style of play","Fitting into the new team's style of play","Fitting into the new team's style of play","100","100","0","2044","2030","72437","70392","stop"
"conv-43:74","conv-43","74","4","What aspects of the Harry Potter universe will be discussed in John's fan project collaborations?","characters, spells, magical creatures","characters, spells, and magical creatures","characters, spells, and magical creatures","100","100","0","2037","2038","72437","70392","stop"
"conv-43:75","conv-43","75","4","What forum did Tim join recently?","fantasy literature forum","fantasy literature forum","fantasy literature forum","100","100","0","1982","2029","72437","70392","stop"
"conv-43:76","conv-43","76","4","What kind of picture did Tim share as part of their Harry Potter book collection?","MinaLima's creation from the Harry Potter films","a photo of a book shelf with books and a picture on it","a picture created by MinaLima","0","20","20","2012","2044","72437","70392","stop"
"conv-43:77","conv-43","77","4","What was the highest number of points John scored in a game recently?","40 points","40","40","66.66666666666666","66.66666666666666","0","1989","2041","72437","70392","stop"
"conv-43:78","conv-43","78","4","What did John celebrate at a restaurant with teammates?","a tough win","their win","their win","50","50","0","2001","2047","72437","70392","stop"
"conv-43:79","conv-43","79","4","What kind of deals did John sign with Nike and Gatorade?","basketball shoe and gear deal with Nike, potential sponsorship deal with Gatorade","basketball shoe and gear deal, potential sponsorship","basketball shoe and gear deal, potential sponsorship","70.58823529411765","70.58823529411765","0","2037","2030","72437","70392","stop"
"conv-43:80","conv-43","80","4","Which city is John excited to have a game at?","Seattle","Seattle","Seattle","100","100","0","2003","2042","72437","70392","stop"
"conv-43:81","conv-43","81","4","How long has John been surfing?","five years","approximately 2018","approximately 2018","0","0","0","2014","2038","72437","70392","stop"
"conv-43:82","conv-43","82","4","How does John feel while surfing?","super exciting and free-feeling","amazing, great, super exciting, free-feeling","excited and free-feeling","75","80","5.000000000000004","2006","2034","72437","70392","stop"
"conv-43:83","conv-43","83","4","What kind of articles has Tim been writing about for the online magazine?","different fantasy novels, characters, themes, and book recommendations","studying characters, themes, and making book recommendations","fantasy novels, studying characters, themes, and making book recommendations","61.53846153846154","80","18.461538461538463","2038","2036","72437","70392","stop"
"conv-43:84","conv-43","84","4","Which two fantasy novels does Tim particularly enjoy writing about?","Harry Potter and Game of Thrones","Harry Potter, Game of Thrones","Harry Potter, Game of Thrones","100","100","0","2048","2031","72437","70392","stop"
"conv-43:85","conv-43","85","4","What did Anthony and John end up playing during the charity event?","an intense Harry Potter trivia contest","Harry Potter trivia contest","Harry Potter trivia contest","88.88888888888889","88.88888888888889","0","2022","2029","72437","70392","stop"
"conv-43:86","conv-43","86","4","What did John share with the person he skyped about?","Characters from Harry Potter","characters and potential collaboration","Harry Potter fan","28.57142857142857","57.14285714285714","28.57142857142857","2013","2030","72437","70392","stop"
"conv-43:87","conv-43","87","4","How did John describe the team bond?","Awesome","like a family away from home","awesome, like a family away from home","0","28.57142857142857","28.57142857142857","2019","2048","72437","70392","stop"
"conv-43:88","conv-43","88","4","How did John get introduced to basketball?","Dad signed him up for a local league","His dad signed him up for a local league when he turned ten.","When he turned ten, his dad signed him up for a local league.","73.68421052631578","73.68421052631578","0","2044","2046","72437","70392","stop"
"conv-43:89","conv-43","89","4","What is John's number one goal in his basketball career?","Winning a championship","Winning a championship","win a championship","100","100","0","1932","2046","72437","70392","stop"
"conv-43:90","conv-43","90","4","What organization is John teaming up with for his charity work?","A local organization helping disadvantaged kids with sports and school","unknown","unknown","0","0","0","2030","2047","72437","70392","stop"
"conv-43:91","conv-43","91","4","When did John meet back up with his teammates after his trip in August 2023?","Aug 15th","15th","15 August 2023","66.66666666666666","0","-66.66666666666666","2030","2040","72437","70392","stop"
"conv-43:92","conv-43","92","4","What did John's teammates give him when they met on Aug 15th?","a basketball with autographs on it","a basketball with autographs on it","a basketball with autographs on it","100","100","0","2022","2034","72437","70392","stop"
"conv-43:93","conv-43","93","4","Why did John's teammates sign the basketball they gave him?","to show their friendship and appreciation","to show their friendship and appreciation","to show their friendship and appreciation","100","100","0","1954","2048","72437","70392","stop"
"conv-43:94","conv-43","94","4","What is the main intention behind Tim wanting to attend the book conference?","to learn more about literature and create a stronger bond to it","to learn more about literature and create a stronger bond to it","to learn more about literature and create a stronger bond to it","100","100","0","2015","2027","72437","70392","stop"
"conv-43:95","conv-43","95","4","What new activity has Tim started learning in August 2023?","play the piano","unknown","playing the piano","0","100","100","2015","2033","72437","70392","stop"
"conv-43:96","conv-43","96","4","Which movie's theme is Tim's favorite to play on the piano?","""Harry Potter and the Philosopher's Stone""","Harry Potter and the Philosopher's Stone","Harry Potter and the Philosopher's Stone","100","100","0","2042","2036","72437","70392","stop"
"conv-43:97","conv-43","97","4","What special memory does ""Harry Potter and the Philosopher's Stone"" bring to Tim?","Watching it with his family","Watching it with his family","Watching it with his family","100","100","0","1981","2042","72437","70392","stop"
"conv-43:98","conv-43","98","4","Which movie does Tim mention they enjoy watching during Thanksgiving?","""Home Alone""","Home Alone","Home Alone, Elf, The Santa Clause","100","57.14285714285714","-42.85714285714286","2003","2036","72437","70392","stop"
"conv-43:99","conv-43","99","4","What tradition does Tim mention they love during Thanksgiving?","Prepping the feast and talking about what they're thankful for","prepping the feast, talking about what they're thankful for, and watching movies","prepping the feast, talking about what they're thankful for, watching movies","88.88888888888889","88.88888888888889","0","2030","2035","72437","70392","stop"
"conv-43:100","conv-43","100","4","How long did John and his high school basketball teammates play together?","Four years","four years","four years","100","100","0","2028","2047","72437","70392","stop"
"conv-43:101","conv-43","101","4","How was John's experience in New York City?","Amazing","Amazing","amazing","100","100","0","1970","2048","72437","70392","stop"
"conv-43:102","conv-43","102","4","What did John say about NYC, enticing Tim to visit?","It's got so much to check out - the culture, food - you won't regret it.","It's an adventure you'll never forget!","It's a must-visit! It's got so much to check out - the culture, food - you won't regret it. It's an adventure you'll never forget!","11.11111111111111","78.78787878787878","67.67676767676767","2038","2034","72437","70392","stop"
"conv-43:103","conv-43","103","4","What kind of soup did John make recently?","tasty soup with sage","tasty soup","tasty soup","66.66666666666666","66.66666666666666","0","1988","2037","72437","70392","stop"
"conv-43:104","conv-43","104","4","What spice did John add to the soup for flavor?","sage","sage","sage","100","100","0","2030","2043","72437","70392","stop"
"conv-43:105","conv-43","105","4","What is Tim excited to see at Universal Studios?","The Harry Potter stuff","Harry Potter stuff","Harry Potter stuff","100","100","0","1996","2043","72437","70392","stop"
"conv-43:106","conv-43","106","4","Where are John and his teammates planning to explore on a team trip?","a new city","Edinburgh, Scotland","Edinburgh, Scotland","0","0","0","1995","2045","72437","70392","stop"
"conv-43:107","conv-43","107","4","What city did Tim suggest to John for the team trip next month?","Edinburgh, Scotland","Edinburgh, Scotland","Edinburgh, Scotland","100","100","0","2042","2043","72437","70392","stop"
"conv-43:108","conv-43","108","4","What does John want to do after his basketball career?","positively influence and inspire others, potentially start a foundation and engage in charity work","start a foundation, do charity work, make a positive difference, inspire others, leave a meaningful legacy","make a positive difference, inspire others, start a foundation, do charity work","58.333333333333336","66.66666666666666","8.333333333333325","1992","2041","72437","70392","stop"
"conv-43:109","conv-43","109","4","What advice did Tim give John about picking endorsements?","Ensure they align with values and brand, look for companies that share the desire to make a change and help others, make sure the endorsement feels authentic","align with your values and brand, look for a company that shares your desire to make a change and help others, and ensure the endorsement feels authentic to your followers","Make sure they align with your values and brand, look for a company that shares your desire to make a change and help others, and ensure the endorsement feels authentic to your followers.","82.6086956521739","89.79591836734694","7.187222715173025","2030","2044","72437","70392","stop"
"conv-43:110","conv-43","110","4","What book recommendation did Tim give to John for the trip?","A fantasy novel by Patrick Rothfuss","The Name of the Wind","The Name of the Wind","0","0","0","2039","2036","72437","70392","stop"
"conv-43:111","conv-43","111","4","What type of venue did John and his girlfriend choose for their wedding ceremony?","Greenhouse","greenhouse","greenhouse","100","100","0","2016","2038","72437","70392","stop"
"conv-43:112","conv-43","112","4","What was the setting for John and his wife's first dance?","Cozy restaurant","a cozy restaurant","a cozy restaurant","100","100","0","2026","2047","72437","70392","stop"
"conv-43:113","conv-43","113","4","Which basketball team does Tim support?","The Wolves","unknown","unknown","0","0","0","2003","2043","72437","70392","stop"
"conv-43:114","conv-43","114","4","What passion does Tim mention connects him with people from all over the world?","passion for fantasy stuff","fantasy stuff","fantasy stuff","66.66666666666666","66.66666666666666","0","1981","2028","72437","70392","stop"
"conv-43:115","conv-43","115","4","How does John describe the game season for his team?","intense with tough losses and great wins","unknown","intense season with both tough losses and great wins","0","85.71428571428571","85.71428571428571","2043","2028","72437","70392","stop"
"conv-43:116","conv-43","116","4","How does John say his team handles tough opponents?","by backing each other up and not quitting","We back each other up and won't quit.","We back each other up and won't quit.","71.42857142857143","71.42857142857143","0","2031","2041","72437","70392","stop"
"conv-43:117","conv-43","117","4","What motivates John's team to get better, according to John?","facing tough opponents","tough opponents","facing tough opponents","80","100","19.999999999999996","2043","2035","72437","70392","stop"
"conv-43:118","conv-43","118","4","What did John's team win at the end of the season?","a trophy","unknown","trophy","0","100","100","2041","2043","72437","70392","stop"
"conv-43:119","conv-43","119","4","Where did Tim capture the photography of the sunset over the mountain range?","Smoky Mountains","Smoky Mountains","Smoky Mountains 2022","100","80","-19.999999999999996","2006","2033","72437","70392","stop"
"conv-43:120","conv-43","120","4","How does John feel about being seen as a mentor by some of the younger players?","It feels great","It feels great to have their trust and admiration. Being a role model for these young athletes is so fulfilling. I'm glad my experiences can help shape their future and inspire them to go after their dreams.","It feels great to have their trust and admiration. Being a role model for these young athletes is so fulfilling. I'm glad my experiences can help shape their future and inspire them to go after their dreams.","16.216216216216218","16.216216216216218","0","2033","2028","72437","70392","stop"
"conv-43:121","conv-43","121","4","What does John find rewarding about mentoring the younger players?","Seeing their growth, improvement, and confidence","sharing his skills and knowledge, seeing their growth, improvement, and confidence, making a positive impact on their lives, having their trust and admiration, being a positive role model","seeing their growth, improvement, and confidence; making a positive impact on their lives; having their trust and admiration; being a positive role model for them","35.714285714285715","38.46153846153847","2.7472527472527486","2034","2044","72437","70392","stop"
"conv-43:122","conv-43","122","4","What has John been able to help the younger players achieve?","reach their goals","growth, improvement, and confidence","growth, improvement, and confidence","0","0","0","2014","2031","72437","70392","stop"
"conv-43:123","conv-43","123","4","What genre is the novel that Tim is writing?","Fantasy","fantasy","fantasy","100","100","0","2034","2038","72437","70392","stop"
"conv-43:124","conv-43","124","4","Who is one of Tim's sources of inspiration for writing?","J.K. Rowling","J.K. Rowling","J.K. Rowling","100","100","0","2003","2048","72437","70392","stop"
"conv-43:125","conv-43","125","4","What J.K. Rowling quote does Tim resonate with?","""Turn on the light - happiness hides in the darkest of times.""","""Turn on the light - happiness hides in the darkest of times.""","""Turn on the light - happiness hides in the darkest of times.""","100","100","0","1987","2034","72437","70392","stop"
"conv-43:126","conv-43","126","4","What does John write on the whiteboard to help him stay motivated?","motivational quotes and strategies","motivational quotes and strategies","motivational quotes and strategies","100","100","0","2026","2036","72437","70392","stop"
"conv-43:127","conv-43","127","4","What hobby is a therapy for John when away from the court?","Cooking","cooking","cooking","100","100","0","2034","2043","72437","70392","stop"
"conv-43:128","conv-43","128","4","What type of meal does John often cook using a slow cooker?","honey garlic chicken with roasted veg","honey garlic chicken with roasted vegetables","honey garlic chicken with roasted veg","83.33333333333334","100","16.666666666666664","2042","2037","72437","70392","stop"
"conv-43:129","conv-43","129","4","How will John share the honey garlic chicken recipe with the other person?","write it down and mail it","mail it to you","mail","44.44444444444444","33.33333333333333","-11.11111111111111","2033","2035","72437","70392","stop"
"conv-43:130","conv-43","130","4","What was Tim's huge writing issue last week,as mentioned on November 6, 2023?","He got stuck on a plot twist","got stuck on a plot twist","got stuck on a plot twist","90.9090909090909","90.9090909090909","0","1981","2030","72437","70392","stop"
"conv-43:131","conv-43","131","4","What does Tim have that serves as a reminder of hard work and is his prized possession?","a basketball signed by his favorite player","a basketball signed by his favorite player","a basketball signed by his favorite player","100","100","0","2027","2037","72437","70392","stop"
"conv-43:132","conv-43","132","4","Why do Tim and John find LeBron inspiring?","LeBron's determination and the epic block in Game 7 of the '16 Finals","His determination, heart, work ethic, and dedication to the game.","His determination, heart, work ethic, dedication, leadership, and skills.","22.22222222222222","11.11111111111111","-11.11111111111111","2020","2048","72437","70392","stop"
"conv-43:133","conv-43","133","4","How did John describe the views during their road trip out on the European coastline?","Spectacular","spectacular","spectacular","100","100","0","1981","2028","72437","70392","stop"
"conv-43:134","conv-43","134","4","What is one of Tim's favorite fantasy TV shows, as mentioned on November 11, 2023?","""That""","That","That","100","100","0","2048","2039","72437","70392","stop"
"conv-43:135","conv-43","135","4","How does Tim stay motivated during difficult study sessions?","Visualizing goals and success","25 minutes on, 5 minutes off","Breaking up studying into smaller parts (25 minutes on, 5 minutes off)","0","0","0","1995","2047","72437","70392","stop"
"conv-43:136","conv-43","136","4","What did Tim say about his injury on 16 November, 2023?","The doctor said it's not too serious","unknown","unknown","0","0","0","2048","2027","72437","70392","stop"
"conv-43:137","conv-43","137","4","What was the setback Tim faced in his writing project on 21 November, 2023?","Story based on experiences in the UK didn't go as planned","Tim tried writing a story based on his experiences in the UK, but it didn't go the way he wanted.","Tim tried writing a story based on his experiences in the UK, but it didn't go the way he wanted.","59.25925925925925","59.25925925925925","0","2042","2046","72437","70392","stop"
"conv-43:138","conv-43","138","4","How did John overcome his ankle injury from last season?","stayed focused on recovery and worked hard to strengthen his body","patience and perseverance","time off and physical therapy","0","0","0","2012","2039","72437","70392","stop"
"conv-43:139","conv-43","139","4","What motivated Tim to keep pushing himself to get better in writing and reading?","Love for writing and reading","Books, movies, real-life experiences, and specific authors","Remembering why he loves writing and reading","0","60","60","2037","2042","72437","70392","stop"
"conv-43:140","conv-43","140","4","How did John overcome a mistake he made during a big game in basketball?","Worked hard to get better and focused on growth","He worked hard to get better.","by remembering his passion for basketball and learning that owning up to mistakes is key to growth","71.42857142857143","16.666666666666664","-54.761904761904766","2029","2029","72437","70392","stop"
"conv-43:141","conv-43","141","4","What book did John recently finish rereading that left him feeling inspired and hopeful about following dreams?","The Alchemist","The Alchemist","The Alchemist","100","100","0","2004","2025","72437","70392","stop"
"conv-43:142","conv-43","142","4","How did ""The Alchemist"" impact John's perspective on following dreams?","made him think again about following dreams and searching for personal legends","It made him think again about following dreams and searching for his own personal legends, and it made him feel motivated and hopeful.","It made him think again about following dreams and searching for his own personal legends, and he felt motivated and hopeful.","70.96774193548387","75.86206896551724","4.894327030033363","1998","2038","72437","70392","stop"
"conv-43:143","conv-43","143","4","What is John trying out to improve his strength and flexibility after recovery from ankle injury?","yoga","unknown","yoga","0","100","100","2036","2047","72437","70392","stop"
"conv-43:144","conv-43","144","4","How long does John usually hold the yoga pose he shared with Tim?","30-60 seconds","30-60 seconds","30-60 seconds","100","100","0","2004","2048","72437","70392","stop"
"conv-43:145","conv-43","145","4","Where was the forest picture shared by John on December 1,2023 taken?","near his hometown","near John's hometown","near John's hometown","66.66666666666666","66.66666666666666","0","2008","2038","72437","70392","stop"
"conv-43:146","conv-43","146","4","What did Tim recently start learning in addition to being part of a travel club and working on studies?","an instrument","an instrument","an instrument","100","100","0","2016","2030","72437","70392","stop"
"conv-43:147","conv-43","147","4","What instrument is Tim learning to play in December 2023?","violin","violin","violin","100","100","0","2008","2038","72437","70392","stop"
"conv-43:148","conv-43","148","4","How long has Tim been playing the piano for, as of December 2023?","about four months","about four months","about four months","100","100","0","1996","2048","72437","70392","stop"
"conv-43:149","conv-43","149","4","What book did Tim just finish reading on 8th December, 2023?","""A Dance with Dragons""","A Dance with Dragons","A Dance with Dragons","100","100","0","2048","2038","72437","70392","stop"
"conv-43:150","conv-43","150","4","Which book did Tim recommend to John as a good story on 8th December, 2023?","""A Dance with Dragons""","A Dance with Dragons","A Dance with Dragons","100","100","0","2029","2029","72437","70392","stop"
"conv-43:151","conv-43","151","4","What is the topic of discussion between John and Tim on 11 December, 2023?","Academic achievements and sports successes","pushing and following their dreams, making a difference, supporting and motivating each other","Supporting and motivating each other on their journey, potential, pushing and following their dreams to make a difference, English lit class, and doing one's own thing and following one's dreams.","0","0","0","2016","2044","72437","70392","stop"
"conv-43:152","conv-43","152","4","What kind of game did John have a career-high in assists in?","basketball","big game against their rival","big game against their rival","0","0","0","1999","2032","72437","70392","stop"
"conv-43:153","conv-43","153","4","What was John's way of dealing with doubts and stress when he was younger?","practicing basketball outside for hours","practicing basketball outside","practicing basketball outside for hours","75","100","25","1994","2046","72437","70392","stop"
"conv-43:154","conv-43","154","4","How did John feel about the atmosphere during the big game against the rival team?","electric and intense","incredible","electric","0","66.66666666666666","66.66666666666666","2047","2047","72437","70392","stop"
"conv-43:155","conv-43","155","4","How did John feel after being able to jog without pain?","It was a huge success.","relief","relief","0","0","0","2045","2047","72437","70392","stop"
"conv-43:156","conv-43","156","4","What kind of deal did John get in December?","Deal with a renowned outdoor gear company","an amazing deal with a renowned outdoor gear company","an amazing deal with a renowned outdoor gear company","92.3076923076923","92.3076923076923","0","1979","2030","72437","70392","stop"
"conv-43:157","conv-43","157","4","Where was the photoshoot done for John's gear deal?","In a gorgeous forest","gorgeous forest","a gorgeous forest","80","80","0","2046","2048","72437","70392","stop"
"conv-43:158","conv-43","158","4","In which area has John's team seen the most growth during training?","Communication and bonding","communication and bonding","communication and bonding","100","100","0","1977","2032","72437","70392","stop"
"conv-43:159","conv-43","159","4","What type of seminars is John conducting?","Sports and marketing seminars","sports and marketing","sports and marketing","80","80","0","2000","2044","72437","70392","stop"
"conv-43:160","conv-43","160","4","What activity did Tim do after reading the stories about the Himalayan trek?","visited a travel agency","visited a travel agency","visited a travel agency","100","100","0","2040","2047","72437","70392","stop"
"conv-43:161","conv-43","161","4","What is one cause that John supports with his influence and resources?","youth sports and fair chances in sports","youth sports","youth sports","50","50","0","2036","2039","72437","70392","stop"
"conv-43:162","conv-43","162","4","What new fantasy TV series is Tim excited about?","""The Wheel of Time""","The Wheel of Time","The Wheel of Time","100","100","0","1997","2037","72437","70392","stop"
"conv-43:163","conv-43","163","4","Which language is Tim learning?","German","German","German","100","100","0","2038","2047","72437","70392","stop"
"conv-43:164","conv-43","164","4","What language does Tim know besides German?","Spanish","French","French","0","0","0","2007","2047","72437","70392","stop"
"conv-43:165","conv-43","165","4","What book did Tim get in Italy that inspired him to cook?","a cooking book","unknown","unknown","0","0","0","1986","2024","72437","70392","stop"
"conv-43:166","conv-43","166","4","What is John's favorite book series?","Harry Potter","The Hobbit","unknown","0","0","0","2046","2031","72437","70392","stop"
"conv-43:167","conv-43","167","4","According to John, who is his favorite character from Lord of the Rings?","Aragorn","Aragorn","Aragorn","100","100","0","2046","2047","72437","70392","stop"
"conv-43:168","conv-43","168","4","Why does John like Aragorn from Lord of the Rings?","brave, selfless, down-to-earth attitude","Aragorn's brave, selfless, down-to-earth attitude; he never gives up and always stands up for justice; he is a great leader who puts others first.","He's a great leader and puts others first; he is brave, selfless, down-to-earth, never gives up, and always stands up for justice.","30.76923076923077","26.08695652173913","-4.682274247491641","2039","2041","72437","70392","stop"
"conv-43:169","conv-43","169","4","What kind of painting does John have in his room as a reminder?","a painting of Aragorn","a painting of a man smoking a cigarette","a painting of a man smoking a cigarette","50","50","0","1952","2030","72437","70392","stop"
"conv-43:170","conv-43","170","4","What is the painting of Aragorn a reminder for John to be in everything he does?","be a leader","stay true and be a leader","stay true and be a leader","66.66666666666666","66.66666666666666","0","1964","2042","72437","70392","stop"
"conv-43:171","conv-43","171","4","What map does Tim show to his friend John?","a map of Middle-earth from LOTR","a map of Middle-earth from LOTR","a map of Middle-earth from LOTR","100","100","0","1992","2028","72437","70392","stop"
"conv-43:172","conv-43","172","4","Where will Tim be going for a semester abroad?","Ireland","Ireland","Ireland","100","100","0","2040","2037","72437","70392","stop"
"conv-43:173","conv-43","173","4","Which city in Ireland will Tim be staying in during his semester abroad?","Galway","Galway","Galway","100","100","0","1991","2045","72437","70392","stop"
"conv-43:174","conv-43","174","4","What charity event did John organize recently in 2024?","benefit basketball game","unknown","unknown","0","0","0","2040","2035","72437","70392","stop"
"conv-43:175","conv-43","175","4","What achievement did John share with Tim in January 2024?","endorsement with a popular beverage company","held a benefit basketball game","John received an endorsement with a popular beverage company.","0","83.33333333333334","83.33333333333334","2045","2047","72437","70392","stop"
"conv-43:176","conv-43","176","4","What was Johns's reaction to sealing the deal with the beverage company?","crazy feeling, sense of accomplishment","It felt crazy; all the hard work paid off.","It felt crazy. It's not just about the signing, but it's about feeling like all the hard work paid off - like all those training hours weren't for nothing.","15.384615384615385","12.903225806451612","-2.481389578163773","2046","2041","72437","70392","stop"
"conv-43:177","conv-43","177","4","Which city did John recommend to Tim in January 2024?","Barcelona","Barcelona","Barcelona","100","100","0","2047","2031","72437","70392","stop"
"conv-44:0","conv-44","0","2","Which year did Audrey adopt the first three of her dogs?","2020","unknown","unknown","0","0","0","2025","2048","67751","65911","stop"
"conv-44:1","conv-44","1","2","When did Andrew start his new job as a financial analyst?","The week before March 27, 2023","March 2023","March 2023","57.14285714285714","57.14285714285714","0","1993","2048","67751","65911","stop"
"conv-44:2","conv-44","2","1","What kind of indoor activities has Andrew pursued with his girlfriend?","boardgames, volunteering at pet shelter, wine tasting, growing flowers","board games","volunteering, board games","0","10","10","2037","2041","67751","65911","stop"
"conv-44:3","conv-44","3","1","What kind of places have Andrew and his girlfriend checked out around the city?","cafes, new places to eat, open space for hikes, pet shelter, wine tasting event, park","cafe","cafe","16.666666666666664","16.666666666666664","0","1992","2045","67751","65911","stop"
"conv-44:4","conv-44","4","2","When did Audrey make muffins for herself?","The week of April 3rd to 9th","April 2023 (the preceding week)","April 2023 (the preceding week)","40","40","0","2033","2046","67751","65911","stop"
"conv-44:5","conv-44","5","2","When did Audrey see a hummingbird?","first week of May 2023","April 2023 (the preceding week)","April 2023 (the preceding week)","44.44444444444444","44.44444444444444","0","2015","2048","67751","65911","stop"
"conv-44:6","conv-44","6","2","When did Audrey adopt Pixie?","around April 2, 2023","2 April 2023","2 April 2023","85.71428571428571","85.71428571428571","0","2010","2047","67751","65911","stop"
"conv-44:7","conv-44","7","2","How many years passed between Audrey adopting Pixie and her other three dogs?","three years","3","3","0","0","0","2047","2034","67751","65911","stop"
"conv-44:8","conv-44","8","2","Did Andrew have a pet dog during March 2023?","No","No","No","100","100","0","2038","2033","67751","65911","stop"
"conv-44:9","conv-44","9","1","What kind of classes or groups has Audrey joined to take better care of her dogs?","positive reinforcement training workshop to bond with pets, dog training course, agility training course, grooming course, dog-owners group","dog owners group, positive reinforcement training class","agility classes, dog owners group","30.38095238095238","22.666666666666664","-7.714285714285715","2044","2032","67751","65911","stop"
"conv-44:10","conv-44","10","2","When did Audrey's positive reinforcement training course for dogs take place?","June, 2023","3 July 2023","unknown","40","0","-40","2023","2047","67751","65911","stop"
"conv-44:11","conv-44","11","2","When did Andrew go rock climbing?","June 11, 2023","Last Sunday (13 June 2023)","Last Sunday, 13 June 2023","50","50","0","2037","2041","67751","65911","stop"
"conv-44:12","conv-44","12","1","What outdoor activities has Andrew done other than hiking in nature?","rock climbing, fishing, camping","rock climbing, kayaking, bungee jumping","rock climbing, kayaking, bungee jumping","33.33333333333333","33.33333333333333","0","1972","2032","67751","65911","stop"
"conv-44:13","conv-44","13","2","When did Audrey move to a new place?","June 2023","26 June 2023","26 June 2023","80","80","0","2048","2027","67751","65911","stop"
"conv-44:14","conv-44","14","1","What is something that Andrew really misses while working in the city?","being in nature","nature","exploring nature trails with his family's dog","50","20","-30","1956","2025","67751","65911","stop"
"conv-44:15","conv-44","15","1","What is a shared frustration regarding dog ownership for Audrey and Andrew?","Not being able to find pet friendly spots.","unknown","unknown","0","0","0","1960","2026","67751","65911","stop"
"conv-44:16","conv-44","16","2","When is Andrew going to go hiking with Audrey?","August","Saturday","Saturday","0","0","0","2009","2035","67751","65911","stop"
"conv-44:17","conv-44","17","1","How many times did Audrey and Andew plan to hike together?","three times","3","3","0","0","0","2016","2033","67751","65911","stop"
"conv-44:18","conv-44","18","1","Where did Audrey get Pixie from?","breeder","unknown","unknown","0","0","0","2043","2043","67751","65911","stop"
"conv-44:19","conv-44","19","3","What is an indoor activity that Andrew would enjoy doing while make his dog happy?","cook dog treats","hiking","hiking","0","0","0","2032","2040","67751","65911","stop"
"conv-44:20","conv-44","20","3","Which meat does Audrey prefer eating more than others?","chicken","Roasted Chicken","Chicken","66.66666666666666","100","33.333333333333336","2035","2041","67751","65911","stop"
"conv-44:21","conv-44","21","1","What are the classes that Audrey took for her dogs to?","Positive reinforcement training class for bonding, dog training course, agility class","agility classes, positive reinforcement training class","agility classes","69.52380952380953","41.66666666666667","-27.857142857142865","2032","2036","67751","65911","stop"
"conv-44:22","conv-44","22","2","Where did Andrew go during the first weekend of August 2023?","camping with girlfriend","unknown","unknown","0","0","0","1989","2048","67751","65911","stop"
"conv-44:23","conv-44","23","1","What are some problems that Andrew faces before he adopted Toby?","Finding the right dog and pet-friendly apartments close to open spaces","Work piling up, being stuck inside","unknown","0","0","0","1939","2037","67751","65911","stop"
"conv-44:24","conv-44","24","1","Did Audrey and Andrew grow up with a pet dog?","Yes","unknown","unknown","0","0","0","2008","2039","67751","65911","stop"
"conv-44:25","conv-44","25","2","When did Andrew and his girlfriend go fishing?","weekend before August 24, 2023","Last weekend","Last weekend (relative to 24 August 2023)","28.57142857142857","66.66666666666666","38.095238095238095","2043","2025","67751","65911","stop"
"conv-44:26","conv-44","26","1","What is the biggest stressor in Andrew's life besides not being able to hike frequently?","work","work life balance","Work","50","100","50","2017","2044","67751","65911","stop"
"conv-44:27","conv-44","27","1","How does Andrew feel about his current work?","Stressful","tough and stressful","tough and stressful","66.66666666666666","66.66666666666666","0","2044","2045","67751","65911","stop"
"conv-44:28","conv-44","28","1","What is something that Audrey often dresses up her dogs with?","Hats","sweater","party hats","0","66.66666666666666","66.66666666666666","1971","2032","67751","65911","stop"
"conv-44:29","conv-44","29","1","What are the names of Audrey's dogs?","Pepper, Precious, Panda, and Pixie","Pepper, Precious, and Panda","Pepper, Pixie, Precious, and Panda","75","100","25","2038","2042","67751","65911","stop"
"conv-44:30","conv-44","30","2","When is Andrew planning to go to the beach with his girlfriend?","November 2023","Next month","Next month (from 1 October 2023)","0","25","25","2031","2034","67751","65911","stop"
"conv-44:31","conv-44","31","1","What has Andrew done with his dogs?","Taking walks and hiking","hiked, volunteered with animals","named Buddy, named Scout, volunteered at a pet shelter, hiked, went fishing, went camping, went to the beach, played board games, went on a bike ride","50","50","0","2048","2030","67751","65911","stop"
"conv-44:32","conv-44","32","1","What kind of tattoo does Audrey have on her arm?","Tattoos of her four dogs.","dog and sunflowers","dogs and sunflowers","28.57142857142857","28.57142857142857","0","2031","2032","67751","65911","stop"
"conv-44:33","conv-44","33","3","What can Andrew potentially do to improve his stress and accomodate his living situation with his dogs?","Change to a hybrid or remote job so he can move away from the city to the suburbs to have a larger living space and be closer to nature.","volunteering with animals","grabbing a coffee in the morning or going for a walk at lunch","0","5.88235294117647","5.88235294117647","2033","2043","67751","65911","stop"
"conv-44:34","conv-44","34","2","How many months passed between Andrew adopting Toby and Buddy?","three months","unknown","11","0","0","0","2042","2048","67751","65911","stop"
"conv-44:35","conv-44","35","1","What are the names of Andrew's dogs?","Toby, Scout, Buddy","Scout, Toby, Buddy","Scout","100","33.33333333333333","-66.66666666666667","2031","2045","67751","65911","stop"
"conv-44:36","conv-44","36","1","What are some foods that Audrey likes eating?","chicken pot pie, chicken roast, blueberry muffins, sushi","Roasted Chicken, sushi","chicken, garlic, lemon, herbs, vegetables, wine, sushi","60","54.166666666666664","-5.833333333333335","2028","2036","67751","65911","stop"
"conv-44:37","conv-44","37","2","When did Audrey get into an accident in the park?","between October 19 and 24, 2023","unknown","October 2023 (the preceding week)","0","44.44444444444444","44.44444444444444","2040","2035","67751","65911","stop"
"conv-44:38","conv-44","38","2","When did Andrew and his girlfriend go on a wine tasting trip?","the weekend before October 24, 2023","last weekend (relative to 24 August 2023)","last weekend (relative to 24 October 2023)","50","66.66666666666666","16.666666666666664","2035","2046","67751","65911","stop"
"conv-44:39","conv-44","39","1","What did Audrey get wtih having so many dogs?","Companionship","Pixie","joy, friendship, love, happiness","0","0","0","2039","2042","67751","65911","stop"
"conv-44:40","conv-44","40","1","What is a good place for dogs to run around freely and meet new friends?","The dog park","dog park","dog park","100","100","0","1954","2046","67751","65911","stop"
"conv-44:41","conv-44","41","1","What are the breeds of Audrey's dogs?","Mongrel mixed with Lab for Pepper and Panda. Mongrel mixed with Chihuahua for Precious and Pixie.","mutts, Jack Russell mixes, Chihuahua mixes","Jack Russell mixes, Chihuahua mixes","25","25","0","2027","2044","67751","65911","stop"
"conv-44:42","conv-44","42","1","What technique is Audrey using to discipline her dogs?","Positive reinforcement","positive reinforcement techniques","positive reinforcement techniques","80","80","0","1988","2044","67751","65911","stop"
"conv-44:43","conv-44","43","3","Which US state do Audrey and Andrew potentially live in?","Minnesota","unknown","unknown","0","0","0","2003","2033","67751","65911","stop"
"conv-44:44","conv-44","44","3","Which national park could Audrey and Andrew be referring to in their conversations?","Voyageurs National Park","unknown","unknown","0","0","0","1972","2038","67751","65911","stop"
"conv-44:45","conv-44","45","2","How many pets will Andrew have, as of December 2023?","three","2","2","0","0","0","1943","2033","67751","65911","stop"
"conv-44:46","conv-44","46","2","How many pets did Andrew have, as of September 2023?","one","1","1","0","0","0","1961","2037","67751","65911","stop"
"conv-44:47","conv-44","47","2","How many months passed between Andrew adopting Buddy and Scout","one month","3","3","0","0","0","1964","2040","67751","65911","stop"
"conv-44:48","conv-44","48","1","What does Andrew view his pets as?","Family","family members","family members","66.66666666666666","66.66666666666666","0","2042","2042","67751","65911","stop"
"conv-44:49","conv-44","49","1","What does Audrey view her pets as?","Family","family","family","100","100","0","2046","2028","67751","65911","stop"
"conv-44:50","conv-44","50","1","What is a skill that Audrey learned to take care of her dogs?","Grooming","dog grooming","dog grooming","66.66666666666666","66.66666666666666","0","2021","2048","67751","65911","stop"
"conv-44:51","conv-44","51","1","What items has Audrey bought or made for her dogs?","dog tags, toys, dog beds, collars","toys, beds","toys, personalized wooden keychain tags, new beds, party hats","41.666666666666664","45.83333333333333","4.166666666666669","1990","2048","67751","65911","stop"
"conv-44:52","conv-44","52","3","What is something that Andrew could do to make birdwatching hobby to fit in his city schedule?","Install a bird feeder outside where he can see the birds without going outdoors.","unknown","unknown","0","0","0","2046","2048","67751","65911","stop"
"conv-44:53","conv-44","53","3","What is a career that Andrew could potentially pursue with his love for animals and nature?","Park ranger or a similar position working for the National Park Services.","unknown","unknown","0","0","0","2030","2037","67751","65911","stop"
"conv-44:54","conv-44","54","1","What activity do Audrey's dogs like to do in the dog park?","Play fetch with ball and frisbee, run around and meet other dogs","socializing with other pups, getting lots of exercise, running around, smelling all the stuff, playing fetch","Fetch, Frisbee, running around, meeting other pups","57.14285714285714","45.238095238095234","-11.904761904761907","1958","2026","67751","65911","stop"
"conv-44:55","conv-44","55","2","When did Andrew make his dogs a fun indoor area?","few days before November 22, 2023","unknown","unknown","0","0","0","2036","2044","67751","65911","stop"
"conv-44:56","conv-44","56","1","Has Andrew moved into a new apartment for his dogs?","No","unknown","No","0","100","100","1990","2033","67751","65911","stop"
"conv-44:57","conv-44","57","2","When did Andrew adopt Scout?","few days before November 2023","22 November 2023","22 November 2023","50","50","0","2028","2034","67751","65911","stop"
"conv-44:58","conv-44","58","2","What did Audrey eat for dinner on October 24, 2023?","sushi","sushi","sushi","100","100","0","1999","2046","67751","65911","stop"
"conv-44:59","conv-44","59","2","How long has it been since Andrew adopted his first pet, as of November 2023?","4 months","unknown","unknown","0","0","0","2048","2027","67751","65911","stop"
"conv-44:60","conv-44","60","1","How many dogs does Andrew have?","3","0","1","0","0","0","1964","2042","67751","65911","stop"
"conv-44:61","conv-44","61","4","Which specific type of bird mesmerizes Andrew?","Eagles","Eagles","Eagles","100","100","0","1934","2039","67751","65911","stop"
"conv-44:62","conv-44","62","4","What did Andrew express missing about exploring nature trails with his family's dog?","The peaceful moments","the peaceful moments out in nature","the peaceful moments out in nature","57.14285714285714","57.14285714285714","0","1972","2028","67751","65911","stop"
"conv-44:63","conv-44","63","4","What kind of pastries did Andrew and his girlfriend have at the cafe?","croissants, muffins, and tarts","croissants, muffins, and tarts","croissants, muffins, and tarts","100","100","0","1989","2032","67751","65911","stop"
"conv-44:64","conv-44","64","4","What kind of flowers does Audrey have a tattoo of?","sunflowers","sunflowers","sunflowers","100","100","0","2032","2034","67751","65911","stop"
"conv-44:65","conv-44","65","4","What does Audrey do during dog playdates in the park?","chat with people while dogs make new friends","She watches the dogs play from benches.","She chats with people and lets her dogs make new friends.","14.285714285714285","77.77777777777779","63.49206349206349","2030","2036","67751","65911","stop"
"conv-44:66","conv-44","66","4","What type of dog was Andrew looking to adopt based on his living space?","smaller dog","smaller dog","smaller dog","100","100","0","2044","2044","67751","65911","stop"
"conv-44:67","conv-44","67","4","Where does Andrew want to live to give their dog a large, open space to run around?","near a park or woods","near a park or woods","near a park or woods","100","100","0","2048","2029","67751","65911","stop"
"conv-44:68","conv-44","68","4","Why did Audrey sign up for a workshop about bonding with pets?","Strengthen the bond with her pets","to learn new stuff and strengthen her bond with her pets","to learn new stuff and strengthen her bond with her pets","66.66666666666666","66.66666666666666","0","2044","2048","67751","65911","stop"
"conv-44:69","conv-44","69","4","How did Audrey hear about the workshop on bonding with pets?","Saw a workshop flyer at the local pet store","at her local pet store","at her local pet store","66.66666666666666","66.66666666666666","0","2009","2041","67751","65911","stop"
"conv-44:70","conv-44","70","4","What type of training was the workshop Audrey signed up for in May 2023?","Positive reinforcement training","positive reinforcement training class","positive reinforcement training","85.71428571428571","100","14.28571428571429","1988","2045","67751","65911","stop"
"conv-44:71","conv-44","71","4","How did Audrey describe she dog he met at the pet store?","Friendly and playful","friendly and playful","friendly and playful","100","100","0","1978","2033","67751","65911","stop"
"conv-44:72","conv-44","72","4","Why did Audrey think positive reinforcement training is important for pets?","To have pets learn how to behave in a positive way","She believes punishment is never the proper way for pets and she doesn't want to hurt them.","She believes punishment is never the proper way for pets and doesn't want to hurt them.","24","25","1.0000000000000009","2023","2027","67751","65911","stop"
"conv-44:73","conv-44","73","4","What challenge is Andrew facing in their search for a pet?","Finding a pet-friendly spot in the city","finding a pet-friendly spot in the city","finding a pet-friendly spot in the city","100","100","0","2027","2047","67751","65911","stop"
"conv-44:74","conv-44","74","4","How does Andrew feel about their search for a pet-friendly place?","Discouraged but determined","discouraged but determined","discouraged but determined","100","100","0","1939","2031","67751","65911","stop"
"conv-44:75","conv-44","75","4","What outdoor activities does Andrew plan on trying after the rock climbing class?","kayaking and bungee jumping","kayaking, bungee jumping","kayaking, bungee jumping","100","100","0","1978","2047","67751","65911","stop"
"conv-44:76","conv-44","76","4","How long does Audrey typically walk her dogs for?","about an hour","about an hour","about an hour","100","100","0","2002","2042","67751","65911","stop"
"conv-44:77","conv-44","77","4","What did Audrey set up in the backyard for their dogs on June 26, 2023?","a doggy play area with agility stuff and toys","a doggy play area with agility stuff and toys","a doggy play area with agility stuff and toys","100","100","0","2032","2043","67751","65911","stop"
"conv-44:78","conv-44","78","4","What did Audrey and her friends stumble across during a hike a few years back, as mentioned on June 26, 2023?","a stunning lake in the mountains","a stunning lake in the mountains","a stunning lake in the mountains","100","100","0","2016","2025","67751","65911","stop"
"conv-44:79","conv-44","79","4","What is Audrey's favorite recipe that she shares with Andrew on 3 July, 2023?","Chicken Pot Pie","Chicken Pot Pie","Chicken Pot Pie","100","100","0","2007","2047","67751","65911","stop"
"conv-44:80","conv-44","80","4","What dish is one of Audrey's favorite dishes that includes garlic and is shared with Andrew on 3 July, 2023?","Roasted Chicken","Roasted Chicken","Roasted Chicken","100","100","0","2027","2037","67751","65911","stop"
"conv-44:81","conv-44","81","4","What did Andrew and his GF do on the Monday before July 24, 2023?","volunteered at a pet shelter","explored outdoors","volunteered at a pet shelter","0","100","100","2039","2048","67751","65911","stop"
"conv-44:82","conv-44","82","4","What is the name of Audrey's childhood dog?","Max","Max","Max","100","100","0","2026","2033","67751","65911","stop"
"conv-44:83","conv-44","83","4","What special memories does Audrey have with her childhood dog, Max?","Long walks in the neighborhood, exploring new paths, sharing worries and hopes","taking long walks in the neighborhood, exploring new paths, sharing worries and hopes","Max and Audrey taking long walks in the neighborhood when she was a kid, exploring new paths, and sharing her worries and hopes with him.","95.23809523809523","66.66666666666666","-28.57142857142857","2047","2028","67751","65911","stop"
"conv-44:84","conv-44","84","4","What are some of the personalities of Audrey's four fur babies?","oldest is relaxed, second is playful, third can be naughty but loves cuddles, youngest is full of life","The oldest is the most relaxed, the second is always ready for a game, the third can be naughty but loves cuddles, and the youngest is full of life.","The oldest one is the most relaxed, the second one is always ready for a game, the third one can be naughty but loves a good cuddle, and the youngest one is full of life and always up for an adventure.","85","69.38775510204081","-15.612244897959183","2005","2033","67751","65911","stop"
"conv-44:85","conv-44","85","4","What type of classes did Audrey start with her pups recently on 4 August, 2023?","Agility classes","agility classes","agility classes","100","100","0","2031","2048","67751","65911","stop"
"conv-44:86","conv-44","86","4","How often does Audrey take her pups to the park for practice?","Twice a week","twice a week","twice a week","100","100","0","2043","2033","67751","65911","stop"
"conv-44:87","conv-44","87","4","How long did the trail hike that Audrey went on with her pups take?","Two hours","two hours","two hours","100","100","0","2046","2035","67751","65911","stop"
"conv-44:88","conv-44","88","4","What advice did Audrey give to Andrew regarding grooming Toby?","Grooming slowly and gently, paying attention to sensitive areas like ears and paws. And remember to stay patient and positive throughout the grooming process.","Groom slowly and gently, pay attention to sensitive areas like ears and paws, and stay patient and positive throughout the process.","Groom slowly and gently, pay attention to sensitive areas like ears and paws, and stay patient and positive throughout the process.","91.42857142857143","91.42857142857143","0","2029","2039","67751","65911","stop"
"conv-44:89","conv-44","89","4","What is essential to keep the dogs looking good according to Audrey?","Daily brushing, regular baths, nail trims, and lots of love","grooming","regular grooming, daily brushing, regular baths, and nail trims","0","70.58823529411765","70.58823529411765","1974","2026","67751","65911","stop"
"conv-44:90","conv-44","90","4","What did Audrey organize with the neighbors' dogs?","a doggy playdate","unknown","doggy playdate","0","100","100","2040","2032","67751","65911","stop"
"conv-44:91","conv-44","91","4","What did Audrey do to give her dogs extra comfort as the weather cooled down?","Got new beds for them","bought new beds","got some new beds for them","50","90.9090909090909","40.90909090909091","2031","2041","67751","65911","stop"
"conv-44:92","conv-44","92","4","How does Audrey describe the new beds for her dogs?","Super cozy and comfy","Super cozy and comfy","Super cozy and comfy","100","100","0","2032","2041","67751","65911","stop"
"conv-44:93","conv-44","93","4","How did Audrey calm down her dog after the leash incident?","Petted, hugged, spoke calmly and slowly walked the dog","She petted and hugged her, spoke calmly, and slowly walked her to relax.","She petted and hugged her, spoke calmly, and slowly walked her to relax.","66.66666666666666","66.66666666666666","0","1960","2043","67751","65911","stop"
"conv-44:94","conv-44","94","4","How often does Audrey take her dogs for walks?","Multiple times a day","Multiple times a day","Multiple times a day","100","100","0","2028","2038","67751","65911","stop"
"conv-44:95","conv-44","95","4","What kind of flowers does Audrey take care of?","Peruvian Lilies","Peruvian Lilies","Peruvian Lilies","100","100","0","2017","2036","67751","65911","stop"
"conv-44:96","conv-44","96","4","What did Andrew learn from reading books about ecological systems?","about animals, plants, and ecosystems and how they work together","animals, plants, and ecosystems","animals, plants, and ecosystems","54.54545454545454","54.54545454545454","0","2033","2044","67751","65911","stop"
"conv-44:97","conv-44","97","4","What did Andrew suggest as a way to reduce carbon footprint?","biking or using public transport","biking, using public transport","biking or using public transport","88.88888888888889","100","11.111111111111116","1937","2030","67751","65911","stop"
"conv-44:98","conv-44","98","4","How does Andrew suggest helping the planet while also training the body?","by biking","biking or using public transport","biking or using public transport","28.57142857142857","28.57142857142857","0","2015","2039","67751","65911","stop"
"conv-44:99","conv-44","99","4","What did Audrey do with her pups over the weekend before 4th October, 2023?","Took them to the beach","took them to the beach","took her dogs to the beach","100","66.66666666666666","-33.333333333333336","2042","2041","67751","65911","stop"
"conv-44:100","conv-44","100","4","What was the reason Audrey couldn't walk her dogs for a period of time?","Knee injury","knee injury","knee injury","100","100","0","2030","2047","67751","65911","stop"
"conv-44:101","conv-44","101","4","What type of jewelry does Audrey make?","Jewelry made from recycled objects","Jewelry made from recycled materials such as bottle caps, buttons, and broken jewelry.","Jewelry made from recycled objects such as bottle caps, buttons, and broken jewelry.","47.05882352941176","58.82352941176471","11.764705882352944","2043","2045","67751","65911","stop"
"conv-44:102","conv-44","102","4","Why does Audrey make jewelry out of recycled objects?","To show love for creativity and sustainability","to show her love of creativity and sustainability","to show her love of creativity and sustainability","76.92307692307693","76.92307692307693","0","2043","2032","67751","65911","stop"
"conv-44:103","conv-44","103","4","What organization does Audrey donate a portion of his profits to?","Animal shelter","animal shelter","animal shelter","100","100","0","2027","2044","67751","65911","stop"
"conv-44:104","conv-44","104","4","How does Audrey help out the animal shelter?","By donating a portion of his profits frmo selling jwelery","She donates a portion of her profits from selling jewelry.","She donates her profits.","55.55555555555556","30.76923076923077","-24.786324786324787","2040","2029","67751","65911","stop"
"conv-44:105","conv-44","105","4","What type of games do Audrey's dogs like to play at the park?","Fetch and Frisbee","Fetch and Frisbee","Fetch, Frisbee","100","100","0","2038","2042","67751","65911","stop"
"conv-44:106","conv-44","106","4","What did Audrey make to thank her neighbors?","Goodies","unknown","cookies","0","0","0","2039","2046","67751","65911","stop"
"conv-44:107","conv-44","107","4","How do Audrey's dogs react to snow?","Confused","They hate it and get confused.","They hate it and get confused.","33.33333333333333","33.33333333333333","0","2004","2039","67751","65911","stop"
"conv-44:108","conv-44","108","4","How does Audrey describe her dogs' response to snow?","They definitely prefer nice, sunny days in the grass.","They were so confused.","hate snow and were confused","16.666666666666664","0","-16.666666666666664","1966","2045","67751","65911","stop"
"conv-44:109","conv-44","109","4","What kind of experiences are Audrey's dogs the best companions for?","Exploring the great outdoors","exploring the great outdoors","adventures, exploring new places, socializing, getting exercise, playing, hiking, puzzles, training, hide-and-seek","100","13.333333333333334","-86.66666666666667","1945","2046","67751","65911","stop"
"conv-44:110","conv-44","110","4","What activity do Andrew and Buddy enjoy doing together?","Walking","walks","walking, hiking","100","66.66666666666666","-33.333333333333336","2039","2026","67751","65911","stop"
"conv-44:111","conv-44","111","4","What do Andrew and Buddy like doing on walks?","Checking out new hiking trails","checking out new hiking trails","checking out new hiking trails","100","100","0","2025","2042","67751","65911","stop"
"conv-44:112","conv-44","112","4","What cuisine did Andrew recently try at a new spot in town?","sushi","sushi","Sushi","100","100","0","2048","2038","67751","65911","stop"
"conv-44:113","conv-44","113","4","Which type of sushi did Audrey suggest trying first to someone new to sushi?","California or salmon roll","California or salmon roll","California or salmon roll","100","100","0","2027","2039","67751","65911","stop"
"conv-44:114","conv-44","114","4","What type of date is Andrew going on Sunday?","picnic date","picnic date","picnic date","100","100","0","2031","2048","67751","65911","stop"
"conv-44:115","conv-44","115","4","What did Andrew and Audrey plan to do on the Saturday after October 28, 2023?","Go hiking","go hiking","go hiking","100","100","0","2048","2041","67751","65911","stop"
"conv-44:116","conv-44","116","4","What aspect of autumn does Andrew find beautiful?","The autumn colors","autumn colors","The autumn colors","100","100","0","2047","2033","67751","65911","stop"
"conv-44:117","conv-44","117","4","What did Audrey do in November 2023 to better take care of her dogs?","Joined a dog owners group","joined a dog owners group","joined a dog owners group","100","100","0","2024","2044","67751","65911","stop"
"conv-44:118","conv-44","118","4","How often does Audrey meet up with other dog owners for tips and playdates?","Once a week","once a week","once a week","100","100","0","2042","2028","67751","65911","stop"
"conv-44:119","conv-44","119","4","What did Audrey share to show ways to keep dogs active in the city?","photography of a basket full of stuffed animals","a photo of a basket full of stuffed animals on a wooden floor","a photography of a basket full of stuffed animals on a wooden floor","70.58823529411765","82.35294117647058","11.764705882352933","2043","2035","67751","65911","stop"
"conv-44:120","conv-44","120","4","What type of activities does Audrey suggest for mental stimulation of the dogs?","puzzles, training, hide-and-seek","puzzles, training, hide-and-seek","puzzles, training, hide-and-seek","100","100","0","2018","2034","67751","65911","stop"
"conv-44:121","conv-44","121","4","What is Andrew planning to do with Scout, Toby, and Buddy?","Take them to a nearby park","take them to a nearby park","take them to a nearby park","100","100","0","1951","2035","67751","65911","stop"
"conv-44:122","conv-44","122","4","What did Andrew get for Scout to create a safe and fun space for them?","essentials like a bed, toys, and puppy pads","bed, toys, and puppy pads","bed, toys, and puppy pads","80","80","0","1972","2036","67751","65911","stop"
"conv-47:0","conv-47","0","3","What are John's suspected health problems?","Obesity","unknown","unknown","0","0","0","2040","2045","69826","67582","stop"
"conv-47:1","conv-47","1","2","Which recreational activity was James pursuing on March 16, 2022?","bowling","bowling","bowling","100","100","0","2046","2031","69826","67582","stop"
"conv-47:2","conv-47","2","1","Which places or events have John and James planned to meet at?","VR Club, McGee's, baseball game","McGee's Pub, baseball game","McGee's Pub","55.55555555555555","22.22222222222222","-33.33333333333333","2038","2035","69826","67582","stop"
"conv-47:3","conv-47","3","1","Do both James and John have pets?","No","No","No","100","100","0","2034","2047","69826","67582","stop"
"conv-47:4","conv-47","4","2","When did John resume playing drums in his adulthood?","February 2022","unknown","unknown","0","0","0","2004","2045","69826","67582","stop"
"conv-47:5","conv-47","5","1","What are John and James' favorite games?","John's favorite game is CS:GO, and James's is Apex Legends.","John: CS:GO, FIFA 23; James: The Witcher 3, Apex Legends","CS:GO, The Witcher 3, AC Valhalla, Civilization VI, Total War, Hooked, The Stormlight Archive, Kingkiller Chronicle, The Expanse","61.904761904761905","16.666666666666664","-45.23809523809524","2013","2039","69826","67582","stop"
"conv-47:6","conv-47","6","3","Does James live in Connecticut?","Likely yes","unknown","unknown","0","0","0","1961","2036","69826","67582","stop"
"conv-47:7","conv-47","7","3","In which state is the shelter from which James adopted the puppy?","Connecticut.","unknown","Stamford","0","0","0","2041","2039","69826","67582","stop"
"conv-47:8","conv-47","8","1","How many pets does James have?","Three dogs.","5","3","0","0","0","2041","2026","69826","67582","stop"
"conv-47:9","conv-47","9","1","What are the names of James's dogs?","Ned, Daisy, Max","Max, Daisy","Max, Daisy, Ned","66.66666666666666","100","33.333333333333336","2029","2042","69826","67582","stop"
"conv-47:10","conv-47","10","2","When did James adopt Ned?","first week of April 2022","April 2022","April 2022","57.14285714285714","57.14285714285714","0","2001","2044","69826","67582","stop"
"conv-47:11","conv-47","11","2","How was John feeling on April 10, 2022?","seeking solitude","unknown","unknown","0","0","0","1990","2029","69826","67582","stop"
"conv-47:12","conv-47","12","3","Did James have a girlfriend during April 2022?","Presumably not","No","No","0","0","0","2000","2041","69826","67582","stop"
"conv-47:13","conv-47","13","2","When did James visit Italy?","In 2021","2021","2021","66.66666666666666","66.66666666666666","0","2004","2039","69826","67582","stop"
"conv-47:14","conv-47","14","2","When did James buy himself a new adventure book?","April 26, 2022","26 April 2022","26 April 2022","100","100","0","2012","2047","69826","67582","stop"
"conv-47:15","conv-47","15","2","When did James start playing Civilization VI?","March 2022","unknown","unknown","0","0","0","2045","2047","69826","67582","stop"
"conv-47:16","conv-47","16","3","What is the game with different colored cards that was John talking about with James?","UNO","unknown","unknown","0","0","0","2048","2042","69826","67582","stop"
"conv-47:17","conv-47","17","3","What is the board game where you have to find the imposter that John mentions to James?","Mafia","unknown","unknown","0","0","0","2047","2044","69826","67582","stop"
"conv-47:18","conv-47","18","1","Which books has John recommended to James?","The Name of the Wind, Stormlight Archive, Kingkiller Chronicles, Expanse","""The Name of the Wind"", ""The Stormlight Archive"", ""Kingkiller Chronicle"", ""The Expanse""","The Name of the Wind, The Stormlight Archive, Kingkiller Chronicle, The Expanse","100","100","0","1987","2039","69826","67582","stop"
"conv-47:19","conv-47","19","3","Was James feeling lonely before meeting Samantha?","Most likely yes, because he mentioned that the only creatures that gave him joy are dogs and he was actively trying to date.","unknown","unknown","0","0","0","2010","2044","69826","67582","stop"
"conv-47:20","conv-47","20","1","How many charity tournaments has John organized till date?","two","3","1","0","0","0","2047","2026","69826","67582","stop"
"conv-47:21","conv-47","21","2","When did John first organize a charity tournament with his friends?","May 7, 2022","7 May 2022","7 May 2022","100","100","0","2039","2038","69826","67582","stop"
"conv-47:22","conv-47","22","1","Who or which organizations have been the beneficiaries of John's charity tournaments?","animal shelter, homeless, children's hospital","dog shelter","dog shelter, homeless","16.666666666666664","50","33.333333333333336","2027","2048","69826","67582","stop"
"conv-47:23","conv-47","23","2","When will John start his new job?","In July, 2022","Next month","Next month","0","0","0","2026","2042","69826","67582","stop"
"conv-47:24","conv-47","24","1","What kind of games has James tried to develop?","football simulator, virtual world inspired by Witcher 3","strategy games","strategy games","0","0","0","2033","2039","69826","67582","stop"
"conv-47:25","conv-47","25","3","Are John and James fans of the same football team?","No, James is a Liverpool fan and John is a Manchester City fan.","No","No","18.181818181818183","18.181818181818183","0","2043","2031","69826","67582","stop"
"conv-47:26","conv-47","26","1","Which countries has James visited?","Italy, Mexico, Turkey, Canada, Greenland","Italy, Turkey, Mexico","Italy, Turkey, Mexico, Japan, Nuuk","60","60","0","2023","2048","69826","67582","stop"
"conv-47:27","conv-47","27","1","What kind of classes has James joined?","game design course, cooking classes","unknown","gaming and programming","0","20","20","2026","2031","69826","67582","stop"
"conv-47:28","conv-47","28","2","When did James volunteer at an organization?","May 2022","May 2022","May 2022","100","100","0","2046","2046","69826","67582","stop"
"conv-47:29","conv-47","29","2","When did James depart for his trip to Canada?","July 11, 2022","10 July 2022","unknown","66.66666666666666","0","-66.66666666666666","2048","2043","69826","67582","stop"
"conv-47:30","conv-47","30","3","Which country did James book tickets for in July 2022?","Canada","Toronto","Toronto","0","0","0","2020","2035","69826","67582","stop"
"conv-47:31","conv-47","31","2","How many days did James plan to spend on his trip in Canada?","19 days","unknown","unknown","0","0","0","2044","2047","69826","67582","stop"
"conv-47:32","conv-47","32","2","Where was James at on July 12, 2022?","Toronto, Canada","Toronto","unknown","66.66666666666666","0","-66.66666666666666","1998","2034","69826","67582","stop"
"conv-47:33","conv-47","33","3","Did John and James study together?","Yes","unknown","unknown","0","0","0","2021","2043","69826","67582","stop"
"conv-47:34","conv-47","34","1","Which countries did James visit in July 2022?","Canada, Greenland","Canada","Nuuk","50","0","-50","2002","2048","69826","67582","stop"
"conv-47:35","conv-47","35","3","What additional country did James visit during his trip to Canada?","Greenland","Nuuk","Nuuk","0","0","0","2020","2046","69826","67582","stop"
"conv-47:36","conv-47","36","3","Who is Jill?","Most likely John's partner.","John's sister","John's sister","33.33333333333333","33.33333333333333","0","2020","2040","69826","67582","stop"
"conv-47:37","conv-47","37","2","When did John spend time with his sister and dogs?","July 21, 2022","unknown","unknown","0","0","0","2033","2032","69826","67582","stop"
"conv-47:38","conv-47","38","1","What happened to John's job situation in 2022?","quit his IT Job, secured his dream job, aspires to become an eSports competition organizer","John left his IT job after 3 years and got his dream job.","He left his IT job after working there for 3 years and started a new job.","25","18.51851851851852","-6.48148148148148","2004","2044","69826","67582","stop"
"conv-47:39","conv-47","39","2","When did John start his job in IT?","2019","3 years before 6 August 2022","3 years before 6 August 2022","0","0","0","2042","2048","69826","67582","stop"
"conv-47:40","conv-47","40","1","What kind of tricks do James's pets know?","swimming, catching frisbees, balancing on a skateboard, sit, stay, paw, and rollover","sit, stay, paw, and rollover","sit, stay, paw, and rollover","57.14285714285714","57.14285714285714","0","2016","2046","69826","67582","stop"
"conv-47:41","conv-47","41","2","When did James meet Samantha?","August 9, 2022","10 August 2022","10 August 2022","66.66666666666666","66.66666666666666","0","2005","2029","69826","67582","stop"
"conv-47:42","conv-47","42","2","When did James take his 3 dogs to the beach?","August 9, 2022","9 August 2022","9 August 2022","100","100","0","2037","2036","69826","67582","stop"
"conv-47:43","conv-47","43","2","When did John plan his next meeting with his siblings?","In September, 2022","next month","21 August 2022","0","33.33333333333333","33.33333333333333","2026","2047","69826","67582","stop"
"conv-47:44","conv-47","44","3","Why didn't John want to go to Starbucks?","Possibly because he likes to drink beer on his days off.","He wanted to have a beer somewhere.","He preferred to have a beer somewhere.","35.294117647058826","35.294117647058826","0","2045","2039","69826","67582","stop"
"conv-47:45","conv-47","45","1","What kind of beer does McGee's bar serve?","Stout, lager","stout, light beers, lager beer","stout, light beers, lager beer","83.33333333333333","83.33333333333333","0","1987","2042","69826","67582","stop"
"conv-47:46","conv-47","46","2","When did John and James meet at McGee's bar?","August 27, 2022","27 August 2022","27 August 2022","100","100","0","2037","2029","69826","67582","stop"
"conv-47:47","conv-47","47","2","When did James ask Samantha to be his girlfriend?","September 3, 2022","3 September 2022","3 September 2022","100","100","0","2021","2047","69826","67582","stop"
"conv-47:48","conv-47","48","2","When did James, Samantha and John go to the baseball game together?","September 11, 2022","unknown","unknown","0","0","0","2010","2033","69826","67582","stop"
"conv-47:49","conv-47","49","1","What gaming equipments did John buy or refurbish?","Sennheiser headphones, Logitech mouse, gaming desk","Sennheiser headphones, Logitech mouse, gaming desk","headphones, mouse, gaming desk","100","77.77777777777777","-22.222222222222232","2047","2045","69826","67582","stop"
"conv-47:50","conv-47","50","2","When did James start taking cooking classes?","September 2, 2022","2 September 2022","2 September 2022","100","100","0","2038","2046","69826","67582","stop"
"conv-47:51","conv-47","51","1","Which new games did John start play during the course of the conversation with James?","AC Valhalla, Witcher 3, FIFA 23, Dungeons of the Dragons, futuristic dystopian game","FIFA 23, Dungeons of the Dragon","FIFA 23","40","20","-20","2046","2048","69826","67582","stop"
"conv-47:52","conv-47","52","2","When did John start working on his 2D Adventure mobile game?","approximately summer of 2022","unknown","past few months","0","0","0","2042","2043","69826","67582","stop"
"conv-47:53","conv-47","53","2","How long did it take for James to complete his Witcher-inspired game?","six months","unknown","unknown","0","0","0","2034","2029","69826","67582","stop"
"conv-47:54","conv-47","54","1","What kind of programming-related events has John hosted?","online programming competition, programming seminar","tournament","programming seminar, tournament","0","70","70","1996","2048","69826","67582","stop"
"conv-47:55","conv-47","55","2","When did John and his programming friends host an online programming competition?","Last week before 13 October 2022.","October 2022 (the preceding week)","October 2022 (the preceding week)","60","60","0","2039","2038","69826","67582","stop"
"conv-47:56","conv-47","56","1","Which of James's family members have visited him in the last year?","mother, sister","sister, mother","sister, mother","100","100","0","1979","2048","69826","67582","stop"
"conv-47:57","conv-47","57","2","When did James' mother and her friend visit him?","October 19, 2022","19 October 2022","19 October 2022","100","100","0","2040","2048","69826","67582","stop"
"conv-47:58","conv-47","58","2","When did James try Cyberpunk 2077 game?","October 20, 2022","20 October 2022","20 October 2022","100","100","0","1995","2040","69826","67582","stop"
"conv-47:59","conv-47","59","2","When did John and his gaming friends organize the charity tournament?","On the night of October 30 to 31, 2022","7 May 2022","30 October 2022","18.181818181818183","54.54545454545454","36.36363636363636","1960","2048","69826","67582","stop"
"conv-47:60","conv-47","60","1","What games has John played with his friends at charity tournaments?","CS:GO, Fortnite, Overwatch and Apex Legends","Fortnite, Overwatch, Apex Legends, CS:GO","CS:GO, Fortnite, Overwatch, Apex Legends","93.33333333333333","93.33333333333333","0","2046","2027","69826","67582","stop"
"conv-47:61","conv-47","61","2","What was James' big moment with Samantha in October 2023?","They decided to live together and rented an apartment not far from McGee's bar.","unknown","unknown","0","0","0","2039","2032","69826","67582","stop"
"conv-47:62","conv-47","62","2","How long did James and Samantha date for before deciding to move in together?","nearly three months","unknown","unknown","0","0","0","1978","2035","69826","67582","stop"
"conv-47:63","conv-47","63","2","When did James, his family and his dogs start on a road trip together?","November 4, 2022","4 November 2022","4 November 2022","100","100","0","2029","2034","69826","67582","stop"
"conv-47:64","conv-47","64","2","How long did John practice chess for before winning the chess tournament?","nearly four months","unknown","unknown","0","0","0","2033","2037","69826","67582","stop"
"conv-47:65","conv-47","65","2","When did James and his family visit Mark and Josh?","November 7, 2022","7 November 2022","4 November 2022","100","66.66666666666666","-33.333333333333336","2047","2048","69826","67582","stop"
"conv-47:66","conv-47","66","2","When did John work with a game developer on a project?","November 5-6, 2022","7 November 2022","7 November 2022","66.66666666666666","66.66666666666666","0","2031","2045","69826","67582","stop"
"conv-47:67","conv-47","67","4","What programming languages has James worked with?","Python and C++","Python, C++","Python, C++","100","100","0","2032","2040","69826","67582","stop"
"conv-47:68","conv-47","68","4","What type of mobile application does James plan to build with John?","An app for dog walking and pet care","dog walking and pet care","dog walking and pet care","80","80","0","2030","2044","69826","67582","stop"
"conv-47:69","conv-47","69","4","How does James plan to make his dog-sitting app unique?","By allowing users to customize their pup's preferences/needs","Users can add their pup's preferences/needs","Users can add their pup's preferences/needs","57.14285714285714","57.14285714285714","0","1984","2036","69826","67582","stop"
"conv-47:70","conv-47","70","4","What has John mostly found with the metal detector so far?","bottle caps","bottle caps","bottle caps","100","100","0","1975","2037","69826","67582","stop"
"conv-47:71","conv-47","71","4","What did James offer to do for John regarding pets?","help find the perfect pet","help find the perfect pet","help John find a perfect pet","100","88.88888888888889","-11.111111111111116","2022","2038","69826","67582","stop"
"conv-47:72","conv-47","72","4","What instrument is John learning to play as of 27 March, 2022?","Drums","drums","drums","100","100","0","2047","2026","69826","67582","stop"
"conv-47:73","conv-47","73","4","How long has John been playing the drums as of 27 March, 2022?","One month","a month","a month","66.66666666666666","66.66666666666666","0","2011","2038","69826","67582","stop"
"conv-47:74","conv-47","74","4","What game did John play in an intense tournament at the gaming convention in March 2022?","CS:GO","CS:GO","CS:GO","100","100","0","1971","2031","69826","67582","stop"
"conv-47:75","conv-47","75","4","What game was James playing in the online gaming tournament in April 2022?","Apex Legends","unknown","unknown","0","0","0","2019","2026","69826","67582","stop"
"conv-47:76","conv-47","76","4","How does James communicate with his gaming team?","voice chat","voice chat","voice chat","100","100","0","2029","2047","69826","67582","stop"
"conv-47:77","conv-47","77","4","What advice did James receive from the famous players he met at the tournament?","never put your ego above team success","communicate correctly with the team and never put your ego above team success","always need to communicate correctly with the team and never put your ego above team success","77.77777777777779","66.66666666666666","-11.111111111111116","2026","2044","69826","67582","stop"
"conv-47:78","conv-47","78","4","What did James adopt in April 2022?","a pup","a game character","a pup","0","100","100","2011","2047","69826","67582","stop"
"conv-47:79","conv-47","79","4","What is the name of the pup that was adopted by James?","Ned","Ned","Ned","100","100","0","2048","2026","69826","67582","stop"
"conv-47:80","conv-47","80","4","Why did James embody the appearance of the game character from the woman he saw during a walk?","He found her appearance and eyes amazing.","He fell in love at first sight with her.","He fell in love at first sight with her.","26.666666666666668","26.666666666666668","0","1985","2043","69826","67582","stop"
"conv-47:81","conv-47","81","4","What inspired James to create the game character in the virtual world?","Appearance of a woman he saw during a walk","a walk with his dogs approximately 6 April 2022","a walk with his dogs approximately 6 April 2022","13.333333333333334","13.333333333333334","0","2022","2046","69826","67582","stop"
"conv-47:82","conv-47","82","4","Which country did James visit in 2021?","Italy","Italy","Italy","100","100","0","2028","2032","69826","67582","stop"
"conv-47:83","conv-47","83","4","What impresses John about Japan?","Technologically advanced megacities and tasty street food","megacities, technologically advanced screens, huge screens on the buildings, tasty street food","megacities, technologically advanced screens, huge screens on the buildings, tasty street food","70.58823529411765","70.58823529411765","0","2014","2046","69826","67582","stop"
"conv-47:84","conv-47","84","4","What kind of assignment was giving John a hard time at work?","Coding assignment","coding assignment","coding","100","66.66666666666666","-33.333333333333336","2035","2033","69826","67582","stop"
"conv-47:85","conv-47","85","4","What breed is Daisy, one of James' dogs?","Labrador","Labrador","Labrador","100","100","0","2034","2031","69826","67582","stop"
"conv-47:86","conv-47","86","4","What type of pizza is James' favorite?","Pepperoni","Pepperoni","Pepperoni","100","100","0","2036","2043","69826","67582","stop"
"conv-47:87","conv-47","87","4","What type of pizza is John's favorite?","Hawaiian","Hawaiian","Hawaiian","100","100","0","2027","2039","69826","67582","stop"
"conv-47:88","conv-47","88","4","What did John organize with his friends on May 8, 2022?","A tournament for CS:GO","CS:GO tournament","CS:GO tournament","80","80","0","2040","2047","69826","67582","stop"
"conv-47:89","conv-47","89","4","What did John and his friends do with the remaining money after helping the dog shelter?","Bought groceries and cooked food for the homeless","bought groceries and cooked food for the homeless","They used it to buy groceries and cook food for the homeless.","100","62.5","-37.5","2009","2030","69826","67582","stop"
"conv-47:90","conv-47","90","4","What was the main goal of the money raised from the charity tournament organized by John and his friends in May 2022?","Raise money for a dog shelter","dog shelter","dog shelter","57.14285714285714","57.14285714285714","0","2033","2048","69826","67582","stop"
"conv-47:91","conv-47","91","4","What did the system John created help the charitable foundation with?","tracking inventory, resources, and donations","tracking inventory, resources, and donations","tracking inventory, resources, and donations","100","100","0","2006","2047","69826","67582","stop"
"conv-47:92","conv-47","92","4","What did John create for the charitable foundation that helped generate reports for analysis?","computer application on smartphones","an application","a smartphone-based inventory system","40","0","-40","2046","2044","69826","67582","stop"
"conv-47:93","conv-47","93","4","What did John receive for achieving second place in the tournament?","money and a trophy","money, trophy","money, trophy","100","100","0","1979","2042","69826","67582","stop"
"conv-47:94","conv-47","94","4","What project is James working on in his game design course?","a new part of the football simulator, collecting player databases","football simulator","football simulator","40","40","0","1951","2036","69826","67582","stop"
"conv-47:95","conv-47","95","4","Who does James support in football matches?","Liverpool","Liverpool","Liverpool","100","100","0","2037","2048","69826","67582","stop"
"conv-47:96","conv-47","96","4","Which football club does John support?","Manchester City","City","Manchester City","66.66666666666666","100","33.333333333333336","2048","2044","69826","67582","stop"
"conv-47:97","conv-47","97","4","What disagreement do James and John have about their football teams?","debating on which team will perform better in the championship","John believes Manchester City will win the championship, while James claims Manchester City are in bad form and have a terrible transfer policy.","James believes Manchester City are in bad form with a terrible transfer policy, while John believes the City manager can handle it and that his team will win the championship.","20.689655172413794","22.857142857142858","2.1674876847290636","2046","2032","69826","67582","stop"
"conv-47:98","conv-47","98","4","What is Max good at doing according to James?","catching frisbees in mid-air","catching frisbees in mid-air","catching frisbees in mid-air, swimming","100","88.88888888888889","-11.111111111111116","2036","2033","69826","67582","stop"
"conv-47:99","conv-47","99","4","What is the main focus of the organization that James volunteered with?","providing necessary items to those who are less fortunate","provides necessary items to those who are less fortunate","provides necessary items to those who are less fortunate","100","100","0","2030","2043","69826","67582","stop"
"conv-47:100","conv-47","100","4","Will there be an interview required to volunteer with the organization James volunteered for?","No","No","No","100","100","0","1995","2039","69826","67582","stop"
"conv-47:101","conv-47","101","4","How did John relax in his free time on 9 July, 2022?","Reading","reading","reading","100","100","0","1954","2044","69826","67582","stop"
"conv-47:102","conv-47","102","4","What did James enjoy doing on cold winter days?","Reading while snuggled under the covers","reading","reading","33.33333333333333","33.33333333333333","0","1985","2037","69826","67582","stop"
"conv-47:103","conv-47","103","4","What new hobby did James become interested in on 9 July, 2022?","Extreme sports","Extreme sports","extreme sports","100","100","0","2030","2044","69826","67582","stop"
"conv-47:104","conv-47","104","4","Where did James plan to visit after Toronto?","Vancouver","Vancouver","Vancouver","100","100","0","2004","2046","69826","67582","stop"
"conv-47:105","conv-47","105","4","When did James plan to return from his trip to Toronto and Vancouver?","July 20","July 20","July 20","100","100","0","2046","2048","69826","67582","stop"
"conv-47:106","conv-47","106","4","What online game did John start playing recently for improving strategy?","Chess","Chess","Chess","100","100","0","2030","2035","69826","67582","stop"
"conv-47:107","conv-47","107","4","What made John leave his IT job?","to focus on things that align with his values and passions","He wanted something that made a difference.","He wanted something that made a difference and wanted to focus on things that align with his values and passions.","12.5","74.07407407407408","61.57407407407407","2015","2038","69826","67582","stop"
"conv-47:108","conv-47","108","4","Which game tournaments does John plan to organize besides CS:GO?","Fortnite competitions","Fortnite","Fortnite","66.66666666666666","66.66666666666666","0","2025","2048","69826","67582","stop"
"conv-47:109","conv-47","109","4","What happened to James's puppy during the recent visit to the clinic?","routine examination and vaccination","It was a routine examination and the puppy was vaccinated to prevent it from catching the seasonal canine disease.","It was a routine examination and the puppy was vaccinated to prevent him from catching the seasonal canine disease.","33.33333333333333","33.33333333333333","0","1947","2039","69826","67582","stop"
"conv-47:110","conv-47","110","4","What game genre did John start exploring instead of shooters?","strategy and RPG games","strategy, RPG","strategy and RPG games","80","100","19.999999999999996","2002","2040","69826","67582","stop"
"conv-47:111","conv-47","111","4","Which RPG game is John playing and enjoying on 10 August, 2022?","The Witcher 3","The Witcher 3","The Witcher 3","100","100","0","2038","2036","69826","67582","stop"
"conv-47:112","conv-47","112","4","What aspect of ""The Witcher 3"" does John find immersive?","shaping the world with choices","The storytelling and characters","monster hunter story","0","0","0","2027","2041","69826","67582","stop"
"conv-47:113","conv-47","113","4","Whose phone number did James receive during the beach outing?","Samantha","Samantha","Samantha","100","100","0","2039","2048","69826","67582","stop"
"conv-47:114","conv-47","114","4","What is James planning to do after receiving Samantha's phone number?","call her","call her","call Samantha on 11 August 2022 to ask her out on a date","100","28.57142857142857","-71.42857142857143","2034","2048","69826","67582","stop"
"conv-47:115","conv-47","115","4","What is John organizing with his siblings?","a gaming night","a gaming night","a gaming night","100","100","0","2037","2033","69826","67582","stop"
"conv-47:116","conv-47","116","4","What type of beer does John not like?","dark beer","dark beer","dark beer","100","100","0","2041","2035","69826","67582","stop"
"conv-47:117","conv-47","117","4","What were some difficulties James faced during the development of his game?","balancing mechanics and ensuring fairness","balancing mechanics, ensuring fairness, debugging a bug that messed up game mechanics","balancing mechanics, ensuring fairness, bug in the code","53.333333333333336","72.72727272727273","19.393939393939398","2040","2039","69826","67582","stop"
"conv-47:118","conv-47","118","4","What has John been teaching his siblings?","coding","coding","coding","100","100","0","2045","2030","69826","67582","stop"
"conv-47:119","conv-47","119","4","What kind of programs are John's siblings making?","basic games and stories","basic games and stories","basic games and stories","100","100","0","2048","2040","69826","67582","stop"
"conv-47:120","conv-47","120","4","Which company's headphones did John choose for gaming?","Sennheiser","Sennheiser","Sennheiser","100","100","0","2024","2026","69826","67582","stop"
"conv-47:121","conv-47","121","4","What did James and Samantha discover they both enjoy at McGee's bar?","Lager beer","lager beer","lager beer","100","100","0","2038","2038","69826","67582","stop"
"conv-47:122","conv-47","122","4","How much does James pay per cooking class?","$10","$10","$10","100","100","0","2035","2048","69826","67582","stop"
"conv-47:123","conv-47","123","4","What did James learn to make in the cooking class besides omelette and meringue?","Dough","dough","dough","100","100","0","1983","2046","69826","67582","stop"
"conv-47:124","conv-47","124","4","Why did James sign up for a cooking class?","He wanted to learn something new","He felt that he wanted to learn something new.","to learn something new","80","80","0","2035","2047","69826","67582","stop"
"conv-47:125","conv-47","125","4","What did James prepare for the first time in the cooking class?","Omelette","omelette","omelette","100","100","0","1942","2030","69826","67582","stop"
"conv-47:126","conv-47","126","4","What is the name of the board game John tried in September 2022?","Dungeons of the Dragon","Dungeons of the Dragon","Dungeons of the Dragon","100","100","0","2015","2044","69826","67582","stop"
"conv-47:127","conv-47","127","4","Where does James get his ideas from?","books, movies, dreams","books, movies, and dreams","books, movies, and dreams","100","100","0","2037","2042","69826","67582","stop"
"conv-47:128","conv-47","128","4","What kind of dream did James have recently?","a dream with a medieval castle full of puzzles and traps","A medieval castle with a labyrinth of puzzles and traps","A medieval castle with a labyrinth of puzzles and traps","80","80","0","2024","2046","69826","67582","stop"
"conv-47:129","conv-47","129","4","What kind of music does John like?","electronic and rock music","electronic and rock","electronic and rock","80","80","0","2043","2038","69826","67582","stop"
"conv-47:130","conv-47","130","4","What instrument did James used to play when he was younger?","guitar","guitar","guitar","100","100","0","2037","2032","69826","67582","stop"
"conv-47:131","conv-47","131","4","What did John use to play when he was younger to let off steam?","drums","drums","drums","100","100","0","2028","2034","69826","67582","stop"
"conv-47:132","conv-47","132","4","What career milestone did John achieve recently in September 2022?","making his first mobile game","making his first mobile game","making his first mobile game","100","100","0","1998","2041","69826","67582","stop"
"conv-47:133","conv-47","133","4","What type of game is John's upcoming mobile game?","2D adventure","2D adventure game","2D adventure game","80","80","0","1947","2029","69826","67582","stop"
"conv-47:134","conv-47","134","4","What does John do to stay informed and constantly learn about game design?","watch tutorials and keep up with developer forums","watches tutorials, keeps up with developer forums, reads a magazine","watches tutorials, keeps up with developer forums, reads a magazine","87.5","87.5","0","2027","2031","69826","67582","stop"
"conv-47:135","conv-47","135","4","What kind of gig was John offered at the game dev non-profit organization?","programming mentor for game developers","programming mentor for game developers","programming mentor for game developers","100","100","0","1994","2034","69826","67582","stop"
"conv-47:136","conv-47","136","4","What does John feel about starting the journey as a programming mentor for game developers?","excited and inspired","excited and inspired","excited and inspired","100","100","0","2039","2040","69826","67582","stop"
"conv-47:137","conv-47","137","4","What kind of games is James excited to play with his new video card?","RPGs","RPGs","RPGs","100","100","0","2043","2036","69826","67582","stop"
"conv-47:138","conv-47","138","4","What inspired James to create his game?","Witcher 3","Witcher 3, Civilization, Total War","Witcher 3","57.14285714285714","100","42.85714285714286","2035","2040","69826","67582","stop"
"conv-47:139","conv-47","139","4","What sparked James' passion for gaming when he was a kid?","Super Mario and The Legend of Zelda games","Super Mario and The Legend of Zelda","Super Mario and The Legend of Zelda","90.9090909090909","90.9090909090909","0","1963","2048","69826","67582","stop"
"conv-47:140","conv-47","140","4","What did James lose progress on due to a power outage?","a game","his game progress","the game","50","100","50","2034","2045","69826","67582","stop"
"conv-47:141","conv-47","141","4","What games were played at the gaming tournament organized by John on 31 October, 2022?","Fortnite, Overwatch, Apex Legends","Fortnite, Overwatch, and Apex Legends","Fortnite, Overwatch, and Apex Legends","100","100","0","2042","2036","69826","67582","stop"
"conv-47:142","conv-47","142","4","What was the purpose of the gaming tournament organized by John on 31 October, 2022?","To raise money for a children's hospital","to raise money for a children's hospital","raising money for a children's hospital","100","90.9090909090909","-9.090909090909093","2007","2044","69826","67582","stop"
"conv-47:143","conv-47","143","4","What decision did James and Samantha make on 31 October, 2022?","To move in together","to move in together","to move in together","100","100","0","2027","2047","69826","67582","stop"
"conv-47:144","conv-47","144","4","Where did James and Samantha decide to live together on 31 October, 2022?","In an apartment not far from McGee's bar","an apartment not far from McGee's bar","an apartment not far from McGee's bar","92.3076923076923","92.3076923076923","0","2019","2033","69826","67582","stop"
"conv-47:145","conv-47","145","4","Why did James and Samantha choose an apartment near McGee's bar?","They love spending time together at the bar","proximity to McGee's bar","proximity to McGee's bar","18.181818181818183","18.181818181818183","0","2005","2040","69826","67582","stop"
"conv-47:146","conv-47","146","4","What game is John hooked on playing on 5 November, 2022?","FIFA 23","FIFA 23","FIFA 23","100","100","0","1982","2044","69826","67582","stop"
"conv-47:147","conv-47","147","4","What did John suggest James practice before playing FIFA 23 together?","Control with a gamepad and timing","a little","a little","0","0","0","2015","2027","69826","67582","stop"
"conv-47:148","conv-47","148","4","What project did John work on with a game developer by 7 November, 2022?","An online board game","online board game","online board game","100","100","0","2017","2043","69826","67582","stop"
"conv-47:149","conv-47","149","4","What is the name of John's cousin's dog?","Luna","Luna","Luna","100","100","0","2018","2048","69826","67582","stop"
"conv-48:0","conv-48","0","2","What kind of project was Jolene working on in the beginning of January 2023?","electricity engineering project","robotics project","electrical engineering project","40","100","60","2007","2034","67572","65546","stop"
"conv-48:1","conv-48","1","1","Which of Deborah`s family and friends have passed away?","mother, father, her friend Karlie","Deborah's father, Deborah's mother","Deborah's mother, Deborah's father, Jolene's mother","44.44444444444444","44.44444444444444","0","1976","2036","67572","65546","stop"
"conv-48:2","conv-48","2","2","When did Deborah`s mother pass away?","a few years before 2023","a few years ago","a few years ago","57.14285714285714","57.14285714285714","0","2016","2031","67572","65546","stop"
"conv-48:3","conv-48","3","2","When did Jolene`s mother pass away?","in 2022","2022","2022","66.66666666666666","66.66666666666666","0","2003","2035","67572","65546","stop"
"conv-48:4","conv-48","4","2","When did Jolene's mom gift her a pendant?","in 2010","2010","2010","66.66666666666666","66.66666666666666","0","1954","2028","67572","65546","stop"
"conv-48:5","conv-48","5","3","In what country did Jolene's mother buy her the pendant?","In France","Paris","Paris","0","0","0","2048","2047","67572","65546","stop"
"conv-48:6","conv-48","6","1","What symbolic gifts do Deborah and Jolene have from their mothers?","pendants","amulet","amulet, pendant","0","100","100","1962","2041","67572","65546","stop"
"conv-48:7","conv-48","7","2","Which country were Jolene and her mother visiting in 2010?","France","unknown","Paris","0","0","0","2039","2030","67572","65546","stop"
"conv-48:8","conv-48","8","1","What helped Deborah find peace when grieving deaths of her loved ones?","yoga, old photos, the roses and dahlias in a flower garden, nature","yoga","yoga, memories with her mom, reconnecting with her mom's old friends, spending time in the garden, remembering their time together","25","42.36111111111111","17.36111111111111","1999","2031","67572","65546","stop"
"conv-48:9","conv-48","9","2","When did Deborah's father pass away?","January 25, 2023","25 January 2023","25 January 2023","100","100","0","2039","2034","67572","65546","stop"
"conv-48:10","conv-48","10","2","When was Deborah's parents' wedding?","in 1993","1993","1993","66.66666666666666","66.66666666666666","0","1945","2042","67572","65546","stop"
"conv-48:11","conv-48","11","3","Is Deborah married?","yes","Yes","Yes","100","100","0","2012","2029","67572","65546","stop"
"conv-48:12","conv-48","12","2","When did Deborah receive an appreciation letter from her community?","January 26, 2023","26 January 2023","26 January 2023","100","100","0","1987","2035","67572","65546","stop"
"conv-48:13","conv-48","13","1","What places give Deborah peace?","sitting in a spot by the window in her Mom's house, sitting by the beach, Bali, forest trail in a nearby park","old home, forest bench, Bali, beach in Bali, location with large statue","old home, forest bench, historical places, retreat, garden with flowers in buckets, beach in Bali, spot by the water near her mom's old house","44.64285714285714","42.68207282913165","-1.9607843137254888","1960","2031","67572","65546","stop"
"conv-48:14","conv-48","14","1","What were Deborah's mother's hobbies?","reading, traveling, art, cooking","reading books, travel","reading books, travel, flowers, cooking, art","41.666666666666664","91.66666666666666","50","1995","2036","67572","65546","stop"
"conv-48:15","conv-48","15","4","What pets does Jolene have?","snakes","Susie","Susie, snakes","0","66.66666666666666","66.66666666666666","1981","2033","67572","65546","stop"
"conv-48:16","conv-48","16","4","What are the names of Jolene's snakes?","Susie, Seraphim","Susie, Seraphim","Susie, Seraphim","100","100","0","2012","2030","67572","65546","stop"
"conv-48:17","conv-48","17","2","When did Jolene buy her pet Seraphim?","in 2022","2022","2022","66.66666666666666","66.66666666666666","0","2035","2042","67572","65546","stop"
"conv-48:18","conv-48","18","3","In what country did Jolene buy snake Seraphim?","In France","Paris","Paris","0","0","0","1966","2044","67572","65546","stop"
"conv-48:19","conv-48","19","1","How many times has Jolene been to France?","two times","unknown","unknown","0","0","0","2045","2031","67572","65546","stop"
"conv-48:20","conv-48","20","1","Which games have Jolene and her partner played together?","Detroit, Walking Dead, Battlefield 1, It Takes Two, Overcooked 2","Detroit, Walking Dead, It takes two, Overcooked 2","""It takes two"", Detroit, Overcooked 2","80","60","-20.000000000000007","2026","2048","67572","65546","stop"
"conv-48:21","conv-48","21","2","When do Jolene and her partner plan to complete the game ""Walking Dead""?","Saturday after 27 January, 2023","next Saturday","next Saturday","28.57142857142857","28.57142857142857","0","2012","2026","67572","65546","stop"
"conv-48:22","conv-48","22","2","When did Deborah meet Anna?","31 January, 2023","31 January 2023","31 January 2023","100","100","0","1973","2042","67572","65546","stop"
"conv-48:23","conv-48","23","3","Why did Jolene sometimes put off doing yoga?","She's more interested in playing video games","unknown","unknown","0","0","0","2016","2047","67572","65546","stop"
"conv-48:24","conv-48","24","1","What new yoga poses did Deborah try?","Warrior II, Dancer Pose (Natarajasana), Tree pose","Warrior II, Dancer Pose (Natarajasana)","Warrior II, Dancer Pose (Natarajasana), tree pose","80","100","20.000000000000007","2015","2035","67572","65546","stop"
"conv-48:25","conv-48","25","4","What are Jolene's favorite books?","Sapiens, Avalanche by Neal Stephenson","""Sapiens""","""Sapiens""","33.33333333333333","33.33333333333333","0","2031","2035","67572","65546","stop"
"conv-48:26","conv-48","26","2","Which book did Jolene read in January 2023?","Avalanche by Neal Stephenson","Avalanche","Avalanche","40","40","0","2024","2039","67572","65546","stop"
"conv-48:27","conv-48","27","2","When was Jolene in Bogota?","in summer 2022","last summer","last summer","40","40","0","2006","2028","67572","65546","stop"
"conv-48:28","conv-48","28","3","In what country was Jolene during summer 2022?","Colombia","Colombia","Bogota","100","0","-100","2011","2034","67572","65546","stop"
"conv-48:29","conv-48","29","2","When did Jolene have a mini-retreat to reflect on her career?","Wednesday before 9 February, 2023","9 February 2023","Wednesday prior to 9 February 2023","75","72.72727272727273","-2.2727272727272707","2036","2038","67572","65546","stop"
"conv-48:30","conv-48","30","2","When did Jolene have a dinner and drinks with her friends?","21 February, 2023","21 February 2023","21 February 2023","100","100","0","2043","2041","67572","65546","stop"
"conv-48:31","conv-48","31","2","When was the last photo of Deborah and Karlie taken?","in summer 2022","last summer","last summer","40","40","0","1954","2043","67572","65546","stop"
"conv-48:32","conv-48","32","2","When was Deborah in Bali?","in 2022","2022","2022","66.66666666666666","66.66666666666666","0","2043","2048","67572","65546","stop"
"conv-48:33","conv-48","33","4","How long have Jolene and her partner been together?","for three years","three years","three years","80","80","0","2039","2029","67572","65546","stop"
"conv-48:34","conv-48","34","2","Which year did Jolene and her partner start dating?","2020","2020","2020","100","100","0","2042","2045","67572","65546","stop"
"conv-48:35","conv-48","35","2","When did Deborah go for her first morning jog in a nearby park?","24 February, 2023","24 February 2023","24 February 2023","100","100","0","2043","2047","67572","65546","stop"
"conv-48:36","conv-48","36","3","How old is Jolene?","likely no more than 30; since she's in school","unknown","unknown","0","0","0","2043","2046","67572","65546","stop"
"conv-48:37","conv-48","37","2","When did Jolene take Seraphim to the park?","Sunday before 2 March, 2023","last Sunday","2 March 2023","28.57142857142857","75","46.42857142857143","1990","2043","67572","65546","stop"
"conv-48:38","conv-48","38","2","When did Deborah start the yoga class in the neighborhood?","Friday before 13 March, 2023","Friday","13 March 2023","33.33333333333333","75","41.66666666666667","2037","2047","67572","65546","stop"
"conv-48:39","conv-48","39","1","What time management techniques do Deborah and Jolene use?","the Pomodoro Technique - 25 minutes work and 5-minute break, scheduler or to-do list, The Eisenhower Matrix, bullet journal","Breaking tasks into smaller pieces, using planners or schedulers, Pomodoro Technique, daily schedule, to-do list, bullet journal, routine, yoga, meditation","breaking tasks into smaller pieces, using planners or schedulers, Pomodoro Technique, bullet journal, daily schedule, to-do list","52.77777777777778","52.77777777777778","0","2033","2045","67572","65546","stop"
"conv-48:40","conv-48","40","3","Does Deborah live close to the beach or the mountains?","beach","the beach","Unknown","100","0","-100","1988","2042","67572","65546","stop"
"conv-48:41","conv-48","41","1","What ways do Deborah and Jolene use to enhance their yoga practice?","candles, music, essential oils","music, scents, candles, essential oils, breaks, stretching, yoga, walks, sleep, self-care, routine, classes, studying, camping trip, meditation retreat","scents like lavender and rosemary, candles, essential oils, instrumental tracks with mellow melodies and rhythms, music","100","100","0","1988","2048","67572","65546","stop"
"conv-48:42","conv-48","42","4","What music pieces does Deborah listen to during her yoga practice?","Savana, Sleep","""Savana"", Nils Frahm, Olafur Arnalds, 'Sleep'","""Savana"", ""Sleep""","50","100","50","2030","2035","67572","65546","stop"
"conv-48:43","conv-48","43","2","When did Deborah go for a bicycle ride with Anna?","first week of April, 2023","unknown","unknown","0","0","0","1963","2048","67572","65546","stop"
"conv-48:44","conv-48","44","2","When did Deborah go to an art show with Anna?","on 9 April, 2023","unknown","unknown","0","0","0","2009","2047","67572","65546","stop"
"conv-48:45","conv-48","45","2","When did Jolene finish her robotics project?","May 2023","unknown","unknown","0","0","0","1997","2027","67572","65546","stop"
"conv-48:46","conv-48","46","2","How long did Jolene work on the robotics project given to her by her Professor?","four months","unknown","unknown","0","0","0","1982","2044","67572","65546","stop"
"conv-48:47","conv-48","47","2","When did Jolene do yoga at Talkeetna?","on 5 June, 2023","5 June 2023","5 June 2023","85.71428571428571","85.71428571428571","0","1969","2041","67572","65546","stop"
"conv-48:48","conv-48","48","3","Which US state did Jolene visit during her internship?","Alaska","unknown","unknown","0","0","0","2022","2040","67572","65546","stop"
"conv-48:49","conv-48","49","4","How long has Jolene been doing yoga and meditation?","about 3 years","about 3 years","about 3 years","100","100","0","2045","2047","67572","65546","stop"
"conv-48:50","conv-48","50","2","Which year did Jolene start practicing yoga?","2020","unknown","2020","0","100","100","2036","2037","67572","65546","stop"
"conv-48:51","conv-48","51","2","When did Jolene buy a new aquarium for Seraphim?","24 June, 2023","24 June 2023","24 June 2023","100","100","0","2006","2047","67572","65546","stop"
"conv-48:52","conv-48","52","2","When did Jolene lose a lot of progress in her work?","last week of July 2023","July 2023","12 August 2023","57.14285714285714","25","-32.14285714285714","2001","2036","67572","65546","stop"
"conv-48:53","conv-48","53","2","When did Jolene adopt her snake Susie?","in 2021","2021","approximately 2021","66.66666666666666","50","-16.666666666666664","2044","2042","67572","65546","stop"
"conv-48:54","conv-48","54","2","Which pet did Jolene adopt first - Susie or Seraphim?","Susie","Susie","Susie","100","100","0","2037","2043","67572","65546","stop"
"conv-48:55","conv-48","55","2","Which pet did Jolene adopt more recently - Susie or Seraphim?","Seraphim","Seraphim","Seraphim","100","100","0","2000","2044","67572","65546","stop"
"conv-48:56","conv-48","56","2","When did Deborah lead a meditation session during the sunset?","week before 16 August, 2023","16 August 2023","16 August 2023","75","75","0","2030","2047","67572","65546","stop"
"conv-48:57","conv-48","57","2","When did Jolene gift her partner a new console?","17 August, 2023","17 August 2023","17 August 2023","100","100","0","1967","2024","67572","65546","stop"
"conv-48:58","conv-48","58","4","What games does Jolene recommend for Deborah?","Zelda BOTW for Switch , Animal Crossing: New Horizons, Overcooked 2","Zelda BOTW for Switch, Animal Crossing: New Horizons","Overcooked 2","88.88888888888889","33.33333333333333","-55.55555555555556","2005","2028","67572","65546","stop"
"conv-48:59","conv-48","59","4","What do Deborah and her husband do together?","play detective games together, spend time outdoors and explore nature","play detective games together","play detective games, spend time outdoors, explore nature","61.53846153846154","94.11764705882352","32.57918552036199","2046","2035","67572","65546","stop"
"conv-48:60","conv-48","60","2","When did Deborah go to a yoga retreat near her mom's place?","a week before 24 August,2023","August 2023 (the preceding week)","August 2023 (the preceding week)","25","25","0","2039","2044","67572","65546","stop"
"conv-48:61","conv-48","61","4","What projects is Jolene planning for next year?","developing renewable energy finding ways to supply clean water to those with limited access","unknown","unknown","0","0","0","2001","2032","67572","65546","stop"
"conv-48:62","conv-48","62","4","Where did Deborah get her cats?","Luna is from the shelter and Max is her mother's cat","shelter, mother","shelter, mother","36.36363636363637","36.36363636363637","0","2042","2048","67572","65546","stop"
"conv-48:63","conv-48","63","4","How old are Deborah's cats?","Max is 8 years old and Luna is 5 years old","Max is 8 years old, Luna is 5 years old","Max is 8 years old, Luna is 5 years old","100","100","0","2000","2035","67572","65546","stop"
"conv-48:64","conv-48","64","4","Does Deborah like cats?","Yes","Yes","Yes","100","100","0","2007","2033","67572","65546","stop"
"conv-48:65","conv-48","65","2","Which country was Jolene located in during the last week of August 2023?","Brazil","unknown","Brazil","0","100","100","1952","2048","67572","65546","stop"
"conv-48:66","conv-48","66","2","When did Jolene and her partner return home from Rio de Janeiro?","29 August, 2023","29 August 2023","29 August 2023","100","100","0","2044","2043","67572","65546","stop"
"conv-48:67","conv-48","67","4","What was Jolene doing with her partner in Rio de Janeiro?","they went on excursions, checked out some cool yoga classes, visited a lot of delicious cafes, visited an old temple","yoga classes","yoga classes","20","20","0","2037","2024","67572","65546","stop"
"conv-48:68","conv-48","68","2","When did Deborah visit Brazil?","2020","unknown","30 August 2023","0","0","0","2016","2038","67572","65546","stop"
"conv-48:69","conv-48","69","4","Have Deborah and Jolene been to Rio de Janeiro?","yes","Yes","Yes, Jolene went in August 2023 and Deborah went in 2020.","100","18.181818181818183","-81.81818181818181","1997","2028","67572","65546","stop"
"conv-48:70","conv-48","70","3","Is the friend who wrote Deborah the motivational quote no longer alive?","likely yes","unknown","unknown","0","0","0","2040","2042","67572","65546","stop"
"conv-48:71","conv-48","71","2","When did Deborah go to a community meetup?","last week of August 2023","last Friday (relative to 3 September 2023)","3 September 2023","33.33333333333333","25","-8.333333333333332","2045","2036","67572","65546","stop"
"conv-48:72","conv-48","72","4","When did Jolene's parents give her first console?","when she was 10","When Jolene was 10","when she was 10 years old","75","80","5.000000000000004","2042","2025","67572","65546","stop"
"conv-48:73","conv-48","73","1","Did Jolene teach herself how to play the console?","yes","Yes","Yes","100","100","0","2046","2030","67572","65546","stop"
"conv-48:74","conv-48","74","4","What do Deborah and Jolene plan to try when they meet in a new cafe?","coffee and fresh pastries","fresh pastries","fresh pastries","80","80","0","2007","2048","67572","65546","stop"
"conv-48:75","conv-48","75","3","What card game is Deborah talking about?","Exploding Kittens","unknown","unknown","0","0","0","1964","2040","67572","65546","stop"
"conv-48:76","conv-48","76","2","When did Jolene and her partner try scuba diving lessons?","Friday before 17 September, 2023","16 September 2023","16 September 2023","50","50","0","2023","2031","67572","65546","stop"
"conv-48:77","conv-48","77","1","Where did Jolene and her partner find a cool diving spot?","Phuket","unknown","unknown","0","0","0","1994","2037","67572","65546","stop"
"conv-48:78","conv-48","78","2","Where did Jolene and her partner spend most of September 2023?","Phuket","studying","unknown","0","0","0","2040","2044","67572","65546","stop"
"conv-48:79","conv-48","79","1","Has Deborah tried surfing?","yes","Yes","Yes","100","100","0","1941","2046","67572","65546","stop"
"conv-48:80","conv-48","80","1","Has Jolene tried surfing?","no","No","No","100","100","0","2027","2047","67572","65546","stop"
"conv-48:81","conv-48","81","2","When did the Deboran and Jolene agree to go surfing?","in October 2023","unknown","unknown","0","0","0","2035","2031","67572","65546","stop"
"conv-48:82","conv-48","82","1","Which locations does Deborah practice her yoga at?","at her mother's old home, park, yoga studio, beach","living room, beach","living room, park, beach, mom's house, local care home, retreat","25","56.25","31.25","2047","2034","67572","65546","stop"
"conv-48:83","conv-48","83","1","What kind of professional activities does Jolene participate in to gain more experience in her field?","present work at virtual conference, attend workshops  and intern at firms","studying, attending workshops, networking","studying, attending workshops, networking, presenting at a virtual conference, interning","28.57142857142857","73.01587301587301","44.44444444444444","2040","2047","67572","65546","stop"
"conv-48:84","conv-48","84","1","What kind of engineering projects has Jolene worked on?","electrical engineering, robotics, sustainable water purifier, productive and affordable aerial surveillance system","engineering projects, aerial surveillance prototype","robotics project, sustainable water purifier, solar powered vehicle, prototype for aerial surveillance, renewable energy projects","25","52.77777777777778","27.77777777777778","1976","2037","67572","65546","stop"
"conv-48:85","conv-48","85","1","Which community activities have Deborah and Anna participated in?","yoga, running","yoga, meditation, self-reflection, running","yoga, dance poses, running group","100","83.33333333333333","-16.666666666666675","2037","2028","67572","65546","stop"
"conv-48:86","conv-48","86","1","What gifts has Deborah received?","an appreciate letter from her community, a flower bouqet from her friend, a motivational quote from a friend","bouquet of flowers, note","bouquet of flowers, note","8.333333333333332","8.333333333333332","0","2035","2031","67572","65546","stop"
"conv-48:87","conv-48","87","1","Which countries has Deborah traveled to?","Thailand, Brazil","Bali, Rio de Janeiro","Bali, Rio de Janeiro, Phuket","0","0","0","1977","2046","67572","65546","stop"
"conv-48:88","conv-48","88","1","What activities does Deborah pursue besides practicing and teaching yoga?","biking, going to art shows, running, organizing workshops to practice mindfulness and self-care, surfing, gardening","running, meditation, self-reflection, surfing","meditation, running, walks, organizing workshops and events, playing the cat card game","33.33333333333333","24.074074074074073","-9.25925925925926","2013","2047","67572","65546","stop"
"conv-48:89","conv-48","89","4","What are the names of Jolene's snakes?","Susie, Seraphim","Susie, Seraphim","Susie, Seraphim","100","100","0","2012","2030","67572","65546","stop"
"conv-48:90","conv-48","90","4","What are Jolene's favorite books?","Sapiens, Avalanche by Neal Stephenson","""Sapiens""","""Sapiens""","33.33333333333333","33.33333333333333","0","2031","2035","67572","65546","stop"
"conv-48:91","conv-48","91","4","What music pieces does Deborah listen to during her yoga practice?","Savana, Sleep","""Savana"", Nils Frahm, Olafur Arnalds, 'Sleep'","""Savana"", ""Sleep""","50","100","50","2030","2035","67572","65546","stop"
"conv-48:92","conv-48","92","4","What games does Jolene recommend for Deborah?","Zelda BOTW for Switch , Animal Crossing: New Horizons, Overcooked 2","Zelda BOTW for Switch, Animal Crossing: New Horizons","Overcooked 2","88.88888888888889","33.33333333333333","-55.55555555555556","2005","2028","67572","65546","stop"
"conv-48:93","conv-48","93","4","What projects is Jolene planning for next year?","developing renewable energy finding ways to supply clean water to those with limited access","unknown","unknown","0","0","0","2001","2032","67572","65546","stop"
"conv-48:94","conv-48","94","4","Where did Deborah get her cats?","Luna is from the shelter and Max is her mother's cat","shelter, mother","shelter, mother","36.36363636363637","36.36363636363637","0","2042","2048","67572","65546","stop"
"conv-48:95","conv-48","95","4","How old are Deborah's cats?","Max is 8 years old and Luna is 5 years old","Max is 8 years old, Luna is 5 years old","Max is 8 years old, Luna is 5 years old","100","100","0","2000","2035","67572","65546","stop"
"conv-48:96","conv-48","96","4","What was Jolene doing with her partner in Rio de Janeiro?","they went on excursions, checked out some cool yoga classes, visited a lot of delicious cafes, visited an old temple","yoga classes","yoga classes","20","20","0","2037","2024","67572","65546","stop"
"conv-48:97","conv-48","97","4","Have Deborah and Jolene been to Rio de Janeiro?","yes","Yes","Yes, Jolene went in August 2023 and Deborah went in 2020.","100","18.181818181818183","-81.81818181818181","1997","2028","67572","65546","stop"
"conv-48:98","conv-48","98","4","When did Jolene's parents give her first console?","when she was 10","When Jolene was 10","when she was 10 years old","75","80","5.000000000000004","2042","2025","67572","65546","stop"
"conv-48:99","conv-48","99","4","What do Deborah and Jolene plan to try when they meet in a new cafe?","coffee and fresh pastries","fresh pastries","fresh pastries","80","80","0","2007","2048","67572","65546","stop"
"conv-48:100","conv-48","100","4","What project did Jolene finish last week before 23 January, 2023?","an electrical engineering project","electrical engineering project","electrical engineering project","100","100","0","2028","2040","67572","65546","stop"
"conv-48:101","conv-48","101","4","When did Jolene buy her pet snake?","A year ago","2022","2022","0","0","0","2032","2043","67572","65546","stop"
"conv-48:102","conv-48","102","4","What project was Jolene working on as of 1 February, 2023?","Robotics project","robotics project","robotics project","100","100","0","2040","2048","67572","65546","stop"
"conv-48:103","conv-48","103","4","Where did Deborah meet her new neighbor Anna?","yoga in the park","yoga in the park","yoga in the park","100","100","0","2047","2041","67572","65546","stop"
"conv-48:104","conv-48","104","4","What activity did Jolene and her partner plan to do together instead of resuming yoga?","play the console","play the console","play the console","100","100","0","2043","2046","67572","65546","stop"
"conv-48:105","conv-48","105","4","What milestone did Jolene achieve recently on 4 February, 2023?","Design and build a sustainable water purifier for a rural community","designing and building a sustainable water purifier for a rural community","designing and building a sustainable water purifier for a rural community","100","100","0","2024","2047","67572","65546","stop"
"conv-48:106","conv-48","106","4","What is Jolene's favorite book which she mentioned on 4 February, 2023?","""Sapiens""","Sapiens","Sapiens","100","100","0","2037","2026","67572","65546","stop"
"conv-48:107","conv-48","107","4","What does Deborah bring with her whenever she comes to reflect on her mom?","amulet","an amulet","an amulet","100","100","0","2015","2030","67572","65546","stop"
"conv-48:108","conv-48","108","4","What new outlook did Jolene gain after her mini retreat on 9 February, 2023?","A confidence boost","A new outlook that she achieved more than she imagined and that it was a real confidence boost.","assess where I'm at in life","23.52941176470588","0","-23.52941176470588","2031","2047","67572","65546","stop"
"conv-48:109","conv-48","109","4","What cool stuff did Jolene accomplish at the retreat on 9 February, 2023?","Came up with neat solutions for her engineering project","She came up with some neat solutions for her engineering project.","neat solutions for her engineering project","90","80","-9.999999999999998","2007","2028","67572","65546","stop"
"conv-48:110","conv-48","110","4","What idea did Jolene have to help underprivileged kids learn about STEM subjects on 9 February, 2023?","A volunteer program where engineers teach STEM to underprivileged kids","a volunteer program where engineers teach STEM to underprivileged kids","a volunteer program where engineers teach STEM to underprivileged kids","100","100","0","1952","2043","67572","65546","stop"
"conv-48:111","conv-48","111","4","How does Jolene plan to involve local engineers in her idea of teaching STEM to underprivileged kids?","As guest speakers for workshops","as guest speakers","Invite engineers as guest speakers to show kids their career options.","75","37.5","-37.5","2002","2027","67572","65546","stop"
"conv-48:112","conv-48","112","4","What gave Deborah peace in the garden she visited?","Roses and dahlias","roses and dahlias","roses and dahlias","100","100","0","2035","2044","67572","65546","stop"
"conv-48:113","conv-48","113","4","Why did Deborah spend time in the garden?","to find comfort after losing a friend","to find some comfort after losing a friend","to find some comfort after losing a friend","92.3076923076923","92.3076923076923","0","2045","2047","67572","65546","stop"
"conv-48:114","conv-48","114","4","How did Jolene and her partner initially meet?","In an engineering class in college","engineering class in college","engineering class in college","88.88888888888889","88.88888888888889","0","2015","2037","67572","65546","stop"
"conv-48:115","conv-48","115","4","What activity does Deborah incorporate into her daily routine after going for a morning jog in the park?","spending time with loved ones","Exercise","Exercise","0","0","0","1936","2026","67572","65546","stop"
"conv-48:116","conv-48","116","4","According to Jolene, what does exercise help her to feel?","connected to her body","motivated","unknown","0","0","0","2000","2024","67572","65546","stop"
"conv-48:117","conv-48","117","4","What did Deb share a photo of, which brought a smile to Jolene's face?","a yellow coffee cup with a handwritten message","a yellow coffee cup","a yellow coffee cup with a handwritten message","66.66666666666666","100","33.333333333333336","1958","2036","67572","65546","stop"
"conv-48:118","conv-48","118","4","What is one of Jolene's favorite dishes?","lasagna","lasagna","lasagna","100","100","0","2036","2042","67572","65546","stop"
"conv-48:119","conv-48","119","4","What picture did Jolene share related to feeling overwhelmed?","a photo of a desk with a notebook and a computer monitor","a photo of two notebooks with blue covers and white strips","a photo of a desk with a notebook and a computer monitor","50","100","50","1999","2028","67572","65546","stop"
"conv-48:120","conv-48","120","4","What did Jolene and Deb discuss as a helpful strategy for studying and time management?","breaking tasks into smaller pieces and setting goals, using planners or schedulers","bullet journal","bullet journal","0","0","0","2027","2048","67572","65546","stop"
"conv-48:121","conv-48","121","4","What did Jolene ask Deb to help with on 13 March, 2023?","time management","time management","time management","100","100","0","2010","2047","67572","65546","stop"
"conv-48:122","conv-48","122","4","What method does Deb suggest Jolene to try for organizing tasks based on importance and urgency?","The Eisenhower Matrix","Eisenhower Matrix","Eisenhower Matrix","100","100","0","2043","2030","67572","65546","stop"
"conv-48:123","conv-48","123","4","What did Jolene and Anna discuss while watching the sunset by the sea?","They realized they inspire each other","that they inspire each other","They inspire each other","72.72727272727273","80","7.272727272727275","2035","2041","67572","65546","stop"
"conv-48:124","conv-48","124","4","How does Jolene plan to pursue her dream of learning to surf?","gathering information, watching videos, getting a beginners' guide","Gathering information, watching videos, obtaining a beginners' guide, and finding the right time and place to get a lesson.","Gathering information, watching videos, getting a beginners' guide, and finding the right time and place to get a lesson.","66.66666666666666","66.66666666666666","0","2040","2040","67572","65546","stop"
"conv-48:125","conv-48","125","4","What did Deborah buy to enhance her yoga practice besides the props?","candle","a candle with a sprig of rosemary","a candle","33.33333333333333","100","66.66666666666667","2047","2025","67572","65546","stop"
"conv-48:126","conv-48","126","4","What type of music does Deborah find helpful during her yoga practice?","instrumental tracks with mellow melodies and rhythms","Instrumental tracks with mellow melodies and rhythms","instrumental tracks with mellow melodies and rhythms","100","100","0","2031","2045","67572","65546","stop"
"conv-48:127","conv-48","127","4","Who are the musicians mentioned by Jolene that she enjoys listening to during her yoga practice?","Nils Frahm and Olafur Arnalds","Nils Frahm, Olafur Arnalds","Nils Frahm, Olafur Arnalds","100","100","0","2029","2045","67572","65546","stop"
"conv-48:128","conv-48","128","4","What album does Deborah recommend for meditation and deep relaxation?","'Sleep'","Sleep","Sleep","100","100","0","2002","2048","67572","65546","stop"
"conv-48:129","conv-48","129","4","Which show did Deborah go to with a friend on 9 April, 2023?","an art show","art show","art show","100","100","0","2047","2047","67572","65546","stop"
"conv-48:130","conv-48","130","4","What does Deborah find comforting about going to art shows?","It makes her feel like she's still experiencing it with her mom","It's like we're still experiencing it together even though she's gone.","It's like her mom is still experiencing it together with her even though she's gone.","52.17391304347826","74.07407407407408","21.90016103059581","2011","2042","67572","65546","stop"
"conv-48:131","conv-48","131","4","How does Jolene describe the time spent with her snakes and partner?","Valuable and relaxing","valuable, teaches me to take time and be in tune with myself, great way for me to relax","valuable, teaches me to take time and be in tune with myself, brings us closer together","21.052631578947366","11.76470588235294","-9.287925696594426","2038","2037","67572","65546","stop"
"conv-48:132","conv-48","132","4","What does Jolene enjoy doing with her partner after a long day?","Playing video games","playing video games","playing video games","100","100","0","2032","2046","67572","65546","stop"
"conv-48:133","conv-48","133","4","What is Jolene currently doing in June 2023?","interning at a well-known engineering firm","interning at a well-known engineering firm","interning at a well-known engineering firm","100","100","0","1983","2048","67572","65546","stop"
"conv-48:134","conv-48","134","4","For how long has Jolene had Seraphim as a pet?","one year","unknown","unknown","0","0","0","1992","2048","67572","65546","stop"
"conv-48:135","conv-48","135","4","How does Jolene feel when spending time with Seraphim?","comforted","amazing, works wonders for the soul, cheers her up, brings a sense of peace, comforting","comforting, peace, joy, love, gratitude","14.285714285714285","33.33333333333333","19.047619047619047","2007","2046","67572","65546","stop"
"conv-48:136","conv-48","136","4","Which new yoga pose did Deborah share a photo of?","tree pose","Dancer Pose (Natarajasana), tree pose","Dancer Pose (Natarajasana), Warrior II, tree pose","57.14285714285714","44.44444444444444","-12.698412698412698","2047","2043","67572","65546","stop"
"conv-48:137","conv-48","137","4","What group activity did Deborah start with Anna?","running group","running group","running group","100","100","0","2033","2033","67572","65546","stop"
"conv-48:138","conv-48","138","4","What made being part of the running group easy for Deborah to stay motivated?","helping and pushing each other during runs","We help and push each other during our runs","We help and push each other during our runs","85.71428571428571","85.71428571428571","0","2037","2031","67572","65546","stop"
"conv-48:139","conv-48","139","4","Why did Jolene decide to get a snake as a pet?","fascinated by reptiles and it felt like the perfect pet","She was fascinated by reptiles.","She was fascinated by reptiles.","46.15384615384615","46.15384615384615","0","2008","2041","67572","65546","stop"
"conv-48:140","conv-48","140","4","What is the favorite game Jolene plays with her partner?","It takes two","It takes two","It takes two, Overcooked 2","100","75","-25","1969","2028","67572","65546","stop"
"conv-48:141","conv-48","141","4","What activity does Deborah do with her cats?","take them out for a run in the park every morning and evening","take them out for a run in the park","takes them out for a run in the park","82.35294117647058","82.35294117647058","0","1990","2033","67572","65546","stop"
"conv-48:142","conv-48","142","4","How does Jolene describe the feeling of finding her snake snuggled under the bed after it got out?","It really showed how much she loves her.","so much love and gratitude","so much love and gratitude","33.33333333333333","33.33333333333333","0","2048","2046","67572","65546","stop"
"conv-48:143","conv-48","143","4","Why does Deborah take her cats out for a run in the park every day?","Exercise and nature are important to her","Exercise and nature are really important to her","Exercise and nature are really important to her.","92.3076923076923","92.3076923076923","0","2027","2047","67572","65546","stop"
"conv-48:144","conv-48","144","4","How did Jolene come to have her pet, Susie?","She adopted her two years ago when feeling lonely.","adopted","She adopted her approximately 2021.","20","42.857142857142854","22.857142857142854","1955","2025","67572","65546","stop"
"conv-48:145","conv-48","145","4","What activities have been helping Jolene stay distracted during tough times?","Video games and spending time with her pet, Susie","pets, video games","Pets, video games","54.54545454545454","54.54545454545454","0","2035","2026","67572","65546","stop"
"conv-48:146","conv-48","146","4","What kind of yoga routine does Deborah recommend to Jolene?","A gentle flow routine focused on breathing and grounding","gentle flow","mindful breathing","44.44444444444444","22.22222222222222","-22.22222222222222","2029","2030","67572","65546","stop"
"conv-48:147","conv-48","147","4","What did Jolene design inspired by their love for space and engines?","Notebooks","notebooks","notebooks","100","100","0","1996","2046","67572","65546","stop"
"conv-48:148","conv-48","148","4","What journal has Jolene been using to help track tasks and stay organized?","bullet journal","bullet journal","bullet journal","100","100","0","1941","2026","67572","65546","stop"
"conv-48:149","conv-48","149","4","What game did Jolene recommend for being calming and cute?","Animal Crossing: New Horizons","Animal Crossing: New Horizons","Animal Crossing: New Horizons","100","100","0","2042","2037","67572","65546","stop"
"conv-48:150","conv-48","150","4","What game did Jolene suggest as an awesome open-world game for the Nintendo Switch?","Zelda BOTW","Zelda BOTW","Zelda BOTW","100","100","0","1967","2041","67572","65546","stop"
"conv-48:151","conv-48","151","4","What did Deborah and her husband use to play to bond and make memories?","video games","detective games","detective games","50","50","0","2004","2027","67572","65546","stop"
"conv-48:152","conv-48","152","4","What is special about the bench at the park near Deborah's house?","It holds special memories of conversations with her mom","It holds special memories of Deborah and her mom, where they used to chat about dreams and life.","It holds special memories for Deborah and her mom, where they used to chat about dreams and life.","56.00000000000001","48","-8.000000000000007","2039","2043","67572","65546","stop"
"conv-48:153","conv-48","153","4","What did Deborah and her mom chat about at their special bench in the park?","dreams and life","dreams and life","dreams and life","100","100","0","2027","2043","67572","65546","stop"
"conv-48:154","conv-48","154","4","What feeling does Deborah get when she thinks about the time spent with her mom at their special spot?","peace and gratitude","peace and gratitude","peace and gratitude","100","100","0","2012","2048","67572","65546","stop"
"conv-48:155","conv-48","155","4","What habits does Jolene practice to feel balanced?","yoga, meditation, walks, and mindfulness","yoga, meditation","yoga, meditation","66.66666666666666","66.66666666666666","0","2009","2041","67572","65546","stop"
"conv-48:156","conv-48","156","4","Which yoga pose is Jolene a fan of for rest and calmness?","savasana (the corpse pose)","savasana","savasana","50","50","0","2003","2032","67572","65546","stop"
"conv-48:157","conv-48","157","4","How long has Jolene been doing yoga?","3 years","about 3 years","about 3 years","80","80","0","2028","2048","67572","65546","stop"
"conv-48:158","conv-48","158","4","What did Jolene participate in recently that provided her with a rewarding experience?","presenting at a virtual conference","presenting at a virtual conference","virtual conference","100","66.66666666666666","-33.333333333333336","2013","2036","67572","65546","stop"
"conv-48:159","conv-48","159","4","How did Jolene feel after receiving positive feedback at the virtual conference?","thrilled and rewarded","thrilled","thrilled","66.66666666666666","66.66666666666666","0","1962","2028","67572","65546","stop"
"conv-48:160","conv-48","160","4","What kind of event did Jolene present at recently?","virtual conference","virtual conference","virtual conference","100","100","0","2047","2042","67572","65546","stop"
"conv-48:161","conv-48","161","4","What did Jolene's mom stress the value of, which she wants to keep in mind for her engineering projects?","Helping others","helping others","helping others","100","100","0","2036","2043","67572","65546","stop"
"conv-48:162","conv-48","162","4","What type of projects is Jolene interested in getting involved in the future?","Sustainable initiatives and developing innovative solutions for environmental issues","developing renewable energy, supplying clean water, sustainable initiatives, environmental solutions, social causes","sustainable initiatives, developing innovative solutions for environmental issues, organizations focusing on social causes, developing renewable energy like solar, supplying clean water to those with limited access","50","47.05882352941176","-2.941176470588236","2028","2044","67572","65546","stop"
"conv-48:163","conv-48","163","4","How did Deborah get Luna, one of her cats?","From the shelter","from the shelter","from the shelter","100","100","0","2044","2030","67572","65546","stop"
"conv-48:164","conv-48","164","4","How old is Max?","8 years old","8 years old","8 years old","100","100","0","2027","2029","67572","65546","stop"
"conv-48:165","conv-48","165","4","What type of classes did Jolene and her partner check out during their trip to Rio de Janeiro on 30 August, 2023?","Yoga classes","yoga","yoga","66.66666666666666","66.66666666666666","0","2040","2048","67572","65546","stop"
"conv-48:166","conv-48","166","4","What type of place does Jolene visit to meditate?","A tranquil spot by a pond","a nearby tranquil spot","a nearby tranquil spot","57.14285714285714","57.14285714285714","0","1969","2047","67572","65546","stop"
"conv-48:167","conv-48","167","4","What was the new plant Jolene got used as a reminder for on 30 August, 2023?","To nurture herself and embrace fresh starts","to nurture herself and embrace fresh starts","to nurture herself and embrace fresh starts","100","100","0","2014","2037","67572","65546","stop"
"conv-48:168","conv-48","168","4","Why did Jolene get the new plant on 30 August, 2023?","As a reminder to nurture herself and embrace fresh starts","to nurture herself and embrace fresh starts","to nurture herself and embrace fresh starts","85.71428571428571","85.71428571428571","0","1959","2047","67572","65546","stop"
"conv-48:169","conv-48","169","4","What has Jolene been focusing on lately besides studying?","relationship with her partner","her relationship with her partner","her relationship with her partner","88.88888888888889","88.88888888888889","0","2014","2026","67572","65546","stop"
"conv-48:170","conv-48","170","4","How did Deborah's mom support her yoga practice when she first started?","attended classes with her","She was her biggest fan and source of motivation, and often came to her yoga classes with her.","She was her biggest fan and source of motivation, and she often came to her classes with her.","30","30","0","2038","2033","67572","65546","stop"
"conv-48:171","conv-48","171","4","What was the video game console that Jolene's parents got her at age 10?","nintendo game console","unknown","Nintendo game console","0","100","100","2026","2048","67572","65546","stop"
"conv-48:172","conv-48","172","4","What was one of Jolene's favorite games to play with her mom on the nintendo wii game system?","Monster Hunter: World","Monster Hunter: World","Monster Hunter: World","100","100","0","2033","2036","67572","65546","stop"
"conv-48:173","conv-48","173","4","What course did Jolene sign up for on 6 September 2023?","meditation","unknown","meditation course","0","66.66666666666666","66.66666666666666","2035","2026","67572","65546","stop"
"conv-48:174","conv-48","174","4","Why did Jolene have to reschedule their meeting with Deborah on September 8, 2023?","Jolene already had plans","Deborah already had plans for that day","Deborah already has plans for Wednesday","54.54545454545454","40","-14.54545454545454","2043","2046","67572","65546","stop"
"conv-48:175","conv-48","175","4","Where did Jolene and her partner travel for a few weeks in September 2023?","Phuket","unknown","Phuket","0","100","100","1957","2045","67572","65546","stop"
"conv-48:176","conv-48","176","4","What was the main focus of the session that stood out to Jolene during the retreat?","releasing expectations and judgments and savoring the present","releasing expectations and judgments and just savoring the present","Releasing expectations and judgments and just savoring the present.","90.9090909090909","90.9090909090909","0","2027","2031","67572","65546","stop"
"conv-48:177","conv-48","177","4","How did Jolene feel about her progress in practicing mindfulness and gratitude?","experiencing a new level of joy and happiness","Jolene is experiencing a new level of joy and happiness.","Jolene is experiencing a new level of joy and happiness.","85.71428571428571","85.71428571428571","0","1973","2027","67572","65546","stop"
"conv-48:178","conv-48","178","4","What positive change did Jolene experience during the retreat?","finding inner peace","new outlook, confidence boost, joy and happiness","new outlook, confidence boost, achieved more than imagined, accomplished something with engineering project","0","0","0","1978","2046","67572","65546","stop"
"conv-48:179","conv-48","179","4","What did Jolene recently play that she described to Deb?","a card game about cats","Walking Dead","Walking Dead","0","0","0","2039","2027","67572","65546","stop"
"conv-48:180","conv-48","180","4","What did Deborah do with their mom's old friends?","reminisced and looked through photos","reconnected with them, reminisced, and looked through her photos","reconnected with them, reminisced, and looked through her photos","66.66666666666666","66.66666666666666","0","2023","2043","67572","65546","stop"
"conv-48:181","conv-48","181","4","Where did Deborah get married?","on the beach","a beach","a beach","66.66666666666666","66.66666666666666","0","1972","2029","67572","65546","stop"
"conv-48:182","conv-48","182","4","What does yoga on the beach provide for Deborah?","a peaceful atmosphere","peace, joy, relaxation, and a super relaxing atmosphere","peace, joy, relaxation, and a super relaxing atmosphere","50","50","0","1975","2030","67572","65546","stop"
"conv-48:183","conv-48","183","4","How does Jolene describe their home room?","little haven for peace and rest","a little haven for peace and rest","a haven for peace and rest","100","88.88888888888889","-11.111111111111116","2007","2048","67572","65546","stop"
"conv-48:184","conv-48","184","4","What new activity did Deborah and her neighbor organize for the community on 16 September, 2023?","Free gardening class","free gardening class","free gardening class","100","100","0","1965","2046","67572","65546","stop"
"conv-48:185","conv-48","185","4","What was Deborah's mom passionate about?","Cooking","cooking, flowers, reading books","cooking, art, travel","40","50","9.999999999999998","2019","2045","67572","65546","stop"
"conv-48:186","conv-48","186","4","What food did Deborah's mom make for her on birthdays?","Pineapple cakes","pineapple birthday cakes","pineapple birthday cakes","80","80","0","2026","2046","67572","65546","stop"
"conv-48:187","conv-48","187","4","What kind of cookies did Jolene used to bake with someone close to her?","Chocolate chip cookies","chocolate chip","chocolate chip","80","80","0","2037","2022","67572","65546","stop"
"conv-48:188","conv-48","188","4","What outdoor activity did Jolene suggest doing together with Deborah?","Surfing","watch the sunrise","visiting a hidden gem lake spot","0","0","0","2030","2035","67572","65546","stop"
"conv-48:189","conv-48","189","4","What activity did Deborah enjoy at the music festival with their pals on September 20, 2023?","Dancing and bopping around","dancing and bop around","dancing and bopping around","100","100","0","2036","2034","67572","65546","stop"
"conv-48:190","conv-48","190","4","What did Deborah find freeing at the music festival?","Dancing and bopping around","It was so freeing to dance and bop around.","to dance and bop around","54.54545454545454","85.71428571428571","31.16883116883117","2029","2028","67572","65546","stop"
"conv-49:0","conv-49","0","1","What kind of car does Evan drive?","Prius","Prius","Prius","100","100","0","1963","2030","54678","53060","stop"
"conv-49:1","conv-49","1","1","What kinds of things did Evan have broken?","His old Prius and his new Prius.","Prius, self-checkout machines","self-checkout machines","28.57142857142857","0","-28.57142857142857","2047","2040","54678","53060","stop"
"conv-49:2","conv-49","2","1","Where has Evan been on roadtrips with his family?","Rockies, Jasper","Banff, Rockies, Jasper","Jasper, the Rockies, Banff","100","100","0","2012","2034","54678","53060","stop"
"conv-49:3","conv-49","3","1","How many Prius has Evan owned?","two","2","2","0","0","0","1988","2036","54678","53060","stop"
"conv-49:4","conv-49","4","2","Which hobby did Sam take up in May 2023?","painting","unknown","unknown","0","0","0","2035","2036","54678","53060","stop"
"conv-49:5","conv-49","5","3","Which country was Evan visiting in May 2023?","Canada","Canada","Canada","100","100","0","2025","2041","54678","53060","stop"
"conv-49:6","conv-49","6","1","How many roadtrips did Evan take in May 2023?","two","2","1","0","0","0","2010","2030","54678","53060","stop"
"conv-49:7","conv-49","7","1","What new hobbies did Sam consider trying?","Painting, kayaking, hiking, cooking, running","painting, something different outdoors","painting","20","20","0","2008","2044","54678","53060","stop"
"conv-49:8","conv-49","8","1","What hobby did Evan start practicing a few years ago that he enjoys?","Watercolor painting","watercolor painting","watercolor painting","100","100","0","2048","2044","54678","53060","stop"
"conv-49:9","conv-49","9","2","When did Evan go to Jasper with his family?","weekend before May 24, 2023","Last weekend (relative to 24 May 2023)","Last weekend (relative to 24 May 2023)","66.66666666666666","66.66666666666666","0","2016","2047","54678","53060","stop"
"conv-49:10","conv-49","10","3","Which type of vacation would Evan prefer with his family, walking tours in metropolitan cities or camping trip in the outdoors?","camping trip in the outdoors","Camping trip in the outdoors","Camping trip in the outdoors","100","100","0","2032","2048","54678","53060","stop"
"conv-49:11","conv-49","11","1","What health issue did Sam face that motivated him to change his lifestyle?","Weight problem","gastritis","weight","0","66.66666666666666","66.66666666666666","1976","2044","54678","53060","stop"
"conv-49:12","conv-49","12","2","When did Sam first go to the doctor and find out he had a weight problem?","A few days before May 24, 2023.","8 October 2023","15 August 2023","22.22222222222222","22.22222222222222","0","1967","2026","54678","53060","stop"
"conv-49:13","conv-49","13","2","When did Evan have his sudden heart palpitation incident that really shocked him up?","first week of June 2023","29 May 2023 to 4 June 2023","29 May 2023 to 4 June 2023","33.33333333333333","33.33333333333333","0","2006","2028","54678","53060","stop"
"conv-49:14","conv-49","14","1","What is Evan's favorite food?","Ginger snaps","unknown","unknown","0","0","0","1973","2046","54678","53060","stop"
"conv-49:15","conv-49","15","1","What kind of unhealthy snacks does Sam enjoy eating?","soda, candy","soda, candy, unhealthy snacks","soda, candy, unhealthy snacks","100","100","0","2021","2026","54678","53060","stop"
"conv-49:16","conv-49","16","1","What recurring issue frustrates Sam at the grocery store?","Malfunctioning self-checkout machines.","issues with the self-checkout","broken self-checkout machines","33.33333333333333","66.66666666666666","33.33333333333333","2044","2037","54678","53060","stop"
"conv-49:17","conv-49","17","2","When did Sam's friends mock him for being overweight?","Friday before 27 July 2023","Friday, 27 July, 2023","Friday, 27 July, 2023","88.88888888888889","88.88888888888889","0","2027","2043","54678","53060","stop"
"conv-49:18","conv-49","18","1","What kind of healthy food suggestions has Evan given to Sam?","flavored seltzer water, dark chocolate with high cocoa content, air-popped popcorn and fruit, veggies, healthy sandwich snacks, energy balls, grilled chicken salad with avocado","flavored seltzer with some air-popped popcorn or fruit","flavored seltzer, air-popped popcorn, fruit","17.225631511345796","22.857142857142858","5.631511345797064","1995","2047","54678","53060","stop"
"conv-49:19","conv-49","19","3","Considering their conversations and personal growth, what advice might Evan and Sam give to someone facing a major life transition or challenge?","Evan and Sam would likely advise embracing small, consistent changes​​, finding stress-relieving activities like hiking​​, painting, and road trips​​, and the importance of friendship and support in navigating challenges​​.","Stay positive, keep going, stay consistent, don't give up, find someone to talk to, set goals, find an exercise you enjoy, get a buddy for accountability, and know that support is there.","Stay positive, take small steps, stay consistent, don't give up, embrace the journey, find what works for you, and surround yourself with supportive people.","11.320754716981133","21.73913043478261","10.418375717801476","2027","2039","54678","53060","stop"
"conv-49:20","conv-49","20","3","In light of the health and dietary changes discussed, what would be an appropriate gift for both Evan and Sam to encourage their healthy lifestyles?","a cookbook with healthy recipes or a subscription to a healthy meal delivery service.","unknown","Gym membership card","0","0","0","2009","2026","54678","53060","stop"
"conv-49:21","conv-49","21","1","How does Evan describe the woman and his feelings for her that he met in Canada?","He says she's cool, incredible, like something out of a movie, and that he feels alive around her. Every moment with her is fun and energetic, also Evan feels really lucky to have someone who gets him.","awesome, incredible, makes me feel alive, great, fun, energizing","awesome Canadian woman, incredible, makes him feel alive, love at first sight","27.372549019607845","30.039215686274513","2.666666666666667","1944","2046","54678","53060","stop"
"conv-49:22","conv-49","22","2","When Evan did meet his future wife?","week before August 7, 2023.","unknown","unknown","0","0","0","2044","2032","54678","53060","stop"
"conv-49:23","conv-49","23","2","When did Sam start working out at the gym?","July 28, 2023","28 July 2023","28 July 2023","100","100","0","2045","2028","54678","53060","stop"
"conv-49:24","conv-49","24","2","What significant event happened in Sam's life towards the end of summer 2023?","He fell in love with a Canadian woman","unknown","Sam was mocked by friends regarding his weight on Friday, 27 July, 2023.","0","0","0","2038","2044","54678","53060","stop"
"conv-49:25","conv-49","25","2","Which year did Evan start taking care of his health seriously?","2021","2021","2021","100","100","0","1960","2040","54678","53060","stop"
"conv-49:26","conv-49","26","1","What motivates Evan to take care of his health?","family, fitness tracker, thirst for adventure on interesting hikes","taking care of the bonsai tree, a thirst for adventure on interesting hikes","thirst for adventure on interesting hikes, fitness routines, taking care of the bonsai tree, family, fitness watch","33.33333333333333","83.33333333333334","50","1974","2044","54678","53060","stop"
"conv-49:27","conv-49","27","3","What electronic device could Evan gift Sam to help him keep up with his fitness goals?","fitness tracker","unknown","unknown","0","0","0","1971","2047","54678","53060","stop"
"conv-49:28","conv-49","28","1","What kind of writing does Sam do to relax and cope with his health issues?","journalling, creative writing","journal, creative writing","journal, creative writing","100","100","0","2045","2045","54678","53060","stop"
"conv-49:29","conv-49","29","1","Who did Evan meet on his trip to Canada, and who did he come back from Canada with?","Evan met the woman he fell in love with and returned with her.","Canadian woman, new significant other","Canadian woman, new significant other","15.384615384615385","15.384615384615385","0","2013","2038","54678","53060","stop"
"conv-49:30","conv-49","30","2","When Evan get back from a vacation with his SO?","August 13, 2023","unknown","13 August 2023","0","100","100","2012","2048","54678","53060","stop"
"conv-49:31","conv-49","31","3","How might Evan and Sam's experiences with health and lifestyle changes influence their approach to stress and challenges?","Their experiences likely lead them to view challenges as opportunities for growth and change. They both have embraced healthier lifestyles, indicating a proactive approach to managing stress and challenges.","unknown","unknown","0","0","0","2028","2048","54678","53060","stop"
"conv-49:32","conv-49","32","1","What recurring frustration does Evan experience?","Evan consistently misplaces his keys every week.","unknown","unknown","0","0","0","2043","2028","54678","53060","stop"
"conv-49:33","conv-49","33","1","What is the recurring dream that Sam keeps having?","he's flying over a cityscape.","flying over skyscrapers","flying over skyscrapers","57.14285714285714","57.14285714285714","0","1952","2044","54678","53060","stop"
"conv-49:34","conv-49","34","1","What accidents has Evan's son faced lately?","injured at a soccer game, fell off his bike","bike accident, soccer accident","soccer accident, bike accident","33.33333333333333","33.33333333333333","0","2042","2039","54678","53060","stop"
"conv-49:35","conv-49","35","2","When was Evan's son injured at soccer?","Saturday before August 15, 2023.","Last Saturday (15 August 2023)","14 August 2023","80","50","-30.000000000000004","2011","2042","54678","53060","stop"
"conv-49:36","conv-49","36","1","What kind of foods or recipes has Sam recommended to Evan?","grilled vegetables, grilled chicken and veggie stir-fry, poutine","grilled dish with salmon and vegetables, roasted vegetable recipe, grilled chicken and veggie stir-fry, yoga","grilled dish, roasted veg recipe, grilled chicken and veggie stir-fry","52.38095238095239","50","-2.3809523809523836","1940","2040","54678","53060","stop"
"conv-49:37","conv-49","37","1","What kind of healthy meals did Sam start eating after getting a health scare?","salad, grilled salmon and vegetables, grilled chicken and veggie stir-fry, Beef Merlot, fruit bowl, smoothie bowl","grilled chicken and veggie stir-fry","grilled chicken and veggie stir-fry, grilled salmon with vegetables","21.428571428571427","30.952380952380953","9.523809523809526","1941","2048","54678","53060","stop"
"conv-49:38","conv-49","38","3","What role does nature and the outdoors play in Evan and Sam's mental well-being?","Nature and outdoor activities seem to be significant stress relievers and sources of joy for both Evan and Sam. These activities likely contribute positively to their mental well-being.","Nature acts as a calming, rejuvenating, and peaceful force that serves as a ""reset button"" for their minds and bodies, helping them relax, revive their souls, and find joy.","Nature and the outdoors play a calming, rejuvenating, and peace-bringing role for both Evan and Sam, acting as a reset button for their minds and bodies, helping them relax, get fresh air away from the city, and find joy even during tough times.","16.3265306122449","27.11864406779661","10.792113455551714","1991","2033","54678","53060","stop"
"conv-49:39","conv-49","39","2","How many months lapsed between Sam's first and second doctor's appointment?","three months","5","10","0","0","0","1983","2047","54678","53060","stop"
"conv-49:40","conv-49","40","2","When did Evan start taking painting classes?","Few days before 19 August, 2023.","a few days ago","a few days ago (relative to 19 August 2023)","44.44444444444444","71.42857142857143","26.984126984126988","1990","2048","54678","53060","stop"
"conv-49:41","conv-49","41","2","Which classes did Evan join in mid-August 2023?","painting classes","painting classes","painting classes","100","100","0","2036","2034","54678","53060","stop"
"conv-49:42","conv-49","42","1","How did Evan get into painting?","His friend got him into it by gifting him a painting and giving him some advice. The painting inspired Evan.","A friend gave him a painting","A friend gave him a painting","28.57142857142857","28.57142857142857","0","2032","2048","54678","53060","stop"
"conv-49:43","conv-49","43","3","How often does Sam get health checkups?","every three months","unknown","unknown","0","0","0","2034","2026","54678","53060","stop"
"conv-49:44","conv-49","44","1","What kind of subjects does Evan enjoy painting?","nature landscapes, portraits, abstract minimalism","landscapes","landscapes","22.22222222222222","22.22222222222222","0","2018","2033","54678","53060","stop"
"conv-49:45","conv-49","45","2","Which places in Canada was Evan visiting in July 2023?","Banff, Rocky Mountains","Rocky Mountains","Banff, Rocky Mountains, Jasper","80","85.71428571428571","5.714285714285705","2029","2045","54678","53060","stop"
"conv-49:46","conv-49","46","3","How do Evan and Sam use creative outlets to cope with life's challenges?","Evan and Sam use creative activities, like painting and writing, as therapeutic tools to express themselves and cope with stress.","Writing in journals, doing creative writing, painting, and running.","Writing in journals, creative writing, art, and running.","24","16.666666666666664","-7.333333333333333","2044","2035","54678","53060","stop"
"conv-49:47","conv-49","47","2","When did Evan go skiing in Banff?","July 2023","July 2023","July 2023","100","100","0","2040","2047","54678","53060","stop"
"conv-49:48","conv-49","48","1","What new diet and lifestyle change did Sam adopt over time?","Healthy eating, exercise routine, running, hiking","adopting a more nutritious diet and start getting regular exercise","reducing soda and candy intake, eating more veggies and fruit, cutting down on sugary snacks, adopting a balanced diet, and starting low-impact exercises","5","18.333333333333336","13.333333333333336","2037","2043","54678","53060","stop"
"conv-49:49","conv-49","49","1","Who was injured in Evan's family?","Evan's son and Evan himself","unknown","Evan's son","0","66.66666666666666","66.66666666666666","1990","2030","54678","53060","stop"
"conv-49:50","conv-49","50","1","What kind of hobbies does Evan pursue?","painting, hiking, reading books, biking, skiing, snowboarding, ice skating, swimming, camping, kayaking","painting, hiking","hiking, watercolor painting","20","16.666666666666664","-3.3333333333333353","1947","2038","54678","53060","stop"
"conv-49:51","conv-49","51","3","What challenges does Sam face in his quest for a healthier lifestyle, and how does he address them?","Sam faces challenges like maintaining motivation and making dietary changes. He addresses them by enrolling in cooking classes and seeking support from friends like Evan.","Sam faces challenges including confronting health issues, breaking old habits, occasional cravings for sugary drinks and snacks, and health issues feeling like a weight. He addresses them by trying painting as a hobby, sticking to a diet, making healthier food choices, using quotes for motivation, and considering low-impact exercises like yoga and swimming.","Sam faces challenges including weight issues, breaking old habits, occasional cravings for sugary drinks and snacks, stress, boredom, and family pressure. He addresses them by taking the first step, sticking to a diet, reducing soda and candy intake, taking a cooking class, trying painting, getting active, and using motivational quotes.","31.88405797101449","30.303030303030305","-1.5810276679841861","2029","2039","54678","53060","stop"
"conv-49:52","conv-49","52","2","Which activity do Evan and Sam plan on doing together during September 2023?","painting","painting","painting","100","100","0","1985","2048","54678","53060","stop"
"conv-49:53","conv-49","53","2","When did Evan and Sam decide to paint together?","Saturday after 11 September, 2023.","11 September 2023","11 September 2023","75","75","0","2018","2048","54678","53060","stop"
"conv-49:54","conv-49","54","1","What personal health incidents does Evan face in 2023?","heart palpitations, twisted ankle, twisted ankle","sudden heart palpitation incident, health scare, health issues, ankle injury","health issues, health scare, knee injury","55.55555555555555","0","-55.55555555555555","2019","2029","54678","53060","stop"
"conv-49:55","conv-49","55","1","What recurring adventure does Evan have with strangers?","Helping lost tourists and experiencing unexpected adventures in the city.","Helping a lost tourist find their way","Helping a lost tourist","42.857142857142854","54.54545454545454","11.688311688311687","2047","2033","54678","53060","stop"
"conv-49:56","conv-49","56","1","What is Sam's persistent problem with his phone?","His new phone malfunctioning, particularly with the navigation app.","navigation app malfunctioning","navigation app malfunctioning","42.857142857142854","42.857142857142854","0","2041","2029","54678","53060","stop"
"conv-49:57","conv-49","57","3","Which US state was Sam travelling in during October 2023?","California","unknown","Nevada","0","0","0","2048","2048","54678","53060","stop"
"conv-49:58","conv-49","58","2","When did Evan start lifting weights?","October 2022","2022","2022","66.66666666666666","66.66666666666666","0","2006","2039","54678","53060","stop"
"conv-49:59","conv-49","59","2","When did Sam and his friend decide to try kayaking?","October 14, 2023","14 October 2023","14 October 2023","100","100","0","1962","2025","54678","53060","stop"
"conv-49:60","conv-49","60","2","Which new activity does Sam take up in October 2023?","kayaking","unknown","Running","0","0","0","1974","2046","54678","53060","stop"
"conv-49:61","conv-49","61","2","What kind of stress was Sam dealing with in October 2023?","work-related stress","work stress","work stress","50","50","0","1952","2046","54678","53060","stop"
"conv-49:62","conv-49","62","1","What health scares did Sam and Evan experience?","Sam faced a health scare with stomach pains that turned out to be gastritis, prompting him to rethink his health habits. Evan, on the other hand, experienced two separate incidents: a sudden heart palpitation incident and a different event involving a misunderstanding during a medical check-up. These experiences have significantly influenced their perspectives on health and well-being.","Evan: sudden heart palpitation incident, suspicious finding during a check-up; Sam: discomfort limiting movement","Sam: weight was a serious health risk, discomfort limiting movement; Evan: health scare requiring hospital visit, suspicious finding during check-up","12.893772893772892","14.593786697982278","1.7000138042093855","1999","2042","54678","53060","stop"
"conv-49:63","conv-49","63","2","When was Sam in the ER?","weekend before 17 October, 2023.","Last weekend (relative to 17 October 2023)","Last weekend (relative to 17 October 2023)","66.66666666666666","66.66666666666666","0","1959","2040","54678","53060","stop"
"conv-49:64","conv-49","64","1","Which ailment does Sam have to face due to his weight?","gastritis","weight","unknown","0","0","0","2015","2039","54678","53060","stop"
"conv-49:65","conv-49","65","3","Does Evan live close to a beach or mountains?","beach","beach","beach","100","100","0","1979","2048","54678","53060","stop"
"conv-49:66","conv-49","66","2","When did Evan lose his job?","end of October 2023","October 2023","October 2023","66.66666666666666","66.66666666666666","0","2020","2029","54678","53060","stop"
"conv-49:67","conv-49","67","2","When did Evan and Sam planned a trip to the beach together?","December, 2023","9 November 2023","9 November 2023","40","40","0","2002","2034","54678","53060","stop"
"conv-49:68","conv-49","68","2","What was Sam doing on December 4, 2023?","Attending a Weight Watchers meeting","Attended a Weight Watchers meeting","Attended a Weight Watchers meeting","100","100","0","2046","2047","54678","53060","stop"
"conv-49:69","conv-49","69","1","Which two significant life events occur in Evan's life in December 2023 with his partner?","his partner gets pregnant and they get married","Evan got married, Evan's partner is pregnant","Evan fell in love with his wife at first sight, Evan's partner is pregnant","36.36363636363637","36.36363636363637","0","2044","2036","54678","53060","stop"
"conv-49:70","conv-49","70","2","How long did Evan and his partner date before getting married?","four months","unknown","unknown","0","0","0","1985","2042","54678","53060","stop"
"conv-49:71","conv-49","71","3","Which major holiday season conincides with Evan's wedding?","Christmas","December","December","0","0","0","2038","2039","54678","53060","stop"
"conv-49:72","conv-49","72","1","Which activity did Sam resume in December 2023 after a long time?","hiking","painting","hiking","0","100","100","1983","2029","54678","53060","stop"
"conv-49:73","conv-49","73","2","When is Evan planning a big family reunion?","Summer 2024","next summer","next summer","50","50","0","1939","2047","54678","53060","stop"
"conv-49:74","conv-49","74","2","When did Evan's son fall off his bike?","Thursday before December 17, 2023.","16 December 2023","Last Tuesday","50","0","-50","1938","2035","54678","53060","stop"
"conv-49:75","conv-49","75","2","When did Evan announce his marriage to his extended family?","January 5, 2024","January 6, 2024","January 6, 2024","66.66666666666666","66.66666666666666","0","2022","2040","54678","53060","stop"
"conv-49:76","conv-49","76","2","When did Evan finish the painting that's hanging in the exhibit?","few days before 17 December, 2023.","17 December 2023","few days ago (relative to 17 December 2023)","66.66666666666666","71.42857142857143","4.761904761904767","1939","2045","54678","53060","stop"
"conv-49:77","conv-49","77","1","How does Evan spend his time with his bride after the wedding?","family get-together, honeymoon in Canada to see snowy landscapes, ski, taste local cuisine and do some snowshoeing","skiing, trying local cuisine, and enjoying views","skiing, trying local cuisine, and enjoying views","36.11111111111111","36.11111111111111","0","2044","2048","54678","53060","stop"
"conv-49:78","conv-49","78","1","Who did Evan tell about his marriage?","To Sam, to his friends from work, and to his and his wife's families.","extended family, work friends","extended family, work friends","28.57142857142857","28.57142857142857","0","1973","2026","54678","53060","stop"
"conv-49:79","conv-49","79","2","When will Evan and his partner have their honeymoon in Canada?","February 2024","next month","Next month (from January 6, 2024)","0","25","25","1995","2048","54678","53060","stop"
"conv-49:80","conv-49","80","2","When did Evan have a drunken night with his friends?","January 9, 2023","9 January 2024","9 January 2024","66.66666666666666","66.66666666666666","0","1970","2043","54678","53060","stop"
"conv-49:81","conv-49","81","1","What is a stress reliever for Evan?","Drawing, traveling, places with a beautiful view, yoga, sunsets or something comfortable for Evan","painting, going for a drive, yoga, morning walk","painting, going for a drive, yoga, writing, beach sunsets","24.444444444444446","25","0.5555555555555536","2015","2045","54678","53060","stop"
"conv-49:82","conv-49","82","1","What is a stress reliever for Sam?","Unhealthy snacks, sweets, yoga, places with beautiful views","yoga","unknown","25","0","-25","2043","2040","54678","53060","stop"
"conv-49:83","conv-49","83","4","What type of car did Evan get after his old Prius broke down?","new Prius","new Prius","Prius","100","66.66666666666666","-33.333333333333336","2033","2040","54678","53060","stop"
"conv-49:84","conv-49","84","4","How did Evan get into watercolor painting?","friend's advice","His friend","A friend","50","66.66666666666666","16.666666666666664","2024","2043","54678","53060","stop"
"conv-49:85","conv-49","85","4","What did Evan start doing a few years back as a stress-buster?","watercolor painting","watercolor painting","watercolor painting","100","100","0","2003","2048","54678","53060","stop"
"conv-49:86","conv-49","86","4","What advice did Evan give Sam about finding a passion?","keep trying new things until something sparks excitement","Keep trying new things until something sparks your excitement.","Try new things until something sparks excitement.","94.11764705882352","93.33333333333333","-0.7843137254901933","1969","2044","54678","53060","stop"
"conv-49:87","conv-49","87","4","Where did Evan take his family for a road trip on 24 May, 2023?","Jasper","Jasper","Jasper","100","100","0","2021","2045","54678","53060","stop"
"conv-49:88","conv-49","88","4","What did Evan find relaxing about his road trip to Jasper?","fresh air, peacefulness, cozy cabin surrounded by mountains and forests","fresh air, peacefulness, and a cozy cabin surrounded by mountains and forests","fresh air, peacefulness and a cozy cabin surrounded by mountains and forests","100","100","0","2038","2043","54678","53060","stop"
"conv-49:89","conv-49","89","4","What habit is Sam trying to change in terms of diet?","consuming soda and candy","sugary drinks and snacks","soda and candy","0","80","80","2036","2035","54678","53060","stop"
"conv-49:90","conv-49","90","4","What new suggestion did Evan give to Sam regarding his soda and candy consumption?","try flavored seltzer water and dark chocolate with high cocoa content","flavored seltzer water","flavored seltzer water, dark chocolate with high cocoa content","46.15384615384615","94.73684210526315","48.582995951417","2048","2036","54678","53060","stop"
"conv-49:91","conv-49","91","4","What did Sam agree to try instead of soda and candy?","flavored seltzer water and dark chocolate with high cocoa content","flavored seltzer water, dark chocolate with high cocoa content","flavored seltzer water, dark chocolate","100","71.42857142857143","-28.57142857142857","2016","2047","54678","53060","stop"
"conv-49:92","conv-49","92","4","What frustrating issue did Sam face at the supermarket?","broken self-checkout machines","self-checkout machines were all broken","The self-checkout machines were all broken.","75","75","0","2015","2028","54678","53060","stop"
"conv-49:93","conv-49","93","4","What novel is Evan reading that he finds gripping?","The Great Gatsby","The Great Gatsby","The Great Gatsby","100","100","0","1937","2047","54678","53060","stop"
"conv-49:94","conv-49","94","4","What kind of water does Evan suggest Sam try as an alternative to soda?","Flavored seltzer water","flavored seltzer water","flavored seltzer water","100","100","0","1991","2045","54678","53060","stop"
"conv-49:95","conv-49","95","4","What does the smartwatch help Evan with?","tracks progress and serves as a constant reminder to keep going","unknown","tracking his progress","0","33.33333333333333","33.33333333333333","2016","2030","54678","53060","stop"
"conv-49:96","conv-49","96","4","What does the bonsai tree symbolize for Evan?","strength and resilience","strength and resilience","strength and resilience","100","100","0","2016","2036","54678","53060","stop"
"conv-49:97","conv-49","97","4","Why did Evan decide to get the bonsai tree?","motivates him to keep going through tough times","It symbolizes strength and resilience.","It symbolizes strength and resilience.","0","0","0","1957","2047","54678","53060","stop"
"conv-49:98","conv-49","98","4","According to Sam, what is more important than perfection?","progress","progress","progress","100","100","0","2020","2042","54678","53060","stop"
"conv-49:99","conv-49","99","4","What did Evan suggest Sam to check out for insights into his dream?","dream interpretation book","a dream interpretation book","a dream interpretation book","100","100","0","2043","2047","54678","53060","stop"
"conv-49:100","conv-49","100","4","What did Evan mention he had been searching for fruitlessly for half an hour?","his keys","his keys","his keys","100","100","0","1988","2043","54678","53060","stop"
"conv-49:101","conv-49","101","4","What class is Sam taking to learn how to make healthier meals?","cooking class","cooking class","cooking class","100","100","0","2029","2047","54678","53060","stop"
"conv-49:102","conv-49","102","4","What dish did Sam make on 18 August, 2023 that turned out flavorful?","grilled dish with salmon and vegetables","unknown","unknown","0","0","0","2020","2044","54678","53060","stop"
"conv-49:103","conv-49","103","4","What kind of recipe did Evan request from Sam on 19 August, 2023?","recipes with more vegetables","grilled chicken and veggie stir-fry","grilled chicken and veggie stir-fry","0","0","0","2024","2047","54678","53060","stop"
"conv-49:104","conv-49","104","4","What food did Sam share a photo of on 19 August, 2023?","bowl of spinach, avocado, and strawberries","spinach, avocado, and strawberries","grilled chicken and veggie stir-fry","75","0","-75","2005","2036","54678","53060","stop"
"conv-49:105","conv-49","105","4","What type of painting classes did Evan start taking in 2023?","watercolor painting classes","watercolors","watercolors","50","50","0","1947","2028","54678","53060","stop"
"conv-49:106","conv-49","106","4","What did Evan start painting years ago due to being inspired by a friend's gift?","forest scene","painting","painting","0","0","0","1920","2037","54678","53060","stop"
"conv-49:107","conv-49","107","4","What nature concept do watercolor painting classes emphasize according to Evan?","observing nature and painting what is seen","observing nature and painting what is seen","observing nature and painting what we see","100","66.66666666666666","-33.333333333333336","1987","2044","54678","53060","stop"
"conv-49:108","conv-49","108","4","What type of landscapes does Evan love painting the most?","sunsets over the ocean","landscapes","landscapes","0","0","0","2019","2031","54678","53060","stop"
"conv-49:109","conv-49","109","4","What fun activity did Evan mention doing in July 2023?","skiing","skiing","skiing","100","100","0","1992","2040","54678","53060","stop"
"conv-49:110","conv-49","110","4","What injury did Evan suffer from in August 2023?","Twisted knee","knee","knee injury","66.66666666666666","50","-16.666666666666664","1995","2046","54678","53060","stop"
"conv-49:111","conv-49","111","4","What sports activity has Evan been doing to stay active while dealing with the knee injury?","Swimming","swimming, easy exercises","swimming, easy exercises","50","50","0","2045","2046","54678","53060","stop"
"conv-49:112","conv-49","112","4","What suggestion did Sam give to Evan to help with his knee issue?","Consider low-impact exercises or physical therapy","physical therapy","yoga","50","0","-50","2030","2047","54678","53060","stop"
"conv-49:113","conv-49","113","4","What did Evan suggest Sam try as a calming hobby?","Painting","Kayaking","painting","0","100","100","2039","2047","54678","53060","stop"
"conv-49:114","conv-49","114","4","What did Evan recommend Sam acquire to get started with painting?","Acrylic paints, brushes, canvas/paper, palette","acrylic paints, brushes, a canvas/paper, and a palette","acrylic paints, brushes, a canvas/paper, and a palette","100","100","0","2025","2048","54678","53060","stop"
"conv-49:115","conv-49","115","4","What activity does Evan do to keep himself busy while healing his knee?","Watercolor painting","easy exercises, watercolor painting, swimming","watercolor painting, swimming, easy exercises","57.14285714285714","57.14285714285714","0","1944","2032","54678","53060","stop"
"conv-49:116","conv-49","116","4","What painting did Evan share with Sam in October?","a cactus in the desert","sunset painting, cactus painting","cactus painting","28.57142857142857","40","11.428571428571432","2040","2038","54678","53060","stop"
"conv-49:117","conv-49","117","4","What kind of writing does Sam enjoy as a form of expression?","creative writing","writing in her journal and doing creative writing","Journal writing, creative writing","44.44444444444444","66.66666666666666","22.22222222222222","2034","2031","54678","53060","stop"
"conv-49:118","conv-49","118","4","What electronics issue has been frustrating Sam lately?","malfunctioning navigation app on the new phone","broken self-checkout machines","navigation app malfunctioning","0","66.66666666666666","66.66666666666666","2012","2045","54678","53060","stop"
"conv-49:119","conv-49","119","4","What activity did Evan start one year ago?","lifting weights","watercolor painting","lifting weights","0","100","100","2035","2047","54678","53060","stop"
"conv-49:120","conv-49","120","4","What advice did Evan give to Sam to avoid injuries while starting weightlifting?","Find a trainer","Find a trainer who can help you avoid injuries while you build your strength.","Find a trainer who can help you avoid injuries while you build your strength.","26.666666666666668","26.666666666666668","0","2002","2048","54678","53060","stop"
"conv-49:121","conv-49","121","4","Where did Sam and his mate plan to try kayaking?","Lake Tahoe","Lake Tahoe","Lake Tahoe","100","100","0","2023","2043","54678","53060","stop"
"conv-49:122","conv-49","122","4","What digestive issue did Sam experience lately?","Gastritis","unknown","gastritis","0","100","100","2019","2036","54678","53060","stop"
"conv-49:123","conv-49","123","4","What adventurous theme is emerging in Evan's life as mentioned by Sam?","helping lost tourists","interesting hikes","interesting hikes","0","0","0","1955","2047","54678","53060","stop"
"conv-49:124","conv-49","124","4","What does Evan mention about his progress at the gym to Sam?","gaining strength","Gaining strength","Gaining strength","100","100","0","2005","2030","54678","53060","stop"
"conv-49:125","conv-49","125","4","How did Evan start his transformation journey two years ago?","Changed his diet and started walking regularly","Changed his diet, started walking regularly","diet and lifestyle changes","100","44.44444444444444","-55.55555555555556","2016","2047","54678","53060","stop"
"conv-49:126","conv-49","126","4","What gift did Evan receive from a close friend?","1968 Kustom K-200A vintage guitar","1968 Kustom K-200A vintage guitar","1968 Kustom K-200A vintage guitar","100","100","0","2032","2029","54678","53060","stop"
"conv-49:127","conv-49","127","4","Why had Evan been going through a tough time lately?","Lost their job due to downsizing","His son had an accident last Tuesday where he fell off his bike.","lost his job October 2023","0","36.36363636363637","36.36363636363637","1943","2046","54678","53060","stop"
"conv-49:128","conv-49","128","4","How does Evan describe the island he grew up on?","A happy place","his happy place","his happy place","80","80","0","2039","2043","54678","53060","stop"
"conv-49:129","conv-49","129","4","What was the main reason for Evan's frustration with his new Prius breaking down?","He relied on it for his active lifestyle and road trips","reliance on it for his active lifestyle and road trips","reliance on it for his active lifestyle and road trips","84.21052631578947","84.21052631578947","0","2020","2048","54678","53060","stop"
"conv-49:130","conv-49","130","4","How did Sam suggest Evan view the setback with his broken Prius?","As a chance to explore other ways of staying active and traveling","as a new opportunity","as a stressor","15.384615384615385","16.666666666666664","1.2820512820512802","2038","2047","54678","53060","stop"
"conv-49:131","conv-49","131","4","What did Sam suggest Evan try for stress relief and flexibility?","Yoga","yoga","yoga","100","100","0","1938","2040","54678","53060","stop"
"conv-49:132","conv-49","132","4","What did Sam offer Evan regarding yoga?","Support and tips","yoga tips","yoga tips","50","50","0","2003","2029","54678","53060","stop"
"conv-49:133","conv-49","133","4","What news did Evan share with Sam on 9th December 2023?","partner is pregnant","Evan's partner is pregnant","His partner is pregnant","85.71428571428571","85.71428571428571","0","2031","2047","54678","53060","stop"
"conv-49:134","conv-49","134","4","What family event is Evan planning for next summer?","big family reunion","family reunion","family reunion","80","80","0","1941","2048","54678","53060","stop"
"conv-49:135","conv-49","135","4","What is the motto of Evan's family?","'Bring it on Home'","Bring it on Home","Bring it on Home","100","100","0","2007","2047","54678","53060","stop"
"conv-49:136","conv-49","136","4","According to Evan, what is important for Sam to believe in concerning his weight?","Your worth is not defined by your weight","your worth is not defined by your weight","your worth","100","40","-60","1961","2032","54678","53060","stop"
"conv-49:137","conv-49","137","4","Who helped Evan get the painting published in the exhibition?","a close friend","Evan's close friend","A close friend of Evan","80","66.66666666666666","-13.333333333333341","2022","2037","54678","53060","stop"
"conv-49:138","conv-49","138","4","What did Sam recently start enjoying to clear his head?","running in the mornings","running in the mornings","running in the mornings","100","100","0","2021","2048","54678","53060","stop"
"conv-49:139","conv-49","139","4","What did Sam suggest Evan should do with his keys?","put a GPS sensor on them","put a GPS sensor on them","put a GPS sensor on his keys","100","72.72727272727273","-27.27272727272727","2036","2038","54678","53060","stop"
"conv-49:140","conv-49","140","4","How did Evan feel when he painted the piece with the bird flying over it?","a sense of joy and freedom","joy and freedom","joy and freedom","66.66666666666666","66.66666666666666","0","1966","2045","54678","53060","stop"
"conv-49:141","conv-49","141","4","What did Evan suggest Sam should keep doing to find his own version of love?","Keep trying new things","Keep trying new things","Keep trying new things","100","100","0","1965","2047","54678","53060","stop"
"conv-49:142","conv-49","142","4","How did Evan describe the process of creating the painting with the bird flying over it?","embracing the creative process without restraint","with a sense of joy and freedom","with a sense of joy and freedom","0","0","0","1952","2042","54678","53060","stop"
"conv-49:143","conv-49","143","4","What did Evan want to share with his work friends?","getting married","getting married","his marriage","100","0","-100","2043","2046","54678","53060","stop"
"conv-49:144","conv-49","144","4","What did Evan share with Sam after their hiking trip?","a photo of a man standing on a rock looking out over a valley","a minor scrape on the car","unknown","14.285714285714285","0","-14.285714285714285","1953","2041","54678","53060","stop"
"conv-49:145","conv-49","145","4","What did Evan offer to share with Sam after talking about healthy snacks?","the recipes for cookies","recipes for cookies","cookies","100","50","-50","2034","2033","54678","53060","stop"
"conv-49:146","conv-49","146","4","What did Evan and his partner share with their extended family on January 5, 2024?","their marriage","their marriage","his marriage","100","50","-50","2006","2028","54678","53060","stop"
"conv-49:147","conv-49","147","4","What was Evan limiting himself to on his new diet?","just two ginger snaps a day","unknown","two ginger snaps a day","0","88.88888888888889","88.88888888888889","1988","2044","54678","53060","stop"
"conv-49:148","conv-49","148","4","What sports activity did Evan and his partner try in a recent weekend?","Snowshoeing","skiing","snowshoeing","0","100","100","2048","2032","54678","53060","stop"
"conv-49:149","conv-49","149","4","What advice did Evan suggest Sam seek from a doctor?","diet plan and low-impact exercises","balanced diet plan and low-impact exercises","balanced diet plan, low-impact exercises","88.88888888888889","88.88888888888889","0","2032","2038","54678","53060","stop"
"conv-49:150","conv-49","150","4","What suggestions did Evan give for low-impact exercises?","swimming, yoga, walking","swimming, yoga, and walking","swimming, yoga, walking","100","100","0","2026","2026","54678","53060","stop"
"conv-49:151","conv-49","151","4","What movie did Sam watch that motivated him to keep up with his routine?","The Godfather","The Godfather","The Godfather","100","100","0","2013","2040","54678","53060","stop"
"conv-49:152","conv-49","152","4","What activity helped Evan with stress and flexibility?","Yoga","yoga","yoga","100","100","0","1966","2045","54678","53060","stop"
"conv-49:153","conv-49","153","4","What did Evan share a photo of that was taken on a camping trip?","a kayak","a kayak","a kayak","100","100","0","2004","2047","54678","53060","stop"
"conv-49:154","conv-49","154","4","Why did Evan apologize to his partner?","for a drunken night","for a drunken night that he found embarrassing","for a drunken night that he found embarrassing","60","60","0","1990","2045","54678","53060","stop"
"conv-49:155","conv-49","155","4","How does Evan describe being out on the water while kayaking and watching the sunset?","peaceful","peaceful","peaceful","100","100","0","2003","2047","54678","53060","stop"
"conv-50:0","conv-50","0","2","When did Calvin first travel to Tokyo?","between 26 March and 20 April 2023","unknown","22 September 2023","0","22.22222222222222","22.22222222222222","1952","2032","65851","64026","stop"
"conv-50:1","conv-50","1","1","What items did Calvin buy in March 2023?","mansion in Japan, luxury car Ferrari 488 GTB","red sports car","red sports car","12.5","12.5","0","2009","2046","65851","64026","stop"
"conv-50:2","conv-50","2","2","When did Dave see Aerosmith perform live?","on the weekend before March 26, 2023","Last weekend (before 26 March 2023)","26 March 2023","83.33333333333334","66.66666666666666","-16.666666666666675","2018","2048","65851","64026","stop"
"conv-50:3","conv-50","3","1","Which bands has Dave enjoyed listening to?","Aerosmith, The Fireworks","Aerosmith, classic rock","Aerosmith","50","50","0","1982","2044","65851","64026","stop"
"conv-50:4","conv-50","4","3","Which country do Calvin and Dave want to meet in?","United States","Boston","Boston","0","0","0","1972","2044","65851","64026","stop"
"conv-50:5","conv-50","5","1","What are Dave's dreams?","open a car maintenance shop, work on classic cars, build a custom car from scratch","Opening a shop, working on classic cars","open a shop, work on classic cars","62.96296296296296","62.96296296296296","0","2042","2036","65851","64026","stop"
"conv-50:6","conv-50","6","1","Which types of cars does Dave like the most?","classic vintage cars","classic cars","classic cars","80","80","0","1964","2042","65851","64026","stop"
"conv-50:7","conv-50","7","3","Does Dave's shop employ a lot of people?","Yes","unknown","unknown","0","0","0","2022","2036","65851","64026","stop"
"conv-50:8","conv-50","8","2","When did Dave start his car maintenance shop?","May 1, 2023","1 May 2023","May 2023","100","80","-19.999999999999996","1923","2046","65851","64026","stop"
"conv-50:9","conv-50","9","2","When did a mishap occur with Calvin's musical gear and favorite mic?","On a week before 16 May, 2023","May 2023 (the preceding week)","May 2023 (the preceding week)","60","60","0","1992","2039","65851","64026","stop"
"conv-50:10","conv-50","10","2","When did Calvin's place get flooded in Tokyo?","On a week before 16 May, 2023","unknown","unknown","0","0","0","2003","2028","65851","64026","stop"
"conv-50:11","conv-50","11","1","What mishaps has Calvin run into?","flooding of his mansion, car accident","unknown","car accident","0","50","50","1975","2043","65851","64026","stop"
"conv-50:12","conv-50","12","2","When was Calvin's concert in Tokyo?","last week of May 2023","14 August 2023","14 August 2023","25","25","0","1997","2035","65851","64026","stop"
"conv-50:13","conv-50","13","3","Would Calvin enjoy performing at the Hollywood Bowl?","Yes; because he enjoys the rush of performing onstage to large crowds","unknown","unknown","0","0","0","2003","2042","65851","64026","stop"
"conv-50:14","conv-50","14","2","When did Calvin meet with the creative team for his new album?","8 June, 2023","8 June 2023","8 June 2023","100","100","0","1993","2045","65851","64026","stop"
"conv-50:15","conv-50","15","1","Why does Dave regularly visit parks?","because it relaxes and calms him","To recharge for the entire upcoming week","To recharge","0","0","0","2018","2048","65851","64026","stop"
"conv-50:16","conv-50","16","2","When did Dave take a trip to mountainous regions?","July 2023","unknown","unknown","0","0","0","1924","2047","65851","64026","stop"
"conv-50:17","conv-50","17","2","When did Calvin have a car incident?","on the Friday before 21 June, 2023","last Friday","21 June 2023","25","66.66666666666666","41.666666666666664","2039","2045","65851","64026","stop"
"conv-50:18","conv-50","18","1","How many times has Calvin had to deal with insurance paperwork?","two times","2","1","0","0","0","1996","2048","65851","64026","stop"
"conv-50:19","conv-50","19","1","Which places or events has Calvin visited in Tokyo?","music festival, car museum, Shibuya crossing, Shinjuku","Tokyo concert, Shibuya Crossing, Shinjuku, music festival","Tokyo music festival, Tokyo concert, Shibuya Crossing, Shinjuku","75","70","-5.000000000000004","2035","2038","65851","64026","stop"
"conv-50:20","conv-50","20","1","Who inspired Dave's passion for car engineering?","His Dad","an old car in a neighbor's garage","Dave's dad","0","50","50","1998","2048","65851","64026","stop"
"conv-50:21","conv-50","21","3","Does Calvin wish to become more popular?","Yes; he want's to grow his fanbase","Yes","Yes","100","100","0","2013","2041","65851","64026","stop"
"conv-50:22","conv-50","22","1","Does Calvin want to expand his brand?","yes","Yes","Yes","100","100","0","2037","2046","65851","64026","stop"
"conv-50:23","conv-50","23","1","What is Dave's main passion?","auto engineering","working on cars","cars","0","0","0","1996","2037","65851","64026","stop"
"conv-50:24","conv-50","24","1","Can Dave work with engines?","yes","Yes","Yes","100","100","0","1987","2039","65851","64026","stop"
"conv-50:25","conv-50","25","2","When did Dave host a card-playing night with his friends?","on the Friday before 22 August, 2023","Last Friday (21 August 2023)","21 August 2023","54.54545454545454","44.44444444444444","-10.1010101010101","1990","2036","65851","64026","stop"
"conv-50:26","conv-50","26","2","When did Calvin record a podcast with his friends?","21 August, 2023","21 August 2023","21 August 2023","100","100","0","1971","2029","65851","64026","stop"
"conv-50:27","conv-50","27","2","Which city was Calvin visiting in August 2023?","Miami","Miami","Boston","100","0","-100","1984","2043","65851","64026","stop"
"conv-50:28","conv-50","28","1","What does Calvin do to relax?","take long drives in his car, embrace nature, fixing cars","long drives, taking walks, exploring nature, fixing cars","long drives, working on cars, fixing cars, listening to vinyl, watching music videos, concerts, and documentaries","66.66666666666666","50","-16.666666666666664","2038","2048","65851","64026","stop"
"conv-50:29","conv-50","29","1","What are Dave's hobbies other than fixing cars?","take a walk, go hiking, listen to favorite albums, live concerts, photography","unknown","unknown","0","0","0","2036","2027","65851","64026","stop"
"conv-50:30","conv-50","30","1","What kind of music does Dave listen to?","classic rock, Japanese music","vinyl","classic rock, vinyl","0","50","50","1932","2035","65851","64026","stop"
"conv-50:31","conv-50","31","2","Where was Dave in the last two weeks of August 2023?","San Francisco","Unknown","Tokyo","0","0","0","1985","2045","65851","64026","stop"
"conv-50:32","conv-50","32","1","Where did Dave return from with new knowledge of different techniques of car restoration?","San Francisco","San Francisco","San Francisco","100","100","0","2033","2048","65851","64026","stop"
"conv-50:33","conv-50","33","1","What was Dave doing in San Francisco?","attending a car modification workshop","attended a car workshop","attending a car workshop","85.71428571428571","85.71428571428571","0","2035","2038","65851","64026","stop"
"conv-50:34","conv-50","34","2","When did Dave return from San Francisco?","September 1, 2023","Unknown","1 September 2023","0","100","100","1990","2030","65851","64026","stop"
"conv-50:35","conv-50","35","2","When did Calvin book flight tickets to Boston?","last week of August 2023","August 2023","August 2023","57.14285714285714","57.14285714285714","0","2040","2046","65851","64026","stop"
"conv-50:36","conv-50","36","2","When was Calvin's album released?","September 11, 2023","September 11, 2023","September 11, 2023","100","100","0","2035","2045","65851","64026","stop"
"conv-50:37","conv-50","37","3","Does Calvin love music tours?","yes","Yes","Yes","100","100","0","1943","2048","65851","64026","stop"
"conv-50:38","conv-50","38","2","When did Dave have a great jam session with his band?","September 14, 2023","14 September 2023","14 September 2023","100","100","0","2004","2035","65851","64026","stop"
"conv-50:39","conv-50","39","3","Would Dave prefer working on a Dodge Charger or a Subaru Forester?","Dodge Charger","unknown","unknown","0","0","0","1979","2037","65851","64026","stop"
"conv-50:40","conv-50","40","1","What was the artists Calvin used to listen to when he was a kid?","Tupac and Dr. Dre","Tupac and Dr. Dre","unknown","100","0","-100","1931","2046","65851","64026","stop"
"conv-50:41","conv-50","41","1","Which of their family member do Calvin and Dave have nostalgic memories about?","Dad","Dave's dad, Calvin's dad","Calvin's dad, Dave's dad","66.66666666666666","66.66666666666666","0","2043","2047","65851","64026","stop"
"conv-50:42","conv-50","42","3","Based on the conversation, did Calvin and Dave have a meeting in Boston between August and November 2023? Answer in yes or no.","No","no","no","100","100","0","2003","2040","65851","64026","stop"
"conv-50:43","conv-50","43","2","Which city was Calvin at on October 3, 2023?","Boston","Boston","Boston","100","100","0","1994","2047","65851","64026","stop"
"conv-50:44","conv-50","44","2","When did Calvin met with local artists in Boston?","October 3, 2023","3 October, 2023","3 October, 2023","100","100","0","2034","2045","65851","64026","stop"
"conv-50:45","conv-50","45","1","What shared activities do Dave and Calvin have?","Working on cars","jamming music, visiting a garage","jamming music, grabbing food, visiting each other","0","0","0","2031","2047","65851","64026","stop"
"conv-50:46","conv-50","46","1","What is Dave's favorite activity?","Restoring cars","Restoring cars","Restoring vintage cars","100","80","-19.999999999999996","1958","2046","65851","64026","stop"
"conv-50:47","conv-50","47","1","How many car shows has Dave attended?","two","2","unknown","0","0","0","1939","2040","65851","64026","stop"
"conv-50:48","conv-50","48","2","What was Dave doing in the first weekend of October 2023?","attending a car show","unknown","attended a car show","0","100","100","2007","2036","65851","64026","stop"
"conv-50:49","conv-50","49","1","When Dave was a child, what did he and his father do in the garage?","tinkering with car engines, restoration and refurbishing cars","tinkering with engines","restoring an old car","42.857142857142854","47.61904761904761","4.761904761904762","1976","2046","65851","64026","stop"
"conv-50:50","conv-50","50","2","When did Calvin buy his second Ferrari?","first week of October 2023","unknown","unknown","0","0","0","1960","2031","65851","64026","stop"
"conv-50:51","conv-50","51","2","When did Calvin and Frank Ocean start collaborating?","August 2022","August 2022","August 2022","100","100","0","2008","2047","65851","64026","stop"
"conv-50:52","conv-50","52","2","When did Calvin plan on travelling to Tokyo the second time?","November 2023","November 2023","19 October 2023","100","40","-60","1936","2038","65851","64026","stop"
"conv-50:53","conv-50","53","1","Who supports Calvin in tough times?","friends and team","Friends and team","Calvin's family, friends, old high school buddy, and young musicians from a music program","100","66.66666666666666","-33.333333333333336","1960","2047","65851","64026","stop"
"conv-50:54","conv-50","54","1","What does help Calvin stay connected to the creative process?","Calvin stays connected to the creative process by always staying up-to-date on world events and watching documentaries about artists.","Collaborating with others, learning from them, surrounding himself with positive energy and passion, watching music videos, concerts, and documentaries about artists and their creative process, and using a notebook.","This notebook","43.47826086956522","0","-43.47826086956522","2006","2025","65851","64026","stop"
"conv-50:55","conv-50","55","2","When did Calvin visit some of the sights in Boston with a former high school friend?","October 24, 2023","24 October 2023","24 October 2023","100","100","0","1945","2044","65851","64026","stop"
"conv-50:56","conv-50","56","1","Which cities did Dave travel to in 2023?","San Francsico, Detroit","Tokyo","Tokyo, Boston, San Francisco, Detroit","0","75","75","2037","2034","65851","64026","stop"
"conv-50:57","conv-50","57","2","Which hobby did Dave pick up in October 2023?","photography","working on cars","photography","0","100","100","1998","2042","65851","64026","stop"
"conv-50:58","conv-50","58","1","Which events in Dave's life inspired him to take up auto engineering?","attending a car show with Dad, working on an old car in a neighbor's garage when he was young, spent a summer restoring an old car with Dad","finding an old car in a neighbor's garage, his dad taking him to his first car show","Finding an old car in a neighbor's garage, attending his first car show with his dad, and growing up working on cars with his dad.","44.14996767937944","58.58220211161388","14.432234432234436","1965","2048","65851","64026","stop"
"conv-50:59","conv-50","59","1","How many Ferraris does Calvin own?","two","1","1","0","0","0","2031","2034","65851","64026","stop"
"conv-50:60","conv-50","60","1","What gifts has Calvin received from his artist friends?","gold chain, custom-made guitar with an octopus on it","A gold necklace with a diamond pendant","gold necklace with a diamond pendant, custom guitar with an octopus design","23.376623376623375","41.55844155844156","18.18181818181818","2028","2041","65851","64026","stop"
"conv-50:61","conv-50","61","2","How long did Dave's work on the Ford Mustang take?","nearly two months","unknown","unknown","0","0","0","2034","2031","65851","64026","stop"
"conv-50:62","conv-50","62","2","How long was the car modification workshop in San Francisco?","two weeks","unknown","unknown","0","0","0","2046","2046","65851","64026","stop"
"conv-50:63","conv-50","63","1","What style of guitars does Calvin own?","custom-made yellow guitar with an octopus on it, shiny purple guitar","unknown","custom","0","0","0","1953","2038","65851","64026","stop"
"conv-50:64","conv-50","64","1","What activities has Dave participated in with his friends?","weekly visits to local parks, countryside roadtrip, celebration of the opening of his car maintenance shop, card-playing nights","card-night, hanging out at parks, regular walks in the park, road trip","hanging out at parks, regular walks in the park, card-night","5.555555555555555","5.555555555555555","0","2000","2041","65851","64026","stop"
"conv-50:65","conv-50","65","2","When did Dave take a photo of a Boston clock tower?","September 2023","September 2023","September 2023","100","100","0","2013","2041","65851","64026","stop"
"conv-50:66","conv-50","66","1","Do all of Dave's car restoration projects go smoothly?","No","No","Unknown","100","0","-100","2022","2047","65851","64026","stop"
"conv-50:67","conv-50","67","2","Where was Calvin located in the last week of October 2023?","Tokyo","Japanese house","Boston","0","0","0","2030","2044","65851","64026","stop"
"conv-50:68","conv-50","68","2","When did Dave find the car he repaired and started sharing in his blog?","last week of October 2023","unknown","2 November 2023","0","25","25","1998","2035","65851","64026","stop"
"conv-50:69","conv-50","69","2","When did Dave buy a vintage camera?","November 2023","17 November 2023","17 November 2023","80","80","0","1933","2039","65851","64026","stop"
"conv-50:70","conv-50","70","2","When did Calvin attend a gala in Boston?","November 16, 2023","16 November 2023","16 November 2023","100","100","0","1924","2035","65851","64026","stop"
"conv-50:71","conv-50","71","4","How long did Calvin plan to stay in Japan?","A few months","a few months","a few months","100","100","0","1972","2039","65851","64026","stop"
"conv-50:72","conv-50","72","4","Which band was Dave's favorite at the music festival in April 2023?","Aerosmith","unknown","Aerosmith","0","100","100","1974","2043","65851","64026","stop"
"conv-50:73","conv-50","73","4","Where did Calvin attend a music festival in April 2023?","Tokyo","Tokyo","Tokyo","100","100","0","2038","2036","65851","64026","stop"
"conv-50:74","conv-50","74","4","What advice did Calvin receive from the producer at the music festival?","to stay true to himself and sound unique","Stay true to himself and sound unique","Stay true to himself and sound unique.","92.3076923076923","92.3076923076923","0","1994","2029","65851","64026","stop"
"conv-50:75","conv-50","75","4","What is Dave's new business venture as of 1 May, 2023?","Car maintenance shop","car maintenance shop","car maintenance shop","100","100","0","1964","2029","65851","64026","stop"
"conv-50:76","conv-50","76","4","What type of cars does Dave work on at his shop?","all kinds of cars, from regular maintenance to full restorations of classic cars","all kinds of cars, from regular maintenance to full restorations of classic cars","all kinds of cars, from regular maintenance to full restorations of classic cars","100","100","0","2045","2047","65851","64026","stop"
"conv-50:77","conv-50","77","4","What did Calvin receive as a gift from another artist?","a gold necklace with a diamond pendant","a gold necklace with a diamond pendant","a gold necklace with a diamond pendant","100","100","0","2003","2035","65851","64026","stop"
"conv-50:78","conv-50","78","4","What was the necklace Calvin received meant to remind him of?","why he keeps hustling as a musician","why he keeps hustling as a musician","why he keeps hustling as a musician","100","100","0","2032","2029","65851","64026","stop"
"conv-50:79","conv-50","79","4","What does Dave do when he feels his creativity is frozen?","immerse himself in something he loves","He immerses himself in concerts or favorite albums and takes a break from music to explore other things.","unknown","36.36363636363637","0","-36.36363636363637","1982","2033","65851","64026","stop"
"conv-50:80","conv-50","80","4","How does Calvin plan to jumpstart his inspiration?","explore other things and have some fun","watching music videos, concerts, and documentaries about artists","taking a break from music and exploring other things","0","46.15384615384615","46.15384615384615","2000","2036","65851","64026","stop"
"conv-50:81","conv-50","81","4","What did Calvin manage to save during the flood incident?","music gear and favorite microphone","music gear, favorite microphone","music gear, favorite microphone","100","100","0","2041","2046","65851","64026","stop"
"conv-50:82","conv-50","82","4","What did Dave open in May 2023?","a car shop","car shop","car shop","100","100","0","1930","2032","65851","64026","stop"
"conv-50:83","conv-50","83","4","What gives Dave a sense of achievement and purpose?","Fixing up things","Fixing things up","Fixing things up","100","100","0","2031","2041","65851","64026","stop"
"conv-50:84","conv-50","84","4","What fuels Calvin's soul?","Performing live","Performing live","Performing live","100","100","0","2034","2038","65851","64026","stop"
"conv-50:85","conv-50","85","4","What is Dave doing to relax on weekends?","exploring parks","taking walks","taking walks","0","0","0","1977","2036","65851","64026","stop"
"conv-50:86","conv-50","86","4","What sports activity is Calvin planning to try after the tour with Frank Ocean?","Skiing","skiing","skiing","100","100","0","2047","2045","65851","64026","stop"
"conv-50:87","conv-50","87","4","What was Calvin excited to do after getting his car fixed on 7 July, 2023?","get back on the road","cruising around","cruising around","0","0","0","1974","2045","65851","64026","stop"
"conv-50:88","conv-50","88","4","What did Calvin and his friends arrange for in the park?","regular walks together","regular walks","regular walks","80","80","0","2029","2038","65851","64026","stop"
"conv-50:89","conv-50","89","4","What kind of music has Calvin been creating lately?","experimenting with different genres","electronic elements","different genres, electronic elements","0","50","50","2024","2037","65851","64026","stop"
"conv-50:90","conv-50","90","4","How does Calvin describe his process of adding electronic elements to his songs?","gives them a fresh vibe","It's been an exciting process of self-discovery and growth.","It's been an exciting process of self-discovery and growth.","0","0","0","2011","2030","65851","64026","stop"
"conv-50:91","conv-50","91","4","What car brand does Calvin own that he is proud of?","Ferrari","Ferrari","Ferrari","100","100","0","2014","2047","65851","64026","stop"
"conv-50:92","conv-50","92","4","What is Calvin's biggest current goal?","expand his brand worldwide and grow his fanbase","expand his brand worldwide and grow his fanbase","expand my brand worldwide and grow my fanbase","100","71.42857142857143","-28.57142857142857","2019","2036","65851","64026","stop"
"conv-50:93","conv-50","93","4","What is Dave's advice to Calvin regarding his dreams?","to never forget his dreams","Stay focused and keep going.","Stay focused and keep going.","0","0","0","2028","2042","65851","64026","stop"
"conv-50:94","conv-50","94","4","What workshop did Dave get picked for on 11 August, 2023?","Car mod workshop","car mod workshop","car mod workshop","100","100","0","2040","2039","65851","64026","stop"
"conv-50:95","conv-50","95","4","What kind of modifications has Dave been working on in the car mod workshop?","engine swaps, suspension modifications, and body modifications","engine swaps, suspension modifications, body modifications","engine swaps, suspension modifications, body modifications","100","100","0","1947","2046","65851","64026","stop"
"conv-50:96","conv-50","96","4","What type of car did Dave work on during the workshop?","classic muscle car","classic muscle car","classic muscle car","100","100","0","1944","2046","65851","64026","stop"
"conv-50:97","conv-50","97","4","What does Dave say is important for making his custom cars unique?","attention to small details","unknown","small details","0","66.66666666666666","66.66666666666666","1981","2027","65851","64026","stop"
"conv-50:98","conv-50","98","4","How did the audience in Tokyo react when Calvin sang one of his songs?","Everyone was so into it and sang along","They sang along.","They sang along.","40","40","0","1993","2047","65851","64026","stop"
"conv-50:99","conv-50","99","4","How did Calvin meet Frank Ocean?","At a music festival in Tokyo","at a music festival in Tokyo","at a music festival in Tokyo","100","100","0","2021","2032","65851","64026","stop"
"conv-50:100","conv-50","100","4","Where did Calvin and Frank Ocean record a song together?","In the studio at Calvin's mansion","Calvin's mansion","Calvin's mansion","57.14285714285714","57.14285714285714","0","2028","2031","65851","64026","stop"
"conv-50:101","conv-50","101","4","What did Calvin and his friends record in August 2023?","a podcast discussing the rap industry","a podcast","a podcast","40","40","0","2017","2039","65851","64026","stop"
"conv-50:102","conv-50","102","4","Where did Calvin start shooting a video for his new album?","Miami","Miami","Miami","100","100","0","2042","2041","65851","64026","stop"
"conv-50:103","conv-50","103","4","What design is featured on Calvin's guitar?","octopus","octopus design","octopus design","66.66666666666666","66.66666666666666","0","2033","2048","65851","64026","stop"
"conv-50:104","conv-50","104","4","Why did Calvin get his guitar customized with a shiny finish?","unique look","to give it a unique look","to give it a unique look","57.14285714285714","57.14285714285714","0","2011","2029","65851","64026","stop"
"conv-50:105","conv-50","105","4","What color glow did Calvin customize his guitar with?","purple","purple","purple","100","100","0","1968","2048","65851","64026","stop"
"conv-50:106","conv-50","106","4","Where did Dave come back from with insights on car modification on 1st September 2023?","San Francisco","San Francisco","San Francisco","100","100","0","1936","2032","65851","64026","stop"
"conv-50:107","conv-50","107","4","What emotion does Dave mention feeling when he sees the relief of someone whose car he fixed?","Proud","proud","proud","100","100","0","1984","2030","65851","64026","stop"
"conv-50:108","conv-50","108","4","What did Calvin book a flight ticket for on 1st September 2023?","Boston","Boston","Boston","100","100","0","1973","2028","65851","64026","stop"
"conv-50:109","conv-50","109","4","What is Calvin excited about after the tour?","exploring and growing his brand","visiting the snowy mountain peak","exploring and growing his brand","0","100","100","2047","2047","65851","64026","stop"
"conv-50:110","conv-50","110","4","What plans do Calvin and Dave have for when Calvin visits Boston?","Check out Dave's garage and maybe get some ideas for future projects","Check out Dave's garage, grab food together, explore the city, try delicious food, and visit popular attractions.","Calvin plans to visit Dave's garage, grab food together, explore Boston, try delicious food, visit popular attractions, and Dave plans to catch one of Calvin's shows and cheer him on.","30.76923076923077","10.256410256410255","-20.512820512820515","2031","2041","65851","64026","stop"
"conv-50:111","conv-50","111","4","Which Disney movie did Dave mention as one of his favorites?","Ratatouille","Ratatouille","Ratatouille","100","100","0","2030","2042","65851","64026","stop"
"conv-50:112","conv-50","112","4","How does Dave feel about the reactions of people when they see the finished restoration project?","satisfying and worth the hard work","satisfied","satisfied","40","40","0","1959","2047","65851","64026","stop"
"conv-50:113","conv-50","113","4","What activity did Calvin enjoy during his summer drives?","feeling the wind blowing through his hair","singing along to music","singing along to music","0","0","0","2012","2041","65851","64026","stop"
"conv-50:114","conv-50","114","4","Which song from the childhood of Calvin brings back memories of a road trip with his dad?","""California Love""","California Love","California Love","100","100","0","1971","2042","65851","64026","stop"
"conv-50:115","conv-50","115","4","What project did Calvin work on to chill out?","A shiny orange car","working on a project to chill out","working on cars","0","33.33333333333333","33.33333333333333","2026","2042","65851","64026","stop"
"conv-50:116","conv-50","116","4","What car did Dave work on in the junkyard?","Ford Mustang","Ford Mustang","Ford Mustang","100","100","0","2042","2042","65851","64026","stop"
"conv-50:117","conv-50","117","4","What does Dave find satisfying about restoring old cars?","Transforming something old and beat-up into something beautiful","seeing people react positively to his restored car, bringing them back to life, and the sense of accomplishment","seeing the end result, knowing he did it together with his dad, bringing old cars back to life, and seeing people's reactions","0","7.4074074074074066","7.4074074074074066","2007","2034","65851","64026","stop"
"conv-50:118","conv-50","118","4","What do Calvin and Dave use to reach their goals?","Hard work and determination","hard work and determination","hard work and determination","100","100","0","2028","2042","65851","64026","stop"
"conv-50:119","conv-50","119","4","What does working on cars represent for Dave?","Therapy and a way to get away from everyday stress","an outlet to express himself, a little oasis of calm, a way to connect with himself, therapy, a way to get away from everyday stress, a passion, a job, a hobby, a sense of achievement and purpose","An outlet to express himself, a way to connect with himself, a personal oasis of calm, and a way to relax.","44.44444444444444","16.666666666666664","-27.77777777777778","1965","2035","65851","64026","stop"
"conv-50:120","conv-50","120","4","What does Dave aim to do with his passion for cars?","Take something broken and make it into something awesome","open a shop and work on classic cars","open a shop, work on classic cars, build a custom car, learn auto engineering","0","0","0","1961","2047","65851","64026","stop"
"conv-50:121","conv-50","121","4","What did Calvin recently get that is a ""masterpiece on wheels""?","Ferrari","a new black Ferrari","Ferrari","50","100","50","2045","2041","65851","64026","stop"
"conv-50:122","conv-50","122","4","Who headlined the music festival that Dave attended in October?","The Fireworks","The Fireworks","The Fireworks","100","100","0","1946","2035","65851","64026","stop"
"conv-50:123","conv-50","123","4","How does Calvin stay motivated when faced with setbacks?","Reminds himself of his passion for goals, gets help from others, and takes a break to recharge","He reminds himself why he's passionate about his goals, relies on helpful people around him, and takes a break to recharge with his favorite activities.","He reminds himself why he's passionate about his goals, relies on helpful people around him, and takes a break to recharge with his favorite activities.","52.63157894736842","52.63157894736842","0","1964","2048","65851","64026","stop"
"conv-50:124","conv-50","124","4","What activity does Dave find fulfilling, similar to Calvin's passion for music festivals?","fixing things","Restoring a vintage car","restoring vintage cars","0","0","0","2034","2042","65851","64026","stop"
"conv-50:125","conv-50","125","4","Where did Calvin and Dave meet Frank Ocean to start collaborating?","at a festival","Tokyo","Tokyo","0","0","0","2016","2034","65851","64026","stop"
"conv-50:126","conv-50","126","4","Which part of Tokyo is described as Tokyo's Times Square by Calvin?","Shibuya Crossing","Shibuya Crossing","Shibuya Crossing","100","100","0","1958","2027","65851","64026","stop"
"conv-50:127","conv-50","127","4","What specific location in Tokyo does Calvin mention being excited to explore?","Shinjuku","Shibuya Crossing, Shinjuku","Shibuya Crossing, Shinjuku","50","50","0","1987","2046","65851","64026","stop"
"conv-50:128","conv-50","128","4","What dish does Dave recommend Calvin to try in Tokyo?","ramen","ramen","ramen","100","100","0","1936","2048","65851","64026","stop"
"conv-50:129","conv-50","129","4","What does Calvin find energizing during the tour?","Performing and connecting with the crowd","performing and connecting with the crowd","Performing and connecting with the crowd","100","100","0","2046","2034","65851","64026","stop"
"conv-50:130","conv-50","130","4","How does Calvin balance his job and personal life?","Takes it one day at a time","I take it one day at a time","I take it one day at a time.","92.3076923076923","92.3076923076923","0","1984","2047","65851","64026","stop"
"conv-50:131","conv-50","131","4","What inspired Calvin's recent music?","Struggles that people go through","struggles that people go through","struggles that people go through","100","100","0","2035","2044","65851","64026","stop"
"conv-50:132","conv-50","132","4","How does Calvin describe his music in relation to capturing feelings?","Express himself and work through his emotions","A way for me to express myself and work through my emotions. It's like my own form of therapy.","It's a way for me to express myself and work through my emotions. It's like my own form of therapy.","34.78260869565217","33.33333333333333","-1.4492753623188415","2037","2048","65851","64026","stop"
"conv-50:133","conv-50","133","4","Why did Dave start working on cars?","Fascinated with how machines work","He found an old car in a neighbor's garage at age ten and enjoyed transforming it from broken-down to high-running.","He found an old car in a neighbor's garage at age ten and asked if he could fix it.","0","0","0","1958","2035","65851","64026","stop"
"conv-50:134","conv-50","134","4","What is the toughest part of car restoration according to Dave?","Paying extra attention to detail","patience","patience","0","0","0","2005","2029","65851","64026","stop"
"conv-50:135","conv-50","135","4","What does Calvin believe makes an artist create something extraordinary?","Paying attention to small details","Paying attention to small details","Paying attention to small details","100","100","0","2021","2032","65851","64026","stop"
"conv-50:136","conv-50","136","4","When did Dave sell the car he restored last year?","Last year","unknown","2022","0","0","0","2015","2041","65851","64026","stop"
"conv-50:137","conv-50","137","4","When did Calvin first get interested in cars?","at an early age","unknown","unknown","0","0","0","2000","2033","65851","64026","stop"
"conv-50:138","conv-50","138","4","How did Calvin feel about performing with someone he admires?","Unreal, like a dream come true","It was unreal, a dream come true","It was unreal, a dream come true.","72.72727272727273","72.72727272727273","0","2045","2047","65851","64026","stop"
"conv-50:139","conv-50","139","4","What realization did the nightclub experience bring to Calvin?","how much music means to him, it's like his passion and purpose","Music is his passion and his purpose.","it made me realize how much music means to me, it's like my passion and my purpose","47.05882352941176","66.66666666666666","19.6078431372549","2039","2034","65851","64026","stop"
"conv-50:140","conv-50","140","4","What do Dave and Calvin agree on regarding their pursuits?","It's fulfilling and motivating","hard work and determination","hard work and determination","0","0","0","2035","2043","65851","64026","stop"
"conv-50:141","conv-50","141","4","Which city is featured in the photograph Dave showed Calvin?","Boston","Boston","Boston","100","100","0","1943","2045","65851","64026","stop"
"conv-50:142","conv-50","142","4","What did Calvin do recently at his Japanese house?","Threw a small party for his new album","threw a small party for his new album","threw a small party","100","60","-40","2036","2043","65851","64026","stop"
"conv-50:143","conv-50","143","4","What did Dave recently start a blog about?","Car mods","car mods","car mods","100","100","0","2027","2027","65851","64026","stop"
"conv-50:144","conv-50","144","4","What is Dave's way to share his passion with others?","Through a blog on car mods","a blog on car mods","a blog on car mods","88.88888888888889","88.88888888888889","0","2029","2038","65851","64026","stop"
"conv-50:145","conv-50","145","4","What type of videos does Calvin usually watch on his television?","Music videos, concerts, documentaries about artists and their creative process","music videos, concerts, and documentaries about artists","music videos, concerts, and documentaries about artists","80","80","0","2048","2042","65851","64026","stop"
"conv-50:146","conv-50","146","4","What type of music has Dave been getting into lately?","Classic rock","classic rock","classic rock","100","100","0","2038","2046","65851","64026","stop"
"conv-50:147","conv-50","147","4","What tools does Calvin use to boost his motivation for music?","Writing lyrics and notes","Collaborating with others, learning from them, surrounding himself with positive energy and passion, watching music videos, concerts, and documentaries about artists and their creative process, and using a notebook.","notebook, vinyl","0","0","0","2004","2034","65851","64026","stop"
"conv-50:148","conv-50","148","4","What type of content does Dave post on his blog that inspired others to start their own DIY projects?","How he made his car look like a beast","how I made this car look like a beast","how he made a blue Subaru look like a beast","75","75","0","1977","2047","65851","64026","stop"
"conv-50:149","conv-50","149","4","What kind of impact does Dave's blog on car mods have on people?","It inspires others to start their DIY projects","Inspires others to start their own DIY projects","Inspires others to start their own DIY projects","87.5","87.5","0","1929","2031","65851","64026","stop"
"conv-50:150","conv-50","150","4","Who did Calvin invite to see him perform in Boston on 13 November, 2023?","his old high school buddy","Dave","his old high school buddy","0","100","100","1978","2043","65851","64026","stop"
"conv-50:151","conv-50","151","4","What hobby did Calvin take up recently?","Photography","Working on a project to chill out","unknown","0","0","0","2045","2044","65851","64026","stop"
"conv-50:152","conv-50","152","4","What new item did Dave buy recently?","A vintage camera","unknown","vintage camera","0","100","100","2007","2033","65851","64026","stop"
"conv-50:153","conv-50","153","4","What type of photos does Dave like to capture with his new camera?","Nature - sunsets, beaches, waves","sunsets, beaches, waves","sunsets, beaches, waves","85.71428571428571","85.71428571428571","0","1955","2048","65851","64026","stop"
"conv-50:154","conv-50","154","4","What event did Calvin attend in Boston?","Fancy gala","perform","fancy gala","0","100","100","1976","2038","65851","64026","stop"
"conv-50:155","conv-50","155","4","What did Calvin discuss with the cool artist he met at the gala?","Music and art","music, art, and how they connect people","music, art, and how they connect people","50","50","0","2014","2030","65851","64026","stop"
"conv-50:156","conv-50","156","4","Where did Dave take a stunning photo of a waterfall?","Nearby park","nearby park","a nearby park","100","100","0","1999","2048","65851","64026","stop"
"conv-50:157","conv-50","157","4","What positive impact does Calvin mention nature has on tough times?","Nature helps us appreciate life","It helps us appreciate life when it's tough.","It helps us appreciate life when it's tough.","61.53846153846154","61.53846153846154","0","1990","2031","65851","64026","stop"
